{
  "domain": "zn_ion",
  "task": "soh_traj",
  "model": "transformer",
  "splits": [
    {
      "mae": 0.08465948461715837,
      "mse": 0.014275391163499414,
      "rmse": 0.11947966841056856,
      "mape": 0.10790731256580209
    },
    {
      "mae": 0.09025996924459401,
      "mse": 0.015358425253569927,
      "rmse": 0.12392911382548463,
      "mape": 0.11580967804275187
    },
    {
      "mae": 0.10090481650746835,
      "mse": 0.01878574661190198,
      "rmse": 0.13706110539428018,
      "mape": 0.14885463944505528
    }
  ],
  "mean": {
    "mae": 0.09194142345640692,
    "mse": 0.01613985434299044,
    "rmse": 0.1268232958767778,
    "mape": 0.1241905433512031
  },
  "std": {
    "mae": 0.006737861592345063,
    "mse": 0.0019224637203474272,
    "rmse": 0.007463642940395629,
    "mape": 0.017736028719866678
  }
}