{
  "domain": "zn_ion",
  "task": "soh_traj",
  "model": "transformer",
  "splits": [
    {
      "mae": 0.03525061235774605,
      "mse": 0.0023777413641583546,
      "rmse": 0.04876208941542963,
      "mape": 0.03814321203222932
    },
    {
      "mae": 0.03388910323939335,
      "mse": 0.0022011156040448805,
      "rmse": 0.04691604847005852,
      "mape": 0.03673135074872058
    },
    {
      "mae": 0.030411953479299467,
      "mse": 0.002013166000227675,
      "rmse": 0.04486831844662417,
      "mape": 0.03338739645213249
    }
  ],
  "mean": {
    "mae": 0.033183889692146286,
    "mse": 0.0021973409894769703,
    "rmse": 0.04684881877737077,
    "mape": 0.036087319744360795
  },
  "std": {
    "mae": 0.002037342966694296,
    "mse": 0.00014886119884565644,
    "rmse": 0.0015903360154512869,
    "mape": 0.001994246291861571
  }
}