{
  "domain": "zn_ion",
  "task": "soh_traj",
  "model": "transformer",
  "splits": [
    {
      "mae": 0.09012904544553837,
      "mse": 0.016152092923367674,
      "rmse": 0.12709088450147663,
      "mape": 0.11615073509162999
    },
    {
      "mae": 0.0905228529359074,
      "mse": 0.015246416740314307,
      "rmse": 0.12347638130555295,
      "mape": 0.11834587480825472
    },
    {
      "mae": 0.10190919945689268,
      "mse": 0.018971919289211183,
      "rmse": 0.13773859041391118,
      "mape": 0.15047543181894654
    }
  ],
  "mean": {
    "mae": 0.09418703261277948,
    "mse": 0.01679014298429772,
    "rmse": 0.12943528540698027,
    "mape": 0.1283240139062771
  },
  "std": {
    "mae": 0.005462762833408786,
    "mse": 0.0015864369344853492,
    "rmse": 0.006053914098439605,
    "mape": 0.015689033245129668
  }
}