{
  "domain": "zn_ion",
  "task": "soh_traj",
  "model": "transformer",
  "splits": [
    {
      "mae": 0.03877144734653697,
      "mse": 0.00309061018886028,
      "rmse": 0.05559325668514375,
      "mape": 0.04238133450182065
    },
    {
      "mae": 0.03169340685813983,
      "mse": 0.0019828796088620314,
      "rmse": 0.04452953636477738,
      "mape": 0.034506679899643136
    },
    {
      "mae": 0.03092155919748768,
      "mse": 0.0019471251620540992,
      "rmse": 0.044126241195620766,
      "mape": 0.03364006035313497
    }
  ],
  "mean": {
    "mae": 0.03379547113405482,
    "mse": 0.002340204986592137,
    "rmse": 0.04808301141518064,
    "mape": 0.03684269158486625
  },
  "std": {
    "mae": 0.003532628072998408,
    "mse": 0.0005308173388338371,
    "rmse": 0.005313097010195264,
    "mape": 0.003932359883559686
  }
}