{
  "domain": "zn_ion",
  "task": "soh_point",
  "model": "severson",
  "splits": [
    {
      "mae": 0.021414570809154567,
      "mse": 0.001053058952123247,
      "rmse": 0.03245086982074975,
      "mape": 0.02724121232469219
    },
    {
      "mae": 0.017429230990008385,
      "mse": 0.000495748383237754,
      "rmse": 0.022265407771647795,
      "mape": 0.0235569043758521
    },
    {
      "mae": 0.024843106589378584,
      "mse": 0.0012751739178141301,
      "rmse": 0.03570957739618505,
      "mape": 0.03203490558294942
    }
  ],
  "mean": {
    "mae": 0.02122896946284718,
    "mse": 0.0009413270843917102,
    "rmse": 0.030141951662860867,
    "mape": 0.027611007427831236
  },
  "std": {
    "mae": 0.003029546032609236,
    "mse": 0.0003278607922960603,
    "rmse": 0.005726240856396937,
    "mape": 0.0034709928868279292
  }
}