{
  "domain": "zn_ion",
  "task": "soh_point",
  "model": "severson",
  "splits": [
    {
      "mae": 0.011062021322072004,
      "mse": 0.0002933038128469597,
      "rmse": 0.0171261149373394,
      "mape": 0.011657375156934493
    },
    {
      "mae": 0.015953738635815288,
      "mse": 0.0005602365116621725,
      "rmse": 0.023669315825814916,
      "mape": 0.016442658210114116
    },
    {
      "mae": 0.015265557292870041,
      "mse": 0.0005247098554504926,
      "rmse": 0.022906546126609587,
      "mape": 0.016281113399992837
    }
  ],
  "mean": {
    "mae": 0.01409377241691911,
    "mse": 0.0004594167266532082,
    "rmse": 0.021233992296587966,
    "mape": 0.014793715589013816
  },
  "std": {
    "mae": 0.002162103052743548,
    "mse": 0.00011835162560578357,
    "rmse": 0.002921352050275887,
    "mape": 0.002218707981512501
  }
}