{
  "domain": "zn_ion",
  "task": "soh_point",
  "model": "severson",
  "splits": [
    {
      "mae": 0.03454383539233631,
      "mse": 0.012637118611174912,
      "rmse": 0.11241493944834428,
      "mape": 0.03514548894865364
    },
    {
      "mae": 0.017900640391596927,
      "mse": 0.0005640293322308598,
      "rmse": 0.023749301720910866,
      "mape": 0.018972653849624873
    },
    {
      "mae": 0.018034173138878572,
      "mse": 0.0012885687603685855,
      "rmse": 0.03589663995931354,
      "mape": 0.019244134657861584
    }
  ],
  "mean": {
    "mae": 0.023492882974270605,
    "mse": 0.004829905567924786,
    "rmse": 0.05735362704285624,
    "mape": 0.024454092485380028
  },
  "std": {
    "mae": 0.007814393546885703,
    "mse": 0.005528451921514902,
    "rmse": 0.03924878384044194,
    "mape": 0.00756077131023393
  }
}