{
  "domain": "zn_ion",
  "task": "soh_point",
  "model": "severson",
  "splits": [
    {
      "mae": 0.006300537249576757,
      "mse": 0.00014040639263857374,
      "rmse": 0.011849320345006027,
      "mape": 0.006890250514375766
    },
    {
      "mae": 0.008657621790821335,
      "mse": 0.00025249187224462986,
      "rmse": 0.015889992833372515,
      "mape": 0.009767259290493165
    },
    {
      "mae": 0.009365008142595693,
      "mse": 0.000198585582287156,
      "rmse": 0.014092039678029437,
      "mape": 0.010205598319038193
    }
  ],
  "mean": {
    "mae": 0.008107722394331262,
    "mse": 0.0001971612823901199,
    "rmse": 0.013943784285469328,
    "mape": 0.008954369374635708
  },
  "std": {
    "mae": 0.0013100985899886005,
    "mse": 4.5769787395015856e-05,
    "rmse": 0.001652925343268276,
    "mape": 0.0014704818434665221
  }
}