{
  "domain": "zn_ion",
  "task": "soh_point",
  "model": "severson",
  "splits": [
    {
      "mae": 0.042195278362738675,
      "mse": 0.02744964956643428,
      "rmse": 0.16567935769562328,
      "mape": 0.04306343947530746
    },
    {
      "mae": 0.010554110748134088,
      "mse": 0.00040649336180980587,
      "rmse": 0.020161680530397408,
      "mape": 0.012144320710209875
    },
    {
      "mae": 0.009960773471667761,
      "mse": 0.00029296897837730225,
      "rmse": 0.017116336593363143,
      "mape": 0.011309787663194619
    }
  ],
  "mean": {
    "mae": 0.02090338752751351,
    "mse": 0.00938303730220713,
    "rmse": 0.06765245827312795,
    "mape": 0.02217251594957065
  },
  "std": {
    "mae": 0.01505758886819246,
    "mse": 0.012775108113719968,
    "rmse": 0.06932663407240981,
    "mape": 0.01477604199755532
  }
}