{
  "domain": "calb",
  "task": "soh_traj",
  "model": "bilstm",
  "splits": [
    {
      "mae": 0.0053334203013316525,
      "mse": 7.56963506505578e-05,
      "rmse": 0.008700364972261669,
      "mape": 0.005546467603468155
    },
    {
      "mae": 0.007013954054651047,
      "mse": 0.0001096702966600651,
      "rmse": 0.01047235869611355,
      "mape": 0.007244934756249859
    },
    {
      "mae": 0.005556531751423324,
      "mse": 7.649593108570029e-05,
      "rmse": 0.008746195234826415,
      "mape": 0.0058229367397331306
    }
  ],
  "mean": {
    "mae": 0.005967968702468674,
    "mse": 8.728752613210774e-05,
    "rmse": 0.009306306301067211,
    "mape": 0.006204779699817049
  },
  "std": {
    "mae": 0.0007452107968110158,
    "mse": 1.5830374697575616e-05,
    "rmse": 0.0008247358139576839,
    "mape": 0.0007441105213133478
  }
}