{
  "domain": "calb",
  "task": "soh_traj",
  "model": "bilstm",
  "splits": [
    {
      "mae": 0.008809811057466449,
      "mse": 0.0001223638364460871,
      "rmse": 0.011061818857949495,
      "mape": 0.008809811057466449
    },
    {
      "mae": 0.008261269029944835,
      "mse": 0.00010472705150080819,
      "rmse": 0.01023362357627093,
      "mape": 0.00826158504803782
    },
    {
      "mae": 0.007682010621735544,
      "mse": 9.306489123380196e-05,
      "rmse": 0.009647014628049547,
      "mape": 0.00768237044113468
    }
  ],
  "mean": {
    "mae": 0.008251030236382276,
    "mse": 0.00010671859306023242,
    "rmse": 0.010314152354089992,
    "mape": 0.008251255515546315
  },
  "std": {
    "mae": 0.0004604795184579639,
    "mse": 1.2043856690592843e-05,
    "rmse": 0.0005803914858544306,
    "mape": 0.0004603336545519707
  }
}