{
  "domain": "calb",
  "task": "soh_traj",
  "model": "bilstm",
  "splits": [
    {
      "mae": 0.06529356807169288,
      "mse": 0.005036996324090762,
      "rmse": 0.07097179949874995,
      "mape": 0.06529356807169288
    },
    {
      "mae": 0.0662950438682479,
      "mse": 0.006520578000493477,
      "rmse": 0.08075009597823074,
      "mape": 0.06630023122515458
    },
    {
      "mae": 0.0295686231719123,
      "mse": 0.0013506473897854782,
      "rmse": 0.03675115494491946,
      "mape": 0.0295719893467713
    }
  ],
  "mean": {
    "mae": 0.0537190783706177,
    "mse": 0.004302740571456572,
    "rmse": 0.06282435014063338,
    "mape": 0.053721929547872915
  },
  "std": {
    "mae": 0.017081844224620064,
    "mse": 0.002173536942802552,
    "rmse": 0.01886376422837369,
    "mape": 0.017081530990394715
  }
}