{
  "domain": "calb",
  "task": "soh_traj",
  "model": "bilstm",
  "splits": [
    {
      "mae": 0.005254056584648035,
      "mse": 5.4365023202799754e-05,
      "rmse": 0.007373264080636184,
      "mape": 0.005534934198541776
    },
    {
      "mae": 0.005405035146698079,
      "mse": 8.314310311325715e-05,
      "rmse": 0.009118284000471643,
      "mape": 0.00562307999442278
    },
    {
      "mae": 0.004741457340830392,
      "mse": 6.960933667679953e-05,
      "rmse": 0.00834322100131595,
      "mape": 0.004916008058264118
    }
  ],
  "mean": {
    "mae": 0.005133516357392169,
    "mse": 6.903915433095215e-05,
    "rmse": 0.008278256360807925,
    "mape": 0.005358007417076225
  },
  "std": {
    "mae": 0.00028399687310510466,
    "mse": 1.1755517903345217e-05,
    "rmse": 0.0007138809114237892,
    "mape": 0.0003146055681066998
  }
}