{
  "domain": "calb",
  "task": "rul",
  "model": "severson",
  "splits": [
    {
      "mae": 527.1312745591607,
      "mse": 409243.5076114864,
      "rmse": 639.7214296953686,
      "mape": 0.41046668448572066,
      "acc15": 0.0
    },
    {
      "mae": 322.7968374415855,
      "mse": 151722.9800865317,
      "rmse": 389.516341231702,
      "mape": 0.2686933620529958,
      "acc15": 0.15725806451612903
    },
    {
      "mae": 764.0799673225,
      "mse": 1230025.4549270289,
      "rmse": 1109.0651265489457,
      "mape": 0.5804454340018658,
      "acc15": 0.0
    }
  ],
  "mean": {
    "mae": 538.0026931077488,
    "mse": 596997.314208349,
    "rmse": 712.7676324920054,
    "mape": 0.41986849351352734,
    "acc15": 0.05241935483870968
  },
  "std": {
    "mae": 180.3170189514714,
    "mse": 459798.99646874267,
    "rmse": 298.2609868556237,
    "mape": 0.12744576389154685,
    "acc15": 0.07413216254375095
  }
}