{
  "domain": "calb",
  "task": "rul",
  "model": "severson",
  "splits": [
    {
      "mae": 2.05606714854695,
      "mse": 15.713558221966773,
      "rmse": 3.9640330752866797,
      "mape": 0.029798074616622466,
      "acc15": 1.0
    },
    {
      "mae": 3.6987012458734343,
      "mse": 13.925686288191367,
      "rmse": 3.7317135860340844,
      "mape": 0.053604365882223684,
      "acc15": 1.0
    },
    {
      "mae": 3.588235294117652,
      "mse": 12.875432525951592,
      "rmse": 3.588235294117652,
      "mape": 0.05200341005967611,
      "acc15": 1.0
    }
  ],
  "mean": {
    "mae": 3.1143345628460124,
    "mse": 14.171559012036576,
    "rmse": 3.761327318479472,
    "mape": 0.04513528351950743,
    "acc15": 1.0
  },
  "std": {
    "mae": 0.7496657574100363,
    "mse": 1.1716311745720756,
    "rmse": 0.15484125837967377,
    "mape": 0.01086472112188458,
    "acc15": 0.0
  }
}