{
  "domain": "calb",
  "task": "rul",
  "model": "severson",
  "splits": [
    {
      "mae": 2.0560666686578912,
      "mse": 15.713548899710895,
      "rmse": 3.964031899431549,
      "mape": 0.029798067661708567,
      "acc15": 1.0
    },
    {
      "mae": 3.6987012458646915,
      "mse": 13.92568629840149,
      "rmse": 3.7317135874021052,
      "mape": 0.05360436588209698,
      "acc15": 1.0
    },
    {
      "mae": 3.588235294117652,
      "mse": 12.875432525951592,
      "rmse": 3.588235294117652,
      "mape": 0.05200341005967611,
      "acc15": 1.0
    }
  ],
  "mean": {
    "mae": 3.1143344028800786,
    "mse": 14.171555908021327,
    "rmse": 3.761326926983769,
    "mape": 0.04513528120116056,
    "acc15": 1.0
  },
  "std": {
    "mae": 0.7496659832199342,
    "mse": 1.1716270841444167,
    "rmse": 0.15484074518086083,
    "mape": 0.010864724394491798,
    "acc15": 0.0
  }
}