{
  "domain": "na_ion",
  "task": "soh_traj",
  "model": "patchtst",
  "splits": [
    {
      "mae": 0.010595950789624277,
      "mse": 0.00016659932359850763,
      "rmse": 0.012907336038025338,
      "mape": 0.012669898913904654
    },
    {
      "mae": 0.010666865630241914,
      "mse": 0.00018440795562897974,
      "rmse": 0.013579689084400267,
      "mape": 0.012902217503353195
    },
    {
      "mae": 0.015539541671072497,
      "mse": 0.00036692524141503536,
      "rmse": 0.01915529277810797,
      "mape": 0.01843264753775795
    }
  ],
  "mean": {
    "mae": 0.012267452696979562,
    "mse": 0.00023931084021417423,
    "rmse": 0.015214105966844527,
    "mape": 0.014668254651671932
  },
  "std": {
    "mae": 0.0023138974220191597,
    "mse": 9.052941838279218e-05,
    "rmse": 0.002800324953250974,
    "mape": 0.002663516889673263
  }
}