{
  "domain": "na_ion",
  "task": "soh_traj",
  "model": "patchtst",
  "splits": [
    {
      "mae": 0.013819312311547233,
      "mse": 0.00035965337300342874,
      "rmse": 0.018964529337777637,
      "mape": 0.01648001277400601
    },
    {
      "mae": 0.016790985723247775,
      "mse": 0.0005919675859048381,
      "rmse": 0.02433038400652234,
      "mape": 0.0195820225631678
    },
    {
      "mae": 0.014620704775108052,
      "mse": 0.0005251036818030873,
      "rmse": 0.02291514088551688,
      "mape": 0.01713425641593475
    }
  ],
  "mean": {
    "mae": 0.015077000936634354,
    "mse": 0.0004922415469037848,
    "rmse": 0.02207001807660562,
    "mape": 0.017732097251036184
  },
  "std": {
    "mae": 0.0012553526348453418,
    "mse": 9.764702866824403e-05,
    "rmse": 0.002270649467021698,
    "mape": 0.0013350846243091318
  }
}