{
  "domain": "na_ion",
  "task": "soh_traj",
  "model": "patchtst",
  "splits": [
    {
      "mae": 0.043095319166343085,
      "mse": 0.0028296607637996857,
      "rmse": 0.0531945557721811,
      "mape": 0.051155149457278705
    },
    {
      "mae": 0.032622702034072935,
      "mse": 0.002645050664845086,
      "rmse": 0.05143005604551765,
      "mape": 0.03756205293388729
    },
    {
      "mae": 0.04273639800231581,
      "mse": 0.002538440377898898,
      "rmse": 0.050382937368705465,
      "mape": 0.05012811311070931
    }
  ],
  "mean": {
    "mae": 0.03948480640091061,
    "mse": 0.002671050602181223,
    "rmse": 0.05166918306213474,
    "mape": 0.046281771833958436
  },
  "std": {
    "mae": 0.00485445248244854,
    "mse": 0.00012030329961438645,
    "rmse": 0.0011602257852814295,
    "mape": 0.006180012092031703
  }
}