{
  "domain": "na_ion",
  "task": "soh_traj",
  "model": "patchtst",
  "splits": [
    {
      "mae": 0.012544998797368695,
      "mse": 0.00027856440300639765,
      "rmse": 0.01669024874009964,
      "mape": 0.015093964370619542
    },
    {
      "mae": 0.01687391564254687,
      "mse": 0.00044035241686022893,
      "rmse": 0.020984575689306395,
      "mape": 0.020160392649515333
    },
    {
      "mae": 0.014964583165262585,
      "mse": 0.00032444685831911895,
      "rmse": 0.018012408454149573,
      "mape": 0.017776350818161903
    }
  ],
  "mean": {
    "mae": 0.01479449920172605,
    "mse": 0.0003477878927285819,
    "rmse": 0.018562410961185202,
    "mape": 0.017676902612765593
  },
  "std": {
    "mae": 0.0017713604336979836,
    "mse": 6.808055655946453e-05,
    "rmse": 0.001795770596889621,
    "mape": 0.0020695557229296266
  }
}