{
  "domain": "na_ion",
  "task": "soh_traj",
  "model": "patchtst",
  "splits": [
    {
      "mae": 0.03947158894778296,
      "mse": 0.0022638466102009045,
      "rmse": 0.04757989712263893,
      "mape": 0.04714923325806951
    },
    {
      "mae": 0.037386982174726524,
      "mse": 0.003055430849487346,
      "rmse": 0.055275951818918014,
      "mape": 0.04302227752384226
    },
    {
      "mae": 0.04545106266063285,
      "mse": 0.002974532687042198,
      "rmse": 0.05453927655407796,
      "mape": 0.053984421969547426
    }
  ],
  "mean": {
    "mae": 0.04076987792771411,
    "mse": 0.0027646033822434826,
    "rmse": 0.0524650418318783,
    "mape": 0.04805197758381973
  },
  "std": {
    "mae": 0.003417749184024655,
    "mse": 0.00035562539910382056,
    "rmse": 0.003467386309995264,
    "mape": 0.004520572471150222
  }
}