{
  "domain": "na_ion",
  "task": "soh_point",
  "model": "itransformer",
  "splits": [
    {
      "mae": 0.035794973373413086,
      "mse": 0.00175407344721828,
      "rmse": 0.041881660034175816,
      "mape": 0.04254181614593161
    },
    {
      "mae": 0.03579833290793679,
      "mse": 0.00173728670543741,
      "rmse": 0.041680771411256416,
      "mape": 0.040517590621193963
    },
    {
      "mae": 0.04079897295344959,
      "mse": 0.001910718116071696,
      "rmse": 0.04371176175895563,
      "mape": 0.04835149011139073
    }
  ],
  "mean": {
    "mae": 0.03746409307826649,
    "mse": 0.001800692756242462,
    "rmse": 0.042424731068129294,
    "mape": 0.04380363229283877
  },
  "std": {
    "mae": 0.0023581165730364854,
    "mse": 7.810093268358451e-05,
    "rmse": 0.0009137560064741249,
    "mape": 0.003320304232754683
  }
}