{
  "domain": "na_ion",
  "task": "soh_point",
  "model": "itransformer",
  "splits": [
    {
      "mae": 0.008461903134981791,
      "mse": 0.00014029442513071664,
      "rmse": 0.011844594764309864,
      "mape": 0.009915122560384258
    },
    {
      "mae": 0.01633495996395747,
      "mse": 0.00042430839755685547,
      "rmse": 0.020598747475437808,
      "mape": 0.019300865208910778
    },
    {
      "mae": 0.015027962327003479,
      "mse": 0.0003189645995826614,
      "rmse": 0.017859580050568417,
      "mape": 0.01713550914116433
    }
  ],
  "mean": {
    "mae": 0.01327494180864758,
    "mse": 0.0002945224740900779,
    "rmse": 0.016767640763438698,
    "mape": 0.015450498970153123
  },
  "std": {
    "mae": 0.0034449060617480535,
    "mse": 0.00011722925475968101,
    "rmse": 0.003656322923149267,
    "mape": 0.004012687023545928
  }
}