{
  "domain": "na_ion",
  "task": "soh_point",
  "model": "itransformer",
  "splits": [
    {
      "mae": 0.034482159397818825,
      "mse": 0.0015295792040032165,
      "rmse": 0.0391098351313735,
      "mape": 0.04076704032576406
    },
    {
      "mae": 0.0385056192224676,
      "mse": 0.0019647697148954535,
      "rmse": 0.04432572294836773,
      "mape": 0.04359117693784437
    },
    {
      "mae": 0.04225583509965376,
      "mse": 0.002068024593321964,
      "rmse": 0.04547553840607018,
      "mape": 0.05039149165565592
    }
  ],
  "mean": {
    "mae": 0.03841453790664673,
    "mse": 0.0018541245040735448,
    "rmse": 0.042970365495270474,
    "mape": 0.04491656963975479
  },
  "std": {
    "mae": 0.003174243251957173,
    "mse": 0.00023332756849262775,
    "rmse": 0.002769872429628091,
    "mape": 0.004039390648028681
  }
}