{
  "domain": "na_ion",
  "task": "soh_point",
  "model": "itransformer",
  "splits": [
    {
      "mae": 0.027911515599752527,
      "mse": 0.0011393187975827519,
      "rmse": 0.033753796787661564,
      "mape": 0.03283325310877605
    },
    {
      "mae": 0.021119358848827156,
      "mse": 0.0005511990927388529,
      "rmse": 0.023477629623512953,
      "mape": 0.024151847912908076
    },
    {
      "mae": 0.023192098576656273,
      "mse": 0.0006992281581565288,
      "rmse": 0.02644292264778099,
      "mape": 0.02675464166349722
    }
  ],
  "mean": {
    "mae": 0.024074324341745317,
    "mse": 0.0007965820161593779,
    "rmse": 0.0278914496863185,
    "mape": 0.027913247561727115
  },
  "std": {
    "mae": 0.002842192822185655,
    "mse": 0.00024977259932112636,
    "rmse": 0.00431845464893884,
    "mape": 0.0036376251194307797
  }
}