{
  "domain": "calb",
  "task": "soh_point",
  "model": "batterymformer",
  "splits": [
    {
      "mae": 0.01891469955444336,
      "mse": 0.0005278000740077005,
      "rmse": 0.022973899843250396,
      "mape": 0.018270324812624854
    },
    {
      "mae": 0.01234748363494873,
      "mse": 0.00026915390659212337,
      "rmse": 0.016405910721204214,
      "mape": 0.012004660212821452
    },
    {
      "mae": 0.014140057563781738,
      "mse": 0.0002508892420422626,
      "rmse": 0.01583948364190773,
      "mape": 0.013885311599735379
    }
  ],
  "mean": {
    "mae": 0.015134080251057941,
    "mse": 0.00034928107421402886,
    "rmse": 0.01840643140212078,
    "mape": 0.014720098875060561
  },
  "std": {
    "mae": 0.0027716591974760985,
    "mse": 0.000126452031638561,
    "rmse": 0.0032379557212925095,
    "mape": 0.002625171812230076
  }
}