{
  "domain": "calb",
  "task": "soh_point",
  "model": "batterymformer",
  "splits": [
    {
      "mae": 0.005876661069465406,
      "mse": 3.816969423480266e-05,
      "rmse": 0.0061781626908655185,
      "mape": 0.005879656301719334
    },
    {
      "mae": 0.0036736056208610535,
      "mse": 1.8090519838458298e-05,
      "rmse": 0.004253295174151249,
      "mape": 0.0036755943010606906
    },
    {
      "mae": 0.0040885797654739535,
      "mse": 2.292555043745859e-05,
      "rmse": 0.004788063328472023,
      "mape": 0.004094725447729621
    }
  ],
  "mean": {
    "mae": 0.004546282151933471,
    "mse": 2.6395254836906518e-05,
    "rmse": 0.00507317373116293,
    "mape": 0.004549992016836549
  },
  "std": {
    "mae": 0.0009558528245618793,
    "mse": 8.556574375857197e-06,
    "rmse": 0.0008112725376499023,
    "mape": 0.0009556579103412267
  }
}