{
  "domain": "calb",
  "task": "soh_point",
  "model": "batterymformer",
  "splits": [
    {
      "mae": 0.019131040573120116,
      "mse": 0.0005360267754269899,
      "rmse": 0.023152252059507945,
      "mape": 0.018481144843557045
    },
    {
      "mae": 0.012360954284667968,
      "mse": 0.0002696231354491374,
      "rmse": 0.0164202050976575,
      "mape": 0.012017061585998074
    },
    {
      "mae": 0.012535953521728515,
      "mse": 0.0002272421711381867,
      "rmse": 0.015074553762489512,
      "mape": 0.012273522766773515
    }
  ],
  "mean": {
    "mae": 0.0146759827931722,
    "mse": 0.00034429736067143795,
    "rmse": 0.018215670306551652,
    "mape": 0.014257243065442878
  },
  "std": {
    "mae": 0.0031510115889185793,
    "mse": 0.0001366727548949469,
    "rmse": 0.003533654758808564,
    "mape": 0.0029885841416606405
  }
}