{
  "domain": "zn_ion",
  "task": "soh_point",
  "model": "itransformer",
  "splits": [
    {
      "mae": 0.03175287197033564,
      "mse": 0.003613452605704707,
      "rmse": 0.060112000513247825,
      "mape": 0.03618606282433631
    },
    {
      "mae": 0.03862875203291575,
      "mse": 0.005859090199139179,
      "rmse": 0.07654469412793534,
      "mape": 0.04572867529397633
    },
    {
      "mae": 0.05147370199362437,
      "mse": 0.007094101419297043,
      "rmse": 0.08422648882208639,
      "mape": 0.060406986281415144
    }
  ],
  "mean": {
    "mae": 0.04061844199895859,
    "mse": 0.00552221474138031,
    "rmse": 0.07362772782108985,
    "mape": 0.04744057479990926
  },
  "std": {
    "mae": 0.00817300164454448,
    "mse": 0.0014407967347780462,
    "rmse": 0.010058451037998902,
    "mape": 0.009961968788588862
  }
}