{
  "domain": "zn_ion",
  "task": "soh_point",
  "model": "itransformer",
  "splits": [
    {
      "mae": 0.02995103845993678,
      "mse": 0.0036523541356377662,
      "rmse": 0.060434709692673845,
      "mape": 0.03441983134130638
    },
    {
      "mae": 0.038648106157779694,
      "mse": 0.005740578074989215,
      "rmse": 0.07576660263591878,
      "mape": 0.045675616715637135
    },
    {
      "mae": 0.04971863577763239,
      "mse": 0.007341171056093554,
      "rmse": 0.08568063407849848,
      "mape": 0.05882330909083331
    }
  ],
  "mean": {
    "mae": 0.039439260131782956,
    "mse": 0.0055780344222401785,
    "rmse": 0.0739606488023637,
    "mape": 0.046306252382592276
  },
  "std": {
    "mae": 0.008089454838927758,
    "mse": 0.0015103328325123087,
    "rmse": 0.010385415300968724,
    "mape": 0.009972652859235969
  }
}