{
  "domain": "zn_ion",
  "task": "soh_point",
  "model": "itransformer",
  "splits": [
    {
      "mae": 0.014708705575842607,
      "mse": 0.0010801828063186374,
      "rmse": 0.03286613464219115,
      "mape": 0.016064654133000525
    },
    {
      "mae": 0.013512298276549891,
      "mse": 0.0008503688277040853,
      "rmse": 0.02916108413115132,
      "mape": 0.014478994576933017
    },
    {
      "mae": 0.02186851840270193,
      "mse": 0.0018655381417627575,
      "rmse": 0.04319187587686783,
      "mape": 0.02405868527755564
    }
  ],
  "mean": {
    "mae": 0.01669650741836481,
    "mse": 0.00126536325859516,
    "rmse": 0.0350730315500701,
    "mape": 0.01820077799582973
  },
  "std": {
    "mae": 0.003689636009421354,
    "mse": 0.00043463473858754235,
    "rmse": 0.0059368102953477695,
    "mape": 0.00419244458106168
  }
}