{
  "domain": "zn_ion",
  "task": "soh_point",
  "model": "itransformer",
  "splits": [
    {
      "mae": 0.01537552222901475,
      "mse": 0.0011582922723397497,
      "rmse": 0.03403369319277221,
      "mape": 0.016860878310142994
    },
    {
      "mae": 0.021993766713512036,
      "mse": 0.0018004058290633014,
      "rmse": 0.04243118934302103,
      "mape": 0.024440003641257153
    },
    {
      "mae": 0.018895707041396145,
      "mse": 0.0017884573289702432,
      "rmse": 0.04229015640749326,
      "mape": 0.021166677022274594
    }
  ],
  "mean": {
    "mae": 0.018754998661307642,
    "mse": 0.0015823851434577645,
    "rmse": 0.0395850129810955,
    "mape": 0.020822519657891583
  },
  "std": {
    "mae": 0.002703718322399115,
    "mse": 0.0002999186158093108,
    "rmse": 0.003925798102840421,
    "mape": 0.0031037201779776447
  }
}