{
  "domain": "zn_ion",
  "task": "rul",
  "model": "bigru",
  "splits": [
    {
      "mae": 261.55888991506475,
      "mse": 92447.79418460221,
      "rmse": 304.0522885699139,
      "mape": 0.9900509386308101,
      "acc15": 0.0005263157894736842
    },
    {
      "mae": 424.20351578561883,
      "mse": 299986.86003627314,
      "rmse": 547.7105622829207,
      "mape": 0.8444707296163406,
      "acc15": 0.0
    },
    {
      "mae": 267.5118296813965,
      "mse": 179357.38622978888,
      "rmse": 423.50606398231054,
      "mape": 0.8440811722524514,
      "acc15": 0.12052631578947369
    }
  ],
  "mean": {
    "mae": 317.7580784606933,
    "mse": 190597.34681688808,
    "rmse": 425.0896382783817,
    "mape": 0.8928676134998673,
    "acc15": 0.04035087719298246
  },
  "std": {
    "mae": 75.30751497885795,
    "mse": 85099.42616001476,
    "rmse": 99.47937597935905,
    "mape": 0.06871917224649333,
    "acc15": 0.05669300349356679
  }
}