{
  "domain": "zn_ion",
  "task": "rul",
  "model": "bigru",
  "splits": [
    {
      "mae": 367.3607457478841,
      "mse": 270989.8153859849,
      "rmse": 520.566821249669,
      "mape": 3.98295621203591,
      "acc15": 0.041666666666666664
    },
    {
      "mae": 356.86546961466473,
      "mse": 233378.77723177487,
      "rmse": 483.092928153347,
      "mape": 10.716819847690589,
      "acc15": 0.0
    },
    {
      "mae": 245.6100991566976,
      "mse": 143743.21560434284,
      "rmse": 379.13482510096964,
      "mape": 18.841165209142854,
      "acc15": 0.041666666666666664
    }
  ],
  "mean": {
    "mae": 323.27877150641547,
    "mse": 216037.26940736754,
    "rmse": 460.93152483466184,
    "mape": 11.180313756289785,
    "acc15": 0.027777777777777776
  },
  "std": {
    "mae": 55.086929506638285,
    "mse": 53375.838536522206,
    "rmse": 59.828077195920315,
    "mape": 6.074685923453648,
    "acc15": 0.019641855032959652
  }
}