{
  "domain": "zn_ion",
  "task": "rul",
  "model": "bigru",
  "splits": [
    {
      "mae": 369.124516805013,
      "mse": 324596.486217003,
      "rmse": 569.7336976316242,
      "mape": 2.158390202198388,
      "acc15": 0.125
    },
    {
      "mae": 360.4455461502075,
      "mse": 277589.3735117553,
      "rmse": 526.8675103968314,
      "mape": 5.459474234562339,
      "acc15": 0.08333333333333333
    },
    {
      "mae": 290.07026958465576,
      "mse": 193730.9367687664,
      "rmse": 440.1487666332446,
      "mape": 8.234235133725312,
      "acc15": 0.0
    }
  ],
  "mean": {
    "mae": 339.8801108466254,
    "mse": 265305.59883250826,
    "rmse": 512.2499915539,
    "mape": 5.284033190162012,
    "acc15": 0.06944444444444443
  },
  "std": {
    "mae": 35.39864731703464,
    "mse": 54127.1118040679,
    "rmse": 53.90310738294711,
    "mape": 2.483553580126074,
    "acc15": 0.05196746370519363
  }
}