{
  "domain": "na_ion",
  "task": "soh_traj",
  "model": "dlinear",
  "splits": [
    {
      "mae": 0.026728056913639213,
      "mse": 0.0011058829895989775,
      "rmse": 0.03325481904324511,
      "mape": 0.031910022776570145
    },
    {
      "mae": 0.02206190795281796,
      "mse": 0.0017100837545514533,
      "rmse": 0.041353158942835956,
      "mape": 0.02569422216672223
    },
    {
      "mae": 0.0313884392745127,
      "mse": 0.0012518562156038217,
      "rmse": 0.03538158017392414,
      "mape": 0.037431649421411375
    }
  ],
  "mean": {
    "mae": 0.02672613471365663,
    "mse": 0.0013559409865847507,
    "rmse": 0.03666318605333507,
    "mape": 0.03167863145490125
  },
  "std": {
    "mae": 0.003807540710640562,
    "mse": 0.0002574100111429281,
    "rmse": 0.0034280862012627173,
    "mape": 0.004794577221374697
  }
}