{
  "domain": "na_ion",
  "task": "soh_traj",
  "model": "dlinear",
  "splits": [
    {
      "mae": 0.014757143403695718,
      "mse": 0.0004341449249746813,
      "rmse": 0.020836144676371425,
      "mape": 0.017965100934032405
    },
    {
      "mae": 0.012776410179515559,
      "mse": 0.0013475044494873293,
      "rmse": 0.036708370291901125,
      "mape": 0.015047108021796755
    },
    {
      "mae": 0.012960553434277811,
      "mse": 0.00035433170834300745,
      "rmse": 0.018823700707964082,
      "mape": 0.01569896504314875
    }
  ],
  "mean": {
    "mae": 0.013498035672496363,
    "mse": 0.0007119936942683393,
    "rmse": 0.02545607189207888,
    "mape": 0.016237057999659302
  },
  "std": {
    "mae": 0.0008934917994934629,
    "mse": 0.00045055371665431995,
    "rmse": 0.007998881052600482,
    "mape": 0.0012505541921748325
  }
}