{
  "domain": "na_ion",
  "task": "soh_traj",
  "model": "dlinear",
  "splits": [
    {
      "mae": 0.011202287743121186,
      "mse": 0.00022031242409517644,
      "rmse": 0.014842925051861458,
      "mape": 0.0135866119644622
    },
    {
      "mae": 0.016736390596866744,
      "mse": 0.0004317267218122862,
      "rmse": 0.020778034599362043,
      "mape": 0.020312217937898266
    },
    {
      "mae": 0.013849301509325089,
      "mse": 0.000277648819195587,
      "rmse": 0.016662797460078153,
      "mape": 0.016512678145329893
    }
  ],
  "mean": {
    "mae": 0.013929326616437672,
    "mse": 0.0003098959883676832,
    "rmse": 0.01742791903710055,
    "mape": 0.016803836015896786
  },
  "std": {
    "mae": 0.0022599965504818756,
    "mse": 8.927079126461251e-05,
    "rmse": 0.002482665181604517,
    "mape": 0.0027534249710345006
  }
}