{
  "domain": "na_ion",
  "task": "soh_traj",
  "model": "dlinear",
  "splits": [
    {
      "mae": 0.027710330896865355,
      "mse": 0.0010791698574139105,
      "rmse": 0.03285072080508905,
      "mape": 0.033021335750847494
    },
    {
      "mae": 0.02192293896410627,
      "mse": 0.0006946022389270012,
      "rmse": 0.02635530760448455,
      "mape": 0.025801868173731105
    },
    {
      "mae": 0.030078799207190355,
      "mse": 0.0012634674796500403,
      "rmse": 0.03554528772777118,
      "mape": 0.035137761044435965
    }
  ],
  "mean": {
    "mae": 0.026570689689387323,
    "mse": 0.0010124131919969838,
    "rmse": 0.03158377204578159,
    "mape": 0.03132032165633819
  },
  "std": {
    "mae": 0.0034257457229549676,
    "mse": 0.00023698699656157072,
    "rmse": 0.0038572704542317532,
    "mape": 0.003996649483055271
  }
}