{
  "domain": "na_ion",
  "task": "soh_traj",
  "model": "dlinear",
  "splits": [
    {
      "mae": 0.011035000780058339,
      "mse": 0.00022126193317621623,
      "rmse": 0.014874875904565262,
      "mape": 0.013381173040290413
    },
    {
      "mae": 0.017027857775902728,
      "mse": 0.0004414331829350396,
      "rmse": 0.02101031134788439,
      "mape": 0.02067886368755485
    },
    {
      "mae": 0.014075335914569168,
      "mse": 0.00028836756334751467,
      "rmse": 0.016981388734361943,
      "mape": 0.01679298890350494
    }
  ],
  "mean": {
    "mae": 0.014046064823510077,
    "mse": 0.0003170208931529235,
    "rmse": 0.01762219199560387,
    "mape": 0.0169510085437834
  },
  "std": {
    "mae": 0.002446661172664917,
    "mse": 9.213976624959023e-05,
    "rmse": 0.002545435605745817,
    "mape": 0.0029813643242457533
  }
}