{
  "domain": "zn_ion",
  "task": "soh_traj",
  "model": "itransformer",
  "splits": [
    {
      "mae": 0.048397444722705296,
      "mse": 0.0032860288119013715,
      "rmse": 0.05732389390037432,
      "mape": 0.05205633123955561
    },
    {
      "mae": 0.042043586115760506,
      "mse": 0.0026938793058759914,
      "rmse": 0.051902594404094976,
      "mape": 0.0449440019244143
    },
    {
      "mae": 0.04003553257949047,
      "mse": 0.0025787324204770462,
      "rmse": 0.05078122114007348,
      "mape": 0.043351691494441014
    }
  ],
  "mean": {
    "mae": 0.043492187805985426,
    "mse": 0.0028528801794181365,
    "rmse": 0.05333590314818093,
    "mape": 0.04678400821947031
  },
  "std": {
    "mae": 0.0035641014590312254,
    "mse": 0.00030986879446075454,
    "rmse": 0.00285685400151992,
    "mape": 0.003784345442956767
  }
}