{
  "domain": "zn_ion",
  "task": "soh_traj",
  "model": "itransformer",
  "splits": [
    {
      "mae": 0.09098980759778424,
      "mse": 0.016243498230126344,
      "rmse": 0.12744998324882723,
      "mape": 0.11632759868675221
    },
    {
      "mae": 0.09021875211346986,
      "mse": 0.01538014507380465,
      "rmse": 0.12401671288098491,
      "mape": 0.11877365296039437
    },
    {
      "mae": 0.10064971813429849,
      "mse": 0.01804708339820311,
      "rmse": 0.13433943351898991,
      "mape": 0.14455838022653622
    }
  ],
  "mean": {
    "mae": 0.09395275928185087,
    "mse": 0.016556908900711365,
    "rmse": 0.12860204321626736,
    "mape": 0.12655321062456093
  },
  "std": {
    "mae": 0.004745915791042882,
    "mse": 0.0011110984633426913,
    "rmse": 0.004292246650959317,
    "mape": 0.012770679822006917
  }
}