{
  "domain": "zn_ion",
  "task": "soh_traj",
  "model": "itransformer",
  "splits": [
    {
      "mae": 0.04222052134228757,
      "mse": 0.002782468465219285,
      "rmse": 0.05274910866753376,
      "mape": 0.04585174327578956
    },
    {
      "mae": 0.03992572655050771,
      "mse": 0.0028154381790838835,
      "rmse": 0.05306070277600819,
      "mape": 0.043294405516543275
    },
    {
      "mae": 0.04046396006264864,
      "mse": 0.002490051598140641,
      "rmse": 0.04990041681329566,
      "mape": 0.04361856612418237
    }
  ],
  "mean": {
    "mae": 0.04087006931848131,
    "mse": 0.002695986080814603,
    "rmse": 0.05190340941894587,
    "mape": 0.04425490497217174
  },
  "std": {
    "mae": 0.0009798688108958644,
    "mse": 0.00014623841007916434,
    "rmse": 0.0014220307675588577,
    "mape": 0.0011368639469499782
  }
}