{
  "domain": "zn_ion",
  "task": "soh_traj",
  "model": "itransformer",
  "splits": [
    {
      "mae": 0.08830047146184508,
      "mse": 0.01593949072308727,
      "rmse": 0.12625169592162822,
      "mape": 0.11425516917270169
    },
    {
      "mae": 0.08880176999280215,
      "mse": 0.015111844257686675,
      "rmse": 0.12293024142857067,
      "mape": 0.11558325132179371
    },
    {
      "mae": 0.09959156342185815,
      "mse": 0.01832993744647117,
      "rmse": 0.1353880993531971,
      "mape": 0.14644450335963316
    }
  ],
  "mean": {
    "mae": 0.09223126829216848,
    "mse": 0.01646042414241504,
    "rmse": 0.12819001223446533,
    "mape": 0.1254276412847095
  },
  "std": {
    "mae": 0.005208536797181161,
    "mse": 0.0013644436383754076,
    "rmse": 0.005267343328725412,
    "mape": 0.0148710528467435
  }
}