{
  "domain": "zn_ion",
  "task": "rul",
  "model": "autoformer",
  "splits": [
    {
      "mae": 367.007022857666,
      "mse": 276035.34965100855,
      "rmse": 525.3906638407353,
      "mape": 3.764824101482583,
      "acc15": 0.041666666666666664
    },
    {
      "mae": 355.82898076375324,
      "mse": 201516.045548432,
      "rmse": 448.90538596505166,
      "mape": 15.734133730598687,
      "acc15": 0.041666666666666664
    },
    {
      "mae": 280.9330698649089,
      "mse": 157823.77122639562,
      "rmse": 397.27040064217675,
      "mape": 16.25444166709431,
      "acc15": 0.125
    }
  ],
  "mean": {
    "mae": 334.5896911621094,
    "mse": 211791.72214194539,
    "rmse": 457.1888168159879,
    "mape": 11.917799833058526,
    "acc15": 0.06944444444444443
  },
  "std": {
    "mae": 38.21441188030779,
    "mse": 48803.59594333504,
    "rmse": 52.63181471640933,
    "mape": 5.768936357593417,
    "acc15": 0.039283710065919304
  }
}