{
  "domain": "zn_ion",
  "task": "rul",
  "model": "autoformer",
  "splits": [
    {
      "mae": 245.7230021587171,
      "mse": 93251.0059744547,
      "rmse": 305.3702768352786,
      "mape": 0.8550412319650179,
      "acc15": 0.05052631578947368
    },
    {
      "mae": 421.0180971647564,
      "mse": 301175.2518387738,
      "rmse": 548.7943620690484,
      "mape": 0.8111482933752168,
      "acc15": 0.022631578947368423
    },
    {
      "mae": 271.00228175113074,
      "mse": 153972.91623598413,
      "rmse": 392.39382797896315,
      "mape": 1.0166403137381381,
      "acc15": 0.10105263157894737
    }
  ],
  "mean": {
    "mae": 312.58112702486807,
    "mse": 182799.72468307088,
    "rmse": 415.51948896109667,
    "mape": 0.8942766130261243,
    "acc15": 0.058070175438596494
  },
  "std": {
    "mae": 77.36792127670283,
    "mse": 87297.81084882266,
    "rmse": 100.7138469952364,
    "mape": 0.08836026238631062,
    "acc15": 0.032456614505782605
  }
}