{
  "domain": "zn_ion",
  "task": "rul",
  "model": "autoformer",
  "splits": [
    {
      "mae": 171.90636375828794,
      "mse": 54022.31533830255,
      "rmse": 232.42701077607686,
      "mape": 0.6003670549395534,
      "acc15": 0.1957894736842105
    },
    {
      "mae": 287.7613070297241,
      "mse": 170967.15493962172,
      "rmse": 413.48174680343715,
      "mape": 0.5638619408338752,
      "acc15": 0.1036842105263158
    },
    {
      "mae": 202.91319759168124,
      "mse": 105587.93176418464,
      "rmse": 324.94296694063814,
      "mape": 0.7467309076204334,
      "acc15": 0.18736842105263157
    }
  ],
  "mean": {
    "mae": 220.86028945989779,
    "mse": 110192.46734736965,
    "rmse": 323.6172415067174,
    "mape": 0.6369866344646207,
    "acc15": 0.16228070175438597
  },
  "std": {
    "mae": 48.97050506853811,
    "mse": 47853.423341820104,
    "rmse": 73.92123069154485,
    "mape": 0.0790190270624334,
    "acc15": 0.04157635642234605
  }
}