{
  "domain": "zn_ion",
  "task": "rul",
  "model": "autoformer",
  "splits": [
    {
      "mae": 367.5147755940755,
      "mse": 314699.751506396,
      "rmse": 560.9810616289965,
      "mape": 2.438281255116492,
      "acc15": 0.08333333333333333
    },
    {
      "mae": 360.39175573984784,
      "mse": 277384.00215948833,
      "rmse": 526.6725758566591,
      "mape": 5.479851224319312,
      "acc15": 0.08333333333333333
    },
    {
      "mae": 289.1886698404948,
      "mse": 189357.94553365625,
      "rmse": 435.1527841272031,
      "mape": 8.954881321870323,
      "acc15": 0.0
    }
  ],
  "mean": {
    "mae": 339.0317337248061,
    "mse": 260480.56639984684,
    "rmse": 507.60214053761956,
    "mape": 5.624337933768708,
    "acc15": 0.05555555555555555
  },
  "std": {
    "mae": 35.36413075412787,
    "mse": 52547.98877525969,
    "rmse": 53.109634921297996,
    "mape": 2.6623518943983395,
    "acc15": 0.039283710065919304
  }
}