{
  "domain": "li_ion",
  "task": "soh_traj",
  "model": "autoformer",
  "splits": [
    {
      "mae": 0.02460626593224759,
      "mse": 0.0010424158713721117,
      "rmse": 0.03228646576155575,
      "mape": 0.02717179669319081
    },
    {
      "mae": 0.026878390243613742,
      "mse": 0.0011977251071811756,
      "rmse": 0.03460816532526935,
      "mape": 0.029646728582197343
    },
    {
      "mae": 0.030386558119973643,
      "mse": 0.0015474172762998165,
      "rmse": 0.03933722507116912,
      "mape": 0.03378672995387753
    }
  ],
  "mean": {
    "mae": 0.02729040476527832,
    "mse": 0.001262519418284368,
    "rmse": 0.035410618719331405,
    "mape": 0.030201751743088562
  },
  "std": {
    "mae": 0.002377710582110248,
    "mse": 0.00021119553626634235,
    "rmse": 0.0029338541542660453,
    "mape": 0.0027289037533631357
  }
}