{
  "domain": "li_ion",
  "task": "soh_traj",
  "model": "autoformer",
  "splits": [
    {
      "mae": 0.022354544099675612,
      "mse": 0.0009578503119207604,
      "rmse": 0.0309491568854591,
      "mape": 0.02503699289199895
    },
    {
      "mae": 0.02937742979595967,
      "mse": 0.0014004674035091383,
      "rmse": 0.03742281928862574,
      "mape": 0.03261918268572798
    },
    {
      "mae": 0.030203184564026098,
      "mse": 0.0014615586071908197,
      "rmse": 0.038230336216031634,
      "mape": 0.03386126765880454
    }
  ],
  "mean": {
    "mae": 0.027311719486553792,
    "mse": 0.0012732921075402396,
    "rmse": 0.035534104130038824,
    "mape": 0.030505814412177156
  },
  "std": {
    "mae": 0.0035214257147211693,
    "mse": 0.00022444105181472498,
    "rmse": 0.003258765290074976,
    "mape": 0.003900145329322899
  }
}