{
  "domain": "li_ion",
  "task": "soh_traj",
  "model": "autoformer",
  "splits": [
    {
      "mae": 0.01956847748616355,
      "mse": 0.0008412934295052142,
      "rmse": 0.029005058688187722,
      "mape": 0.02191096189614533
    },
    {
      "mae": 0.017989329781207066,
      "mse": 0.0006105858346848503,
      "rmse": 0.02471003510084213,
      "mape": 0.020113229806334988
    },
    {
      "mae": 0.01902981508276744,
      "mse": 0.0007452412100580438,
      "rmse": 0.027299106396694448,
      "mape": 0.021479442567234778
    }
  ],
  "mean": {
    "mae": 0.018862540783379355,
    "mse": 0.000732373491416036,
    "rmse": 0.027004733395241436,
    "mape": 0.021167878089905032
  },
  "std": {
    "mae": 0.0006554450838649848,
    "mse": 9.462445848101043e-05,
    "rmse": 0.0017657479061202535,
    "mape": 0.0007662743130819336
  }
}