{
  "domain": "li_ion",
  "task": "soh_traj",
  "model": "autoformer",
  "splits": [
    {
      "mae": 0.04693535980116537,
      "mse": 0.0058584281671054195,
      "rmse": 0.07654036952553482,
      "mape": 0.41040206976906224
    },
    {
      "mae": 0.0553184562054082,
      "mse": 0.009785949064067214,
      "rmse": 0.0989239559665262,
      "mape": 0.31950638639324724
    },
    {
      "mae": 0.04541391505353919,
      "mse": 0.007079269509268357,
      "rmse": 0.08413839497677833,
      "mape": 0.7736581929022381
    }
  ],
  "mean": {
    "mae": 0.04922257702003759,
    "mse": 0.00757454891348033,
    "rmse": 0.08653424015627979,
    "mape": 0.5011888830215159
  },
  "std": {
    "mae": 0.004354959304210608,
    "mse": 0.0016412051192533936,
    "rmse": 0.009293771788441207,
    "mape": 0.1962059291225198
  }
}