{
  "domain": "li_ion",
  "task": "soh_traj",
  "model": "autoformer",
  "splits": [
    {
      "mae": 0.09231155204199933,
      "mse": 0.019273210567271628,
      "rmse": 0.13882798913501423,
      "mape": 0.44487632006481415
    },
    {
      "mae": 0.07537832195713327,
      "mse": 0.01542863090377244,
      "rmse": 0.12421204009182217,
      "mape": 0.27572992025722964
    },
    {
      "mae": 0.08506627708013315,
      "mse": 0.016721017087769113,
      "rmse": 0.1293097718185641,
      "mape": 0.8331183099075073
    }
  ],
  "mean": {
    "mae": 0.08425205035975525,
    "mse": 0.017140952852937725,
    "rmse": 0.13078326701513351,
    "mape": 0.5179081834098503
  },
  "std": {
    "mae": 0.006936896238755303,
    "mse": 0.0015973848904587138,
    "rmse": 0.006057220632106862,
    "mape": 0.2333390866342635
  }
}