{
  "domain": "calb",
  "task": "rul",
  "model": "ic2ml",
  "splits": [
    {
      "mae": 0.28824615478515625,
      "mse": 0.10100204761838541,
      "rmse": 0.31780819312658604,
      "mape": 0.004177480504132699,
      "acc15": 1.0
    },
    {
      "mae": 0.13632049560546874,
      "mse": 0.02629028119845316,
      "rmse": 0.16214278028470203,
      "mape": 0.0019756593566009964,
      "acc15": 1.0
    },
    {
      "mae": 0.883441162109375,
      "mse": 0.7808367140591145,
      "rmse": 0.8836496557228518,
      "mape": 0.012803495103034421,
      "acc15": 1.0
    }
  ],
  "mean": {
    "mae": 0.4360026041666667,
    "mse": 0.30270968095865103,
    "rmse": 0.4545335430447133,
    "mape": 0.006318878321256039,
    "acc15": 1.0
  },
  "std": {
    "mae": 0.3224089523464295,
    "mse": 0.339459920900328,
    "rmse": 0.3100144177387091,
    "mape": 0.004672593512267095,
    "acc15": 0.0
  }
}