{
  "domain": "calb",
  "task": "rul",
  "model": "ic2ml",
  "splits": [
    {
      "mae": 0.19992523193359374,
      "mse": 0.08183905278565362,
      "rmse": 0.2860752572063051,
      "mape": 0.002897467129472373,
      "acc15": 1.0
    },
    {
      "mae": 0.7776687622070313,
      "mse": 0.6082337141386234,
      "rmse": 0.7798933992146769,
      "mape": 0.011270561771116395,
      "acc15": 1.0
    },
    {
      "mae": 0.7160446166992187,
      "mse": 0.5171440804027952,
      "rmse": 0.7191273047262183,
      "mape": 0.010377458213032157,
      "acc15": 1.0
    }
  ],
  "mean": {
    "mae": 0.5645462036132812,
    "mse": 0.4024056157756908,
    "rmse": 0.5950319870490668,
    "mape": 0.008181829037873642,
    "acc15": 1.0
  },
  "std": {
    "mae": 0.25905047586506075,
    "mse": 0.22970491407305724,
    "rmse": 0.21986939342284545,
    "mape": 0.0037543547226820398,
    "acc15": 0.0
  }
}