{
  "domain": "calb",
  "task": "rul",
  "model": "ic2ml",
  "splits": [
    {
      "mae": 117.48427685053662,
      "mse": 19318.012950370678,
      "rmse": 138.98925480183954,
      "mape": 0.0921993400035649,
      "acc15": 0.7454545454545455
    },
    {
      "mae": 208.71786855882215,
      "mse": 80098.84528075717,
      "rmse": 283.01739395443025,
      "mape": 0.24561348922546586,
      "acc15": 0.592741935483871
    },
    {
      "mae": 123.75519957879577,
      "mse": 24539.141450100316,
      "rmse": 156.64974130237277,
      "mape": 0.09374724674554354,
      "acc15": 0.8
    }
  ],
  "mean": {
    "mae": 149.98578166271818,
    "mse": 41318.66656040939,
    "rmse": 192.88546335288083,
    "mape": 0.14385335865819143,
    "acc15": 0.7127321603128056
  },
  "std": {
    "mae": 41.60869012874257,
    "mse": 27504.444996997107,
    "rmse": 64.13941524175166,
    "mape": 0.07195805321445738,
    "acc15": 0.08771940945904827
  }
}