{
  "domain": "zn_ion",
  "task": "rul",
  "model": "ic2ml",
  "splits": [
    {
      "mae": 256.2383461239463,
      "mse": 94489.71411133515,
      "rmse": 307.39179252435343,
      "mape": 0.9026547413674699,
      "acc15": 0.003157894736842105
    },
    {
      "mae": 424.6901422761616,
      "mse": 306760.2476639992,
      "rmse": 553.8594114610668,
      "mape": 0.8124718952773047,
      "acc15": 0.0
    },
    {
      "mae": 170.5070263020459,
      "mse": 93616.47473195393,
      "rmse": 305.9680943038897,
      "mape": 0.481905149639239,
      "acc15": 0.2573684210526316
    }
  ],
  "mean": {
    "mae": 283.81183823405127,
    "mse": 164955.47883576277,
    "rmse": 389.07309942977,
    "mape": 0.7323439287613379,
    "acc15": 0.08684210526315789
  },
  "std": {
    "mae": 105.58562784753491,
    "mse": 100271.74737872946,
    "rmse": 116.52296827610905,
    "mape": 0.1808736630880906,
    "acc15": 0.12058720594750981
  }
}