{
  "domain": "zn_ion",
  "task": "rul",
  "model": "ic2ml",
  "splits": [
    {
      "mae": 282.52988322575885,
      "mse": 168789.22503248803,
      "rmse": 410.839658543924,
      "mape": 2.7421305389415345,
      "acc15": 0.041666666666666664
    },
    {
      "mae": 233.46238136291504,
      "mse": 105893.00701883835,
      "rmse": 325.4120572732952,
      "mape": 2.548209691590772,
      "acc15": 0.125
    },
    {
      "mae": 182.08836237589517,
      "mse": 95447.20451240335,
      "rmse": 308.94530990517296,
      "mape": 5.852647937216434,
      "acc15": 0.16666666666666666
    }
  ],
  "mean": {
    "mae": 232.69354232152298,
    "mse": 123376.47885457658,
    "rmse": 348.3990085741307,
    "mape": 3.71432938924958,
    "acc15": 0.1111111111111111
  },
  "std": {
    "mae": 41.00868292416519,
    "mse": 32393.58819340045,
    "rmse": 44.661053269480576,
    "mape": 1.5140907025216193,
    "acc15": 0.05196746370519363
  }
}