{
  "domain": "zn_ion",
  "task": "rul",
  "model": "ic2ml",
  "splits": [
    {
      "mae": 367.72483762105304,
      "mse": 316168.4216121859,
      "rmse": 562.2885572481321,
      "mape": 2.3959813431558348,
      "acc15": 0.08333333333333333
    },
    {
      "mae": 359.9637050628662,
      "mse": 275749.0254036114,
      "rmse": 525.1181061471899,
      "mape": 5.645867591734202,
      "acc15": 0.041666666666666664
    },
    {
      "mae": 290.01261870066327,
      "mse": 193428.3922181069,
      "rmse": 439.80494792363,
      "mape": 8.284373924091627,
      "acc15": 0.0
    }
  ],
  "mean": {
    "mae": 339.2337204615275,
    "mse": 261781.94641130138,
    "rmse": 509.0705371063173,
    "mape": 5.442074286327222,
    "acc15": 0.041666666666666664
  },
  "std": {
    "mae": 34.94849962026459,
    "mse": 51072.42031728354,
    "rmse": 51.275088118763826,
    "mape": 2.4082414857182193,
    "acc15": 0.034020690871988585
  }
}