{
  "domain": "calb",
  "task": "rul",
  "model": "transformer",
  "splits": [
    {
      "mae": 98.72439951270518,
      "mse": 21143.01363035528,
      "rmse": 145.4063741049727,
      "mape": 0.08753561125931279,
      "acc15": 0.8
    },
    {
      "mae": 267.1464846211095,
      "mse": 99296.7438360793,
      "rmse": 315.1138585274842,
      "mape": 0.3052504305268318,
      "acc15": 0.39919354838709675
    },
    {
      "mae": 213.81603633996212,
      "mse": 49309.51785304197,
      "rmse": 222.05746520448704,
      "mape": 0.16041521128883,
      "acc15": 0.4
    }
  ],
  "mean": {
    "mae": 193.22897349125893,
    "mse": 56583.09177315885,
    "rmse": 227.5258992789813,
    "mape": 0.18440041769165819,
    "acc15": 0.5330645161290323
  },
  "std": {
    "mae": 70.28214593393302,
    "mse": 32318.003697070853,
    "rmse": 69.39061125577226,
    "mape": 0.09048536981859488,
    "acc15": 0.18875217791789276
  }
}