{
  "domain": "calb",
  "task": "rul",
  "model": "transformer",
  "splits": [
    {
      "mae": 0.01945037841796875,
      "mse": 0.00037831723457202313,
      "rmse": 0.019450378777083575,
      "mape": 0.0002818895422894022,
      "acc15": 1.0
    },
    {
      "mae": 0.0996978759765625,
      "mse": 0.009939666884019972,
      "rmse": 0.09969787803168115,
      "mape": 0.0014448967532835145,
      "acc15": 1.0
    },
    {
      "mae": 7.7485198974609375,
      "mse": 60.03956060142955,
      "rmse": 7.748519897466196,
      "mape": 0.11229738981827446,
      "acc15": 1.0
    }
  ],
  "mean": {
    "mae": 2.6225560506184897,
    "mse": 20.016626195182713,
    "rmse": 2.622556051424987,
    "mape": 0.038008058704615794,
    "acc15": 1.0
  },
  "std": {
    "mae": 3.6247518475584846,
    "mse": 28.300488590834192,
    "rmse": 3.6247518469982043,
    "mape": 0.0525326354718621,
    "acc15": 0.0
  }
}