{
  "domain": "calb",
  "task": "rul",
  "model": "transformer",
  "splits": [
    {
      "mae": 0.1226959228515625,
      "mse": 0.015055777714587748,
      "rmse": 0.12270198741091258,
      "mape": 0.0017782017804574273,
      "acc15": 1.0
    },
    {
      "mae": 0.46824188232421876,
      "mse": 0.22736402706941589,
      "rmse": 0.4768270410425733,
      "mape": 0.006786114236582881,
      "acc15": 1.0
    },
    {
      "mae": 0.09797821044921876,
      "mse": 0.010269577021244914,
      "rmse": 0.10133892155161764,
      "mape": 0.001419974064481431,
      "acc15": 1.0
    }
  ],
  "mean": {
    "mae": 0.22963867187499998,
    "mse": 0.08422979393508284,
    "rmse": 0.23362265000170115,
    "mape": 0.00332809669384058,
    "acc15": 1.0
  },
  "std": {
    "mae": 0.16901944731126234,
    "mse": 0.10123004643050877,
    "rmse": 0.17219248340524473,
    "mape": 0.0024495572074095997,
    "acc15": 0.0
  }
}