{
  "domain": "calb",
  "task": "soh_point",
  "model": "timemixer",
  "splits": [
    {
      "mae": 0.0028957482540246213,
      "mse": 1.3821048256105116e-05,
      "rmse": 0.003717667044815218,
      "mape": 0.0028967806142692638
    },
    {
      "mae": 0.0015234994165825122,
      "mse": 4.124656853720424e-06,
      "rmse": 0.002030925122627721,
      "mape": 0.0015247323777766329
    },
    {
      "mae": 0.003253038242609814,
      "mse": 1.5483256872729234e-05,
      "rmse": 0.003934876983176124,
      "mape": 0.0032577043161452256
    }
  ],
  "mean": {
    "mae": 0.0025574286377389823,
    "mse": 1.114298732751826e-05,
    "rmse": 0.003227823050206354,
    "mape": 0.0025597391027303742
  },
  "std": {
    "mae": 0.0007455071024730843,
    "mse": 5.0088891882914435e-06,
    "rmse": 0.0008509674988357693,
    "mape": 0.000746545676284474
  }
}