{
  "domain": "calb",
  "task": "soh_point",
  "model": "timemixer",
  "splits": [
    {
      "mae": 0.016944253444671632,
      "mse": 0.00048595859968330045,
      "rmse": 0.022044468686799882,
      "mape": 0.016944253444671632
    },
    {
      "mae": 0.10025806427001953,
      "mse": 0.010243517449114847,
      "rmse": 0.10121026355619694,
      "mape": 0.10025806427001953
    },
    {
      "mae": 0.024126648902893066,
      "mse": 0.0008840561720802498,
      "rmse": 0.02973308211538538,
      "mape": 0.024126648902893066
    }
  ],
  "mean": {
    "mae": 0.047109655539194745,
    "mse": 0.003871177406959466,
    "rmse": 0.05099593811946074,
    "mape": 0.047109655539194745
  },
  "std": {
    "mae": 0.03769581510012023,
    "mse": 0.00450885489002324,
    "rmse": 0.03564536017878901,
    "mape": 0.03769581510012023
  }
}