{
  "domain": "calb",
  "task": "soh_point",
  "model": "timemixer",
  "splits": [
    {
      "mae": 0.0014444820808641838,
      "mse": 3.4866645754107715e-06,
      "rmse": 0.0018672612499087459,
      "mape": 0.0014449934757121896
    },
    {
      "mae": 0.0027136456581854053,
      "mse": 1.1913115741575418e-05,
      "rmse": 0.0034515381703778703,
      "mape": 0.0027154089619701887
    },
    {
      "mae": 0.0025340760597074873,
      "mse": 1.1214578017231965e-05,
      "rmse": 0.0033488174057765474,
      "mape": 0.0025372023638932655
    }
  ],
  "mean": {
    "mae": 0.002230734599585692,
    "mse": 8.871452778072717e-06,
    "rmse": 0.002889205608687721,
    "mape": 0.0022325349338585478
  },
  "std": {
    "mae": 0.0005607768882370938,
    "mse": 3.818284669737463e-06,
    "rmse": 0.000723839573938958,
    "mape": 0.0005616081428208383
  }
}