{
  "domain": "calb",
  "task": "soh_point",
  "model": "timemixer",
  "splits": [
    {
      "mae": 0.024342072010040284,
      "mse": 0.0009511916214783867,
      "rmse": 0.030841394609815987,
      "mape": 0.024342072010040284
    },
    {
      "mae": 0.028207850456237794,
      "mse": 0.0016190449262495576,
      "rmse": 0.0402373573467438,
      "mape": 0.028207850456237794
    },
    {
      "mae": 0.02742389440536499,
      "mse": 0.0010796782612111145,
      "rmse": 0.03285845798589938,
      "mape": 0.02742389440536499
    }
  ],
  "mean": {
    "mae": 0.026657938957214355,
    "mse": 0.001216638269646353,
    "rmse": 0.03464573664748639,
    "mape": 0.026657938957214355
  },
  "std": {
    "mae": 0.0016685475840153188,
    "mse": 0.00028933895014484197,
    "rmse": 0.004038712888950076,
    "mape": 0.0016685475840153188
  }
}