{
  "domain": "zn_ion",
  "task": "soh_traj",
  "model": "batlinet",
  "splits": [
    {
      "mae": 0.041203429270899414,
      "mse": 0.0028962005458147114,
      "rmse": 0.05381635946266443,
      "mape": 0.04433445158939838
    },
    {
      "mae": 0.039535140935785786,
      "mse": 0.00250772666443514,
      "rmse": 0.05007720703508873,
      "mape": 0.04204219953194385
    },
    {
      "mae": 0.03834751975446801,
      "mse": 0.0021231761820077735,
      "rmse": 0.04607793595646156,
      "mape": 0.040990241037915424
    }
  ],
  "mean": {
    "mae": 0.039695363320384404,
    "mse": 0.002509034464085875,
    "rmse": 0.049990500818071576,
    "mape": 0.04245563071975256
  },
  "std": {
    "mae": 0.0011714117411356579,
    "mse": 0.00031558722990083647,
    "rmse": 0.0031597930382004803,
    "mape": 0.0013962163307673517
  }
}