{
  "domain": "zn_ion",
  "task": "soh_traj",
  "model": "batlinet",
  "splits": [
    {
      "mae": 0.48665534039799596,
      "mse": 0.2762530053156868,
      "rmse": 0.525597759998734,
      "mape": 0.5458036809961553
    },
    {
      "mae": 0.8329218021113761,
      "mse": 0.7121245844717996,
      "rmse": 0.8438747445396145,
      "mape": 0.9590107089628933
    },
    {
      "mae": 0.6874366918142597,
      "mse": 0.497625329622017,
      "rmse": 0.7054256372021199,
      "mape": 0.8038030135791482
    }
  ],
  "mean": {
    "mae": 0.6690046114412106,
    "mse": 0.4953343064698345,
    "rmse": 0.6916327139134895,
    "mape": 0.7695391345127324
  },
  "std": {
    "mae": 0.14196225276937727,
    "mse": 0.17795120111859086,
    "rmse": 0.13030155607089144,
    "mape": 0.17042206830256196
  }
}