{
  "domain": "zn_ion",
  "task": "soh_traj",
  "model": "batlinet",
  "splits": [
    {
      "mae": 0.04199563596322829,
      "mse": 0.002941394848676377,
      "rmse": 0.054234627763785535,
      "mape": 0.044573725443337264
    },
    {
      "mae": 0.04019579428102528,
      "mse": 0.0024733889279855165,
      "rmse": 0.049733177336517685,
      "mape": 0.04280715229599325
    },
    {
      "mae": 0.038169723442409695,
      "mse": 0.0026662124574409578,
      "rmse": 0.05163537990022885,
      "mape": 0.04111924253979692
    }
  ],
  "mean": {
    "mae": 0.04012038456222109,
    "mse": 0.002693665411367617,
    "rmse": 0.05186772833351069,
    "mape": 0.04283337342637581
  },
  "std": {
    "mae": 0.0015628321777053187,
    "mse": 0.00019204623394710528,
    "rmse": 0.001845038993828924,
    "mape": 0.00141040861537169
  }
}