{
  "domain": "zn_ion",
  "task": "soh_traj",
  "model": "batlinet",
  "splits": [
    {
      "mae": 0.8271691518279741,
      "mse": 0.7013185070545817,
      "rmse": 0.8374476145136373,
      "mape": 0.9534070680246862
    },
    {
      "mae": 0.8748760314215496,
      "mse": 0.7838356976505827,
      "rmse": 0.8853449596911831,
      "mape": 1.0055003553758102
    },
    {
      "mae": 0.8174454206534545,
      "mse": 0.6955202373258633,
      "rmse": 0.8339785592722773,
      "mape": 0.9625908075834722
    }
  ],
  "mean": {
    "mae": 0.8398302013009927,
    "mse": 0.7268914806770091,
    "rmse": 0.8522570444923657,
    "mape": 0.9738327436613229
  },
  "std": {
    "mae": 0.02509708341112938,
    "mse": 0.040335161402196,
    "rmse": 0.023439513436644997,
    "mape": 0.022704089086117703
  }
}