{
  "domain": "zn_ion",
  "task": "soh_traj",
  "model": "batlinet",
  "splits": [
    {
      "mae": 0.10139257510682428,
      "mse": 0.013038011823748578,
      "rmse": 0.1141841137100454,
      "mape": 0.10465245146212573
    },
    {
      "mae": 0.07765969850802636,
      "mse": 0.008320359491127043,
      "rmse": 0.09121600457774416,
      "mape": 0.08104630622926397
    },
    {
      "mae": 0.0911109125353289,
      "mse": 0.010524513318773862,
      "rmse": 0.10258905067683326,
      "mape": 0.09467434332824164
    }
  ],
  "mean": {
    "mae": 0.09005439538339317,
    "mse": 0.010627628211216494,
    "rmse": 0.10266305632154094,
    "mape": 0.09345770033987712
  },
  "std": {
    "mae": 0.0097176653328768,
    "mse": 0.0019273531753253293,
    "rmse": 0.009376837309914659,
    "mape": 0.009675490971507784
  }
}