{
  "domain": "calb",
  "task": "soh_point",
  "model": "bigru",
  "splits": [
    {
      "mae": 0.07494840621948243,
      "mse": 0.006862567825767485,
      "rmse": 0.08284061700499028,
      "mape": 0.07494840621948243
    },
    {
      "mae": 0.0525304913520813,
      "mse": 0.0031724747349336723,
      "rmse": 0.05632472578658215,
      "mape": 0.0525304913520813
    },
    {
      "mae": 0.024755477905273438,
      "mse": 0.001050376794279373,
      "rmse": 0.03240951703249175,
      "mape": 0.024755477905273438
    }
  ],
  "mean": {
    "mae": 0.05074479182561239,
    "mse": 0.00369513978499351,
    "rmse": 0.057191619941354736,
    "mape": 0.05074479182561239
  },
  "std": {
    "mae": 0.020530043924095798,
    "mse": 0.002401426688803033,
    "rmse": 0.020597533674621006,
    "mape": 0.020530043924095798
  }
}