{
  "domain": "calb",
  "task": "soh_point",
  "model": "bigru",
  "splits": [
    {
      "mae": 0.005218100547790527,
      "mse": 2.7229262468608794e-05,
      "rmse": 0.005218166581147903,
      "mape": 0.005218100547790527
    },
    {
      "mae": 0.008299565315246582,
      "mse": 6.908676712953365e-05,
      "rmse": 0.008311844989503452,
      "mape": 0.008299565315246582
    },
    {
      "mae": 0.00032804012298583987,
      "mse": 2.0195738272832387e-07,
      "rmse": 0.0004493966874914899,
      "mape": 0.00032804012298583987
    }
  ],
  "mean": {
    "mae": 0.004615235328674317,
    "mse": 3.217266232695692e-05,
    "rmse": 0.004659802752714282,
    "mape": 0.004615235328674317
  },
  "std": {
    "mae": 0.0032821627348469428,
    "mse": 2.8338515076164794e-05,
    "rmse": 0.0032340223612018085,
    "mape": 0.0032821627348469428
  }
}