{
  "domain": "calb",
  "task": "soh_point",
  "model": "bigru",
  "splits": [
    {
      "mae": 0.001138436673867582,
      "mse": 1.3230695820781343e-05,
      "rmse": 0.0036374023451883,
      "mape": 0.0011394086893692188
    },
    {
      "mae": 0.0007482215611621587,
      "mse": 1.1776777747994892e-06,
      "rmse": 0.0010852086319226774,
      "mape": 0.0007488302755193687
    },
    {
      "mae": 0.002171232844844009,
      "mse": 6.43763043480693e-06,
      "rmse": 0.0025372485953896852,
      "mape": 0.002174507909742025
    }
  ],
  "mean": {
    "mae": 0.0013526303599579164,
    "mse": 6.948668010129254e-06,
    "rmse": 0.002419953190833554,
    "mape": 0.0013542489582102043
  },
  "std": {
    "mae": 0.00060036071365038,
    "mse": 4.933874782679063e-06,
    "rmse": 0.0010452246477689637,
    "mape": 0.0006015294035580903
  }
}