{
  "domain": "calb",
  "task": "soh_point",
  "model": "bigru",
  "splits": [
    {
      "mae": 0.0009280379372413713,
      "mse": 1.937076278716119e-06,
      "rmse": 0.0013917888772066397,
      "mape": 0.0009284471552511529
    },
    {
      "mae": 0.0005502828186558138,
      "mse": 7.093129896773576e-07,
      "rmse": 0.0008422072130285738,
      "mape": 0.0005507488388232736
    },
    {
      "mae": 0.0011541094442810676,
      "mse": 2.499217734524713e-06,
      "rmse": 0.0015808914366662605,
      "mape": 0.0011552898226941534
    }
  ],
  "mean": {
    "mae": 0.0008774767333927509,
    "mse": 1.7152023343060632e-06,
    "rmse": 0.0012716291756338248,
    "mape": 0.0008781619389228598
  },
  "std": {
    "mae": 0.00024909031153975915,
    "mse": 7.473779875060217e-07,
    "rmse": 0.0003133074751468637,
    "mape": 0.00024935102771097645
  }
}