{
  "domain": "zn_ion",
  "task": "soh_traj",
  "model": "bilstm",
  "splits": [
    {
      "mae": 0.048094448413980716,
      "mse": 0.0032826610530403122,
      "rmse": 0.057294511543779764,
      "mape": 0.05163954453217951
    },
    {
      "mae": 0.041979998681110485,
      "mse": 0.002723098623796354,
      "rmse": 0.05218331748553703,
      "mape": 0.04490163037416161
    },
    {
      "mae": 0.03797037740781749,
      "mse": 0.002471912303346757,
      "rmse": 0.04971832965161598,
      "mape": 0.04112892693680839
    }
  ],
  "mean": {
    "mae": 0.04268160816763623,
    "mse": 0.002825890660061141,
    "rmse": 0.053065386226977596,
    "mape": 0.045890033947716506
  },
  "std": {
    "mae": 0.004162803169191477,
    "mse": 0.00033887365966488815,
    "rmse": 0.0031552249749959723,
    "mape": 0.00434748791657844
  }
}