{
  "domain": "zn_ion",
  "task": "soh_traj",
  "model": "bilstm",
  "splits": [
    {
      "mae": 0.0901694567187942,
      "mse": 0.016223207675914775,
      "rmse": 0.12737035634681554,
      "mape": 0.11689330100246244
    },
    {
      "mae": 0.09112728620094762,
      "mse": 0.015431222629054494,
      "rmse": 0.12422247231903934,
      "mape": 0.1200705029846627
    },
    {
      "mae": 0.10059724978036659,
      "mse": 0.017949705202104174,
      "rmse": 0.13397650988924953,
      "mape": 0.14429914420063422
    }
  ],
  "mean": {
    "mae": 0.09396466423336947,
    "mse": 0.01653471183569115,
    "rmse": 0.12852311285170145,
    "mape": 0.1270876493959198
  },
  "std": {
    "mae": 0.004706219474121232,
    "mse": 0.0010514956804023564,
    "rmse": 0.004064640033257197,
    "mape": 0.012239289689859684
  }
}