{
  "domain": "zn_ion",
  "task": "soh_traj",
  "model": "bilstm",
  "splits": [
    {
      "mae": 0.04010769002796273,
      "mse": 0.0025657365202923963,
      "rmse": 0.05065309980931469,
      "mape": 0.04385636682546702
    },
    {
      "mae": 0.04032587623345382,
      "mse": 0.0028011821628013698,
      "rmse": 0.05292619543100911,
      "mape": 0.04355450067525051
    },
    {
      "mae": 0.04080292128378986,
      "mse": 0.0026140868634795668,
      "rmse": 0.051128141600096974,
      "mape": 0.044257590673617994
    }
  ],
  "mean": {
    "mae": 0.0404121625150688,
    "mse": 0.002660335182191111,
    "rmse": 0.05156914561347359,
    "mape": 0.04388948605811185
  },
  "std": {
    "mae": 0.00029031088688501536,
    "mse": 0.00010153108844700149,
    "rmse": 0.000978980534774926,
    "mape": 0.00028798906128454845
  }
}