{
  "domain": "zn_ion",
  "task": "soh_traj",
  "model": "bilstm",
  "splits": [
    {
      "mae": 0.08954052986397695,
      "mse": 0.016032593493141747,
      "rmse": 0.12661987795422072,
      "mape": 0.11525904541900736
    },
    {
      "mae": 0.08799874086438192,
      "mse": 0.014939769912839735,
      "rmse": 0.12222835150994933,
      "mape": 0.11656110752024569
    },
    {
      "mae": 0.10060488269928447,
      "mse": 0.018408534974375716,
      "rmse": 0.13567805634801713,
      "mape": 0.14688113129253447
    }
  ],
  "mean": {
    "mae": 0.09271471780921443,
    "mse": 0.016460299460119066,
    "rmse": 0.1281754286040624,
    "mape": 0.12623376141059583
  },
  "std": {
    "mae": 0.005614582491108211,
    "mse": 0.0014480520383545574,
    "rmse": 0.0055999073460164354,
    "mape": 0.014609568866786363
  }
}