{
  "domain": "na_ion",
  "task": "soh_point",
  "model": "batterymformer",
  "splits": [
    {
      "mae": 0.03578851439736106,
      "mse": 0.0017195258296948427,
      "rmse": 0.041467165681956644,
      "mape": 0.04250984909323119
    },
    {
      "mae": 0.0392771688374606,
      "mse": 0.0020532050416467744,
      "rmse": 0.045312305631547534,
      "mape": 0.04445506073900151
    },
    {
      "mae": 0.04191474481062456,
      "mse": 0.0020238945023655992,
      "rmse": 0.04498771501605298,
      "mape": 0.04989217429097985
    }
  ],
  "mean": {
    "mae": 0.038993476015148736,
    "mse": 0.0019322084579024054,
    "rmse": 0.04392239544318572,
    "mape": 0.045619028041070854
  },
  "std": {
    "mae": 0.0025090550654475624,
    "mse": 0.0001508646240490584,
    "rmse": 0.0017411595087250568,
    "mape": 0.003124184826109965
  }
}