{
  "domain": "na_ion",
  "task": "soh_point",
  "model": "batterymformer",
  "splits": [
    {
      "mae": 0.010360838969548543,
      "mse": 0.00016578899216257288,
      "rmse": 0.012875907430646311,
      "mape": 0.011973935616790549
    },
    {
      "mae": 0.016572387715180714,
      "mse": 0.00046087820788517437,
      "rmse": 0.02146807415408225,
      "mape": 0.019503695043222257
    },
    {
      "mae": 0.014839558402697245,
      "mse": 0.00037500595060393496,
      "rmse": 0.019365070374360506,
      "mape": 0.016997052591599955
    }
  ],
  "mean": {
    "mae": 0.013924261695808834,
    "mse": 0.00033389105021722746,
    "rmse": 0.017903017319696356,
    "mape": 0.016158227750537588
  },
  "std": {
    "mae": 0.0026171435447922644,
    "mse": 0.00012392803714065048,
    "rmse": 0.003656914145543986,
    "mape": 0.0031307123353928865
  }
}