{
  "domain": "na_ion",
  "task": "soh_point",
  "model": "batterymformer",
  "splits": [
    {
      "mae": 0.03547954559326172,
      "mse": 0.0016713537111282437,
      "rmse": 0.04088219308119666,
      "mape": 0.04210549982372809
    },
    {
      "mae": 0.03582431511445479,
      "mse": 0.0017401216990064422,
      "rmse": 0.04171476595890767,
      "mape": 0.040543040845456686
    },
    {
      "mae": 0.04147598418322476,
      "mse": 0.0019768791925455723,
      "rmse": 0.044462109627699545,
      "mape": 0.04936021553720089
    }
  ],
  "mean": {
    "mae": 0.03759328163031376,
    "mse": 0.0017961182008934193,
    "rmse": 0.042353022889267955,
    "mape": 0.04400291873546189
  },
  "std": {
    "mae": 0.0027490908608086124,
    "mse": 0.0001308642072697402,
    "rmse": 0.001529592440673003,
    "mape": 0.003841509363183297
  }
}