{
  "domain": "calb",
  "task": "soh_traj",
  "model": "lstm",
  "splits": [
    {
      "mae": 0.009135292997263898,
      "mse": 0.00012918206804933235,
      "rmse": 0.011365828964458877,
      "mape": 0.009135292997263898
    },
    {
      "mae": 0.006375778443885572,
      "mse": 7.257017499924245e-05,
      "rmse": 0.008518813004124604,
      "mape": 0.006376132133665904
    },
    {
      "mae": 0.01077881268780641,
      "mse": 0.00023387608189597304,
      "rmse": 0.015293007614461358,
      "mape": 0.010779350517093457
    }
  ],
  "mean": {
    "mae": 0.00876329470965196,
    "mse": 0.0001452094416481826,
    "rmse": 0.01172588319434828,
    "mape": 0.008763591882674419
  },
  "std": {
    "mae": 0.0018166754769403269,
    "mse": 6.682093697987192e-05,
    "rmse": 0.0027772477312409875,
    "mape": 0.0018167194466911839
  }
}