{
  "domain": "calb",
  "task": "soh_traj",
  "model": "lstm",
  "splits": [
    {
      "mae": 0.00559217982552846,
      "mse": 7.76797172908771e-05,
      "rmse": 0.008813609776412675,
      "mape": 0.005817712540899422
    },
    {
      "mae": 0.006989854698274831,
      "mse": 0.00010700909202356393,
      "rmse": 0.01034451990300004,
      "mape": 0.007225286784166086
    },
    {
      "mae": 0.00561064860501643,
      "mse": 6.655890714903214e-05,
      "rmse": 0.008158364244689749,
      "mape": 0.005858024494625236
    }
  ],
  "mean": {
    "mae": 0.006064227709606573,
    "mse": 8.374923882115773e-05,
    "rmse": 0.009105497974700822,
    "mape": 0.006300341273230248
  },
  "std": {
    "mae": 0.0006545605475264778,
    "mse": 1.706231095721122e-05,
    "rmse": 0.0009160488272340981,
    "mape": 0.0006542422650433438
  }
}