{
  "domain": "calb",
  "task": "soh_traj",
  "model": "lstm",
  "splits": [
    {
      "mae": 0.029947660667727694,
      "mse": 0.001096947215497658,
      "rmse": 0.03312019347011213,
      "mape": 0.029947660667727694
    },
    {
      "mae": 0.06512584734444667,
      "mse": 0.006341230902917846,
      "rmse": 0.07963184603484869,
      "mape": 0.0651297361947946
    },
    {
      "mae": 0.048545267967262655,
      "mse": 0.004189066179298997,
      "rmse": 0.0647229957534337,
      "mape": 0.048549910986232785
    }
  ],
  "mean": {
    "mae": 0.047872925326479,
    "mse": 0.0038757480992381668,
    "rmse": 0.05915834508613151,
    "mape": 0.04787576928291836
  },
  "std": {
    "mae": 0.014369301489297338,
    "mse": 0.0021524023807527447,
    "rmse": 0.019391707142702715,
    "mape": 0.014370930377563611
  }
}