{
  "domain": "calb",
  "task": "soh_traj",
  "model": "lstm",
  "splits": [
    {
      "mae": 0.004855415665237975,
      "mse": 4.39371697807246e-05,
      "rmse": 0.006628511882822916,
      "mape": 0.005127681317995149
    },
    {
      "mae": 0.005324971799744302,
      "mse": 8.205054283552564e-05,
      "rmse": 0.009058175469459931,
      "mape": 0.005542056842579367
    },
    {
      "mae": 0.004477300230777169,
      "mse": 6.245241652695983e-05,
      "rmse": 0.007902684134328021,
      "mape": 0.004651162475929443
    }
  ],
  "mean": {
    "mae": 0.004885895898586482,
    "mse": 6.281337638107002e-05,
    "rmse": 0.00786312382887029,
    "mape": 0.005106966878834653
  },
  "std": {
    "mae": 0.0003467309770581365,
    "mse": 1.5561812671104394e-05,
    "rmse": 0.0009923003743435058,
    "mape": 0.0003640009241054594
  }
}