{
  "domain": "na_ion",
  "task": "rul",
  "model": "bigru",
  "splits": [
    {
      "mae": 42.83991449529474,
      "mse": 2381.8694127232516,
      "rmse": 48.80439952220754,
      "mape": 1.5987370732075135,
      "acc15": 0.2727272727272727
    },
    {
      "mae": 59.813325361772016,
      "mse": 3944.9778999757573,
      "rmse": 62.80905905978657,
      "mape": 0.7064967843429059,
      "acc15": 0.0
    },
    {
      "mae": 52.37093283913352,
      "mse": 3182.0264859301546,
      "rmse": 56.40945387016395,
      "mape": 5.62420790067299,
      "acc15": 0.09090909090909091
    }
  ],
  "mean": {
    "mae": 51.67472423206676,
    "mse": 3169.6245995430545,
    "rmse": 56.00763748405269,
    "mape": 2.6431472527411364,
    "acc15": 0.12121212121212122
  },
  "std": {
    "mae": 6.946831360602597,
    "mse": 638.1966211232361,
    "rmse": 5.72443385829472,
    "mape": 2.139168860913698,
    "acc15": 0.11338355717496791
  }
}