{
  "domain": "na_ion",
  "task": "rul",
  "model": "bigru",
  "splits": [
    {
      "mae": 40.01891995747884,
      "mse": 2017.7845437033718,
      "rmse": 44.91975671910269,
      "mape": 0.2360582554855095,
      "acc15": 0.34
    },
    {
      "mae": 23.894511540730793,
      "mse": 878.7034623898983,
      "rmse": 29.642932756221985,
      "mape": 0.15351115316256,
      "acc15": 0.5066666666666667
    },
    {
      "mae": 38.88593869527181,
      "mse": 1645.462294515644,
      "rmse": 40.564298274660736,
      "mape": 0.19686596957983704,
      "acc15": 0.08666666666666667
    }
  ],
  "mean": {
    "mae": 34.26645673116048,
    "mse": 1513.9834335363048,
    "rmse": 38.37566258332847,
    "mape": 0.1954784594093022,
    "acc15": 0.3111111111111111
  },
  "std": {
    "mae": 7.348643725662862,
    "mse": 474.23021527164514,
    "rmse": 6.425881638096657,
    "mape": 0.03371399228642687,
    "acc15": 0.17267681937833257
  }
}