{
  "domain": "na_ion",
  "task": "rul",
  "model": "bigru",
  "splits": [
    {
      "mae": 22.6248779296875,
      "mse": 984.59644324578,
      "rmse": 31.378279800616543,
      "mape": 0.9251015244888112,
      "acc15": 0.36363636363636365
    },
    {
      "mae": 15.260750510475852,
      "mse": 361.4018712986938,
      "rmse": 19.010572618905876,
      "mape": 0.14813070786516122,
      "acc15": 0.7272727272727273
    },
    {
      "mae": 22.3650859485973,
      "mse": 1298.3577843823005,
      "rmse": 36.03273212486531,
      "mape": 4.711543559055493,
      "acc15": 0.45454545454545453
    }
  ],
  "mean": {
    "mae": 20.08357146292022,
    "mse": 881.4520329755915,
    "rmse": 28.807194848129246,
    "mape": 1.9282585971364885,
    "acc15": 0.5151515151515151
  },
  "std": {
    "mae": 3.411898242216687,
    "mse": 389.4018257045649,
    "rmse": 7.18314401620262,
    "mape": 1.993477246238268,
    "acc15": 0.15451574283614503
  }
}