{
  "domain": "li_ion",
  "task": "rul",
  "model": "patchtst",
  "splits": [
    {
      "mae": 220.14622260494508,
      "mse": 158892.08689173183,
      "rmse": 398.61270287301664,
      "mape": 0.502375117391359,
      "acc15": 0.3777536231884058
    },
    {
      "mae": 208.24488024393716,
      "mse": 150191.751457281,
      "rmse": 387.5458056246784,
      "mape": 0.4176274816618507,
      "acc15": 0.41804347826086957
    },
    {
      "mae": 188.3160542850218,
      "mse": 95972.06176979549,
      "rmse": 309.79357929078435,
      "mape": 0.4205955080480404,
      "acc15": 0.3944927536231884
    }
  ],
  "mean": {
    "mae": 205.569052377968,
    "mse": 135018.6333729361,
    "rmse": 365.31736259615974,
    "mape": 0.44686603570041666,
    "acc15": 0.39676328502415453
  },
  "std": {
    "mae": 13.131639778156282,
    "mse": 27837.624714731926,
    "rmse": 39.52034866650374,
    "mape": 0.03926954636683968,
    "acc15": 0.01652643518875369
  }
}