{
  "domain": "li_ion",
  "task": "rul",
  "model": "patchtst",
  "splits": [
    {
      "mae": 160.03049117640444,
      "mse": 67771.92609138247,
      "rmse": 260.3304171459464,
      "mape": 0.6198185057003972,
      "acc15": 0.34210526315789475
    },
    {
      "mae": 190.60877247860557,
      "mse": 124286.48347990788,
      "rmse": 352.5428817603724,
      "mape": 0.5868070173273512,
      "acc15": 0.35526315789473684
    },
    {
      "mae": 197.33044152510794,
      "mse": 126005.70858028908,
      "rmse": 354.9728279464346,
      "mape": 0.6719756477730607,
      "acc15": 0.3618421052631579
    }
  ],
  "mean": {
    "mae": 182.65656839337268,
    "mse": 106021.37271719315,
    "rmse": 322.61537561758445,
    "mape": 0.6262003902669364,
    "acc15": 0.35307017543859653
  },
  "std": {
    "mae": 16.232677667056514,
    "mse": 27055.54852671321,
    "rmse": 44.05328741783106,
    "mape": 0.03506156719224945,
    "acc15": 0.008205389006083206
  }
}