{
  "domain": "li_ion",
  "task": "rul",
  "model": "patchtst",
  "splits": [
    {
      "mae": 311.46244049072266,
      "mse": 391631.981818796,
      "rmse": 625.8050669488032,
      "mape": 1.140354819539683,
      "acc15": 0.21710526315789475
    },
    {
      "mae": 275.4875794460899,
      "mse": 316839.46695766115,
      "rmse": 562.8849500187948,
      "mape": 0.8740346615581158,
      "acc15": 0.24342105263157895
    },
    {
      "mae": 250.5730935146934,
      "mse": 222917.08618308138,
      "rmse": 472.1409600776884,
      "mape": 0.6155015269156694,
      "acc15": 0.28289473684210525
    }
  ],
  "mean": {
    "mae": 279.174371150502,
    "mse": 310462.84498651285,
    "rmse": 553.6103256817622,
    "mape": 0.8766303360044895,
    "acc15": 0.24780701754385967
  },
  "std": {
    "mae": 24.99429893123113,
    "mse": 69024.99539135427,
    "rmse": 63.074973523942944,
    "mape": 0.21427832032031116,
    "acc15": 0.027036903521793748
  }
}