{
  "domain": "li_ion",
  "task": "rul",
  "model": "patchtst",
  "splits": [
    {
      "mae": 233.56101454803908,
      "mse": 212393.90616105983,
      "rmse": 460.8621335725683,
      "mape": 0.4298256856976915,
      "acc15": 0.39311594202898553
    },
    {
      "mae": 192.15362342281617,
      "mse": 187746.75141056566,
      "rmse": 433.2975321999488,
      "mape": 0.3157434310676996,
      "acc15": 0.46608695652173915
    },
    {
      "mae": 205.47713725048564,
      "mse": 168754.91897975144,
      "rmse": 410.7979052767327,
      "mape": 0.3871184409414709,
      "acc15": 0.3893478260869565
    }
  ],
  "mean": {
    "mae": 210.39725840711364,
    "mse": 189631.858850459,
    "rmse": 434.9858570164167,
    "mape": 0.3775625192356207,
    "acc15": 0.4161835748792271
  },
  "std": {
    "mae": 17.25878914439869,
    "mse": 17865.33931196672,
    "rmse": 20.473471765983945,
    "mape": 0.04706149831232768,
    "acc15": 0.035320535093689265
  }
}