{
  "domain": "zn_ion",
  "task": "soh_point",
  "model": "dlinear",
  "splits": [
    {
      "mae": 1.4974480575571458,
      "mse": 3.320515145387551,
      "rmse": 1.8222280717263553,
      "mape": 1.5312733444626565
    },
    {
      "mae": 0.8714010448505481,
      "mse": 1.3107094709449154,
      "rmse": 1.1448622060950897,
      "mape": 0.8920620109661956
    },
    {
      "mae": 0.7959750977655252,
      "mse": 2.9834052395806356,
      "rmse": 1.7272536697256242,
      "mape": 0.8043690719205855
    }
  ],
  "mean": {
    "mae": 1.0549414000577397,
    "mse": 2.538209951971034,
    "rmse": 1.5647813158490231,
    "mape": 1.075901475783146
  },
  "std": {
    "mae": 0.3144109569993712,
    "mse": 0.8788169492136579,
    "rmse": 0.29944846892384347,
    "mape": 0.3239806238837094
  }
}