{
  "domain": "zn_ion",
  "task": "soh_point",
  "model": "dlinear",
  "splits": [
    {
      "mae": 5.517337653731045,
      "mse": 49.51811174194549,
      "rmse": 7.036910667469461,
      "mape": 5.598345874103382
    },
    {
      "mae": 6.105876433284659,
      "mse": 67.22816127888282,
      "rmse": 8.199278094983901,
      "mape": 6.183169886972355
    },
    {
      "mae": 3.693912913791443,
      "mse": 24.297379010843546,
      "rmse": 4.929237163176828,
      "mape": 3.7952380818922458
    }
  ],
  "mean": {
    "mae": 5.105709000269049,
    "mse": 47.01455067722395,
    "rmse": 6.721808641876731,
    "mape": 5.1922512809893275
  },
  "std": {
    "mae": 1.0267978107056024,
    "mse": 17.615596877767935,
    "rmse": 1.3534545648876677,
    "mape": 1.0162805355299749
  }
}