{
  "domain": "zn_ion",
  "task": "soh_point",
  "model": "dlinear",
  "splits": [
    {
      "mae": 0.018561689916409944,
      "mse": 0.001126803619961901,
      "rmse": 0.03356789567372225,
      "mape": 0.019880604126879087
    },
    {
      "mae": 0.015479277435101961,
      "mse": 0.0008075297323531578,
      "rmse": 0.02841706762410854,
      "mape": 0.01637996552649866
    },
    {
      "mae": 0.02371635073109677,
      "mse": 0.0018342698160736521,
      "rmse": 0.042828376295087955,
      "mape": 0.025862260058327743
    }
  ],
  "mean": {
    "mae": 0.01925243936086956,
    "mse": 0.0012562010561295704,
    "rmse": 0.03493777986430625,
    "mape": 0.02070760990390183
  },
  "std": {
    "mae": 0.003398057799897234,
    "mse": 0.00042903501973977717,
    "rmse": 0.005962599624563691,
    "mape": 0.0039150505585079974
  }
}