{
  "domain": "zn_ion",
  "task": "soh_point",
  "model": "dlinear",
  "splits": [
    {
      "mae": 0.019397134053629268,
      "mse": 0.0012640515798379027,
      "rmse": 0.03555350306000666,
      "mape": 0.020894428030086256
    },
    {
      "mae": 0.027382738622584085,
      "mse": 0.002461776891292835,
      "rmse": 0.049616296630168144,
      "mape": 0.030280912847007138
    },
    {
      "mae": 0.02238755399260778,
      "mse": 0.0019027319514759752,
      "rmse": 0.043620315811281965,
      "mape": 0.024694750137161645
    }
  ],
  "mean": {
    "mae": 0.02305580888960704,
    "mse": 0.001876186807535571,
    "rmse": 0.04293003850048558,
    "mape": 0.025290030338085013
  },
  "std": {
    "mae": 0.0032941760263077054,
    "mse": 0.0004893294486165506,
    "rmse": 0.005761822791651615,
    "mape": 0.003855065342531398
  }
}