{
  "domain": "zn_ion",
  "task": "soh_point",
  "model": "dlinear",
  "splits": [
    {
      "mae": 0.19303842137257257,
      "mse": 0.04045058231964497,
      "rmse": 0.20112330128467207,
      "mape": 0.19565759194896493
    },
    {
      "mae": 0.15143794566392899,
      "mse": 0.0271495888722512,
      "rmse": 0.1647713229668658,
      "mape": 0.15306974005682036
    },
    {
      "mae": 0.11984386543432872,
      "mse": 0.018304848419482767,
      "rmse": 0.13529541167195128,
      "mape": 0.1215066059987883
    }
  ],
  "mean": {
    "mae": 0.1547734108236101,
    "mse": 0.02863500653712631,
    "rmse": 0.1670633453078297,
    "mape": 0.15674464600152455
  },
  "std": {
    "mae": 0.02997448638006176,
    "mse": 0.009101766558331434,
    "rmse": 0.026922949163922672,
    "mape": 0.03038333841238911
  }
}