{
  "domain": "li_ion",
  "task": "rul",
  "model": "timemixer",
  "splits": [
    {
      "mae": 169.02669513647106,
      "mse": 124876.9856204756,
      "rmse": 353.3793791670301,
      "mape": 0.3349702560867852,
      "acc15": 0.5071014492753623
    },
    {
      "mae": 150.61695524022198,
      "mse": 83290.84828784609,
      "rmse": 288.6015389561291,
      "mape": 0.2657028409495157,
      "acc15": 0.5463768115942029
    },
    {
      "mae": 165.09183653555056,
      "mse": 143732.1749567421,
      "rmse": 379.1202645028911,
      "mape": 0.2640635615032154,
      "acc15": 0.5362318840579711
    }
  ],
  "mean": {
    "mae": 161.57849563741453,
    "mse": 117300.00295502126,
    "rmse": 340.3670608753501,
    "mape": 0.28824555284650544,
    "acc15": 0.5299033816425122
  },
  "std": {
    "mae": 7.915693440323582,
    "mse": 25250.03619942615,
    "rmse": 38.08236896645215,
    "mape": 0.03304613168430786,
    "acc15": 0.016646841110471076
  }
}