{
  "domain": "li_ion",
  "task": "rul",
  "model": "timemixer",
  "splits": [
    {
      "mae": 197.9421712975753,
      "mse": 161477.73135299978,
      "rmse": 401.84291875433087,
      "mape": 0.5130791761277378,
      "acc15": 0.3355263157894737
    },
    {
      "mae": 162.26389694213867,
      "mse": 81967.63035206092,
      "rmse": 286.29989582963685,
      "mape": 0.4879425216989414,
      "acc15": 0.4473684210526316
    },
    {
      "mae": 170.22284879182516,
      "mse": 117249.77455224194,
      "rmse": 342.41754416536827,
      "mape": 0.5345507984980374,
      "acc15": 0.3881578947368421
    }
  ],
  "mean": {
    "mae": 176.80963901051305,
    "mse": 120231.71208576755,
    "rmse": 343.52011958311203,
    "mape": 0.5118574987749055,
    "acc15": 0.39035087719298245
  },
  "std": {
    "mae": 15.29213674374739,
    "mse": 32528.2749197808,
    "rmse": 47.17668414982096,
    "mape": 0.019047348690585178,
    "acc15": 0.045685672491227326
  }
}