{
  "domain": "li_ion",
  "task": "rul",
  "model": "timemixer",
  "splits": [
    {
      "mae": 586.6636503495669,
      "mse": 898518.886224713,
      "rmse": 947.9023611241365,
      "mape": 1.5295561354255172,
      "acc15": 0.09868421052631579
    },
    {
      "mae": 360.5772284457558,
      "mse": 421880.74013193155,
      "rmse": 649.5234715789196,
      "mape": 0.8613448429239221,
      "acc15": 0.15789473684210525
    },
    {
      "mae": 593.4715305127596,
      "mse": 815571.8699149899,
      "rmse": 903.090178174356,
      "mape": 1.0480762835124722,
      "acc15": 0.07236842105263158
    }
  ],
  "mean": {
    "mae": 513.5708031026942,
    "mse": 711990.4987572115,
    "rmse": 833.5053369591374,
    "mape": 1.1463257539539704,
    "acc15": 0.10964912280701754
  },
  "std": {
    "mae": 108.21848955642226,
    "mse": 207914.7355943216,
    "rmse": 131.37485306498493,
    "mape": 0.2815034655656294,
    "acc15": 0.03576646146995634
  }
}