{
  "domain": "li_ion",
  "task": "soh_traj",
  "model": "bilstm",
  "splits": [
    {
      "mae": 0.019002496914781637,
      "mse": 0.0007831118636504252,
      "rmse": 0.027984135928243795,
      "mape": 0.02133511732461393
    },
    {
      "mae": 0.020451500520763534,
      "mse": 0.0008116782651858799,
      "rmse": 0.028489967798961794,
      "mape": 0.022786937225611776
    },
    {
      "mae": 0.02167781177007138,
      "mse": 0.0008607414676426597,
      "rmse": 0.02933839579190825,
      "mape": 0.024397959145445493
    }
  ],
  "mean": {
    "mae": 0.020377269735205518,
    "mse": 0.0008185105321596549,
    "rmse": 0.02860416650637128,
    "mape": 0.022840004565223736
  },
  "std": {
    "mae": 0.0010934532609663495,
    "mse": 3.2058267347633205e-05,
    "rmse": 0.000558740221786843,
    "mape": 0.0012509628589633982
  }
}