{
  "domain": "li_ion",
  "task": "soh_traj",
  "model": "bilstm",
  "splits": [
    {
      "mae": 0.018673346359679502,
      "mse": 0.0007289594174776943,
      "rmse": 0.0269992484613497,
      "mape": 0.02070120485706608
    },
    {
      "mae": 0.01946226876275132,
      "mse": 0.0007990172127943556,
      "rmse": 0.028266892521010435,
      "mape": 0.021563938831553085
    },
    {
      "mae": 0.019492289405081693,
      "mse": 0.0008219849725492409,
      "rmse": 0.028670280301197632,
      "mape": 0.02169753764300685
    }
  ],
  "mean": {
    "mae": 0.01920930150917084,
    "mse": 0.0007833205342737635,
    "rmse": 0.02797880709451926,
    "mape": 0.02132089377720867
  },
  "std": {
    "mae": 0.00037917564218639037,
    "mse": 3.9566212534825284e-05,
    "rmse": 0.0007119605617185281,
    "mape": 0.00044156760819915474
  }
}