{
  "domain": "li_ion",
  "task": "soh_traj",
  "model": "bilstm",
  "splits": [
    {
      "mae": 0.05035127455868183,
      "mse": 0.0060708200308950315,
      "rmse": 0.07791546721219755,
      "mape": 0.4070151410381853
    },
    {
      "mae": 0.04793294535927702,
      "mse": 0.006298851134507255,
      "rmse": 0.07936530182962359,
      "mape": 0.21012513713122138
    },
    {
      "mae": 0.05055177542382221,
      "mse": 0.008113111295662136,
      "rmse": 0.09007281107893844,
      "mape": 0.8473889791542611
    }
  ],
  "mean": {
    "mae": 0.04961199844726035,
    "mse": 0.0068275941536881405,
    "rmse": 0.08245119337358653,
    "mape": 0.4881764191078893
  },
  "std": {
    "mae": 0.0011900881209474306,
    "mse": 0.0009137524419613132,
    "rmse": 0.005421703141963913,
    "mape": 0.2664165483860719
  }
}