{
  "domain": "li_ion",
  "task": "soh_traj",
  "model": "bilstm",
  "splits": [
    {
      "mae": 0.059859768953273405,
      "mse": 0.009091930069798783,
      "rmse": 0.09535161283270872,
      "mape": 0.3999966189206103
    },
    {
      "mae": 0.05551469797237424,
      "mse": 0.008194889766996774,
      "rmse": 0.09052563044241545,
      "mape": 0.16644096029015273
    },
    {
      "mae": 0.05240071026244492,
      "mse": 0.008544947795306516,
      "rmse": 0.09243888681343213,
      "mape": 0.7744106649748349
    }
  ],
  "mean": {
    "mae": 0.05592505906269752,
    "mse": 0.008610589210700691,
    "rmse": 0.0927720433628521,
    "mape": 0.4469494147285326
  },
  "std": {
    "mae": 0.003058941680455782,
    "mse": 0.0003691448882430791,
    "rmse": 0.0019842330966347793,
    "mape": 0.2504132773759281
  }
}