{
  "domain": "calb",
  "task": "soh_traj",
  "model": "dlinear",
  "splits": [
    {
      "mae": 0.005512476371484466,
      "mse": 7.836818335191245e-05,
      "rmse": 0.008852580604090112,
      "mape": 0.005750672545869224
    },
    {
      "mae": 0.006280157740567872,
      "mse": 0.00010132656015791414,
      "rmse": 0.010066109484697359,
      "mape": 0.006514333235397898
    },
    {
      "mae": 0.005631366957323062,
      "mse": 8.33255184400721e-05,
      "rmse": 0.009128281242384685,
      "mape": 0.005892552889566542
    }
  ],
  "mean": {
    "mae": 0.005808000356458468,
    "mse": 8.767342064996623e-05,
    "rmse": 0.009348990443724052,
    "mape": 0.006052519556944555
  },
  "std": {
    "mae": 0.00033737534920524225,
    "mse": 9.864074770319845e-06,
    "rmse": 0.0005194211519784084,
    "mape": 0.0003316488234934389
  }
}