{
  "domain": "calb",
  "task": "soh_traj",
  "model": "dlinear",
  "splits": [
    {
      "mae": 1.7734150664222361,
      "mse": 5.115073199982362,
      "rmse": 2.2616527584893227,
      "mape": 1.7734150664222361
    },
    {
      "mae": 1.2453107637588423,
      "mse": 2.9088308652554584,
      "rmse": 1.7055294970347064,
      "mape": 1.2453834692848427
    },
    {
      "mae": 1.698971939598671,
      "mse": 4.182857899313652,
      "rmse": 2.045203632725517,
      "mape": 1.6990563393670244
    }
  ],
  "mean": {
    "mae": 1.5725659232599165,
    "mse": 4.068920654850491,
    "rmse": 2.0041286294165155,
    "mape": 1.5726182916913676
  },
  "std": {
    "mae": 0.23339151562395818,
    "mse": 0.904290728192432,
    "rmse": 0.2288866348294948,
    "mape": 0.2333727730747389
  }
}