{
  "domain": "calb",
  "task": "soh_traj",
  "model": "dlinear",
  "splits": [
    {
      "mae": 0.05598430705792976,
      "mse": 0.00550649715081576,
      "rmse": 0.07420577572410222,
      "mape": 0.05598430705792976
    },
    {
      "mae": 0.05305910712540752,
      "mse": 0.00473582017243494,
      "rmse": 0.0688172955908247,
      "mape": 0.05306185612234923
    },
    {
      "mae": 0.06357007833442303,
      "mse": 0.006794921073736422,
      "rmse": 0.08243131124600908,
      "mape": 0.06357310166144982
    }
  ],
  "mean": {
    "mae": 0.057537830839253436,
    "mse": 0.005679079465662374,
    "rmse": 0.07515146085364534,
    "mape": 0.05753975494724293
  },
  "std": {
    "mae": 0.004429462423631256,
    "mse": 0.0008494361353209572,
    "rmse": 0.005597981531354589,
    "mape": 0.004429908524118913
  }
}