{
  "domain": "calb",
  "task": "soh_traj",
  "model": "dlinear",
  "splits": [
    {
      "mae": 0.005578576193302174,
      "mse": 6.061678900556687e-05,
      "rmse": 0.007785678455058806,
      "mape": 0.0058906298381277145
    },
    {
      "mae": 0.005365660576129287,
      "mse": 8.106738384201294e-05,
      "rmse": 0.0090037427685387,
      "mape": 0.005585797768957069
    },
    {
      "mae": 0.005281968292203495,
      "mse": 7.698207039952692e-05,
      "rmse": 0.008773942694110038,
      "mape": 0.00549092081557907
    }
  ],
  "mean": {
    "mae": 0.005408735020544985,
    "mse": 7.28887477490356e-05,
    "rmse": 0.008521121305902516,
    "mape": 0.005655782807554618
  },
  "std": {
    "mae": 0.0001248615702016484,
    "mse": 8.836408585388364e-06,
    "rmse": 0.0005284311110540309,
    "mape": 0.00017051931444330765
  }
}