{
  "domain": "calb",
  "task": "soh_traj",
  "model": "dlinear",
  "splits": [
    {
      "mae": 0.005227739270374482,
      "mse": 7.050943758899045e-05,
      "rmse": 0.00839698979331227,
      "mape": 0.005463474055299988
    },
    {
      "mae": 0.005676545008259763,
      "mse": 8.328024831928532e-05,
      "rmse": 0.009125801242591542,
      "mape": 0.005887875381503757
    },
    {
      "mae": 0.005847706630683664,
      "mse": 8.681404652279439e-05,
      "rmse": 0.009317405568225223,
      "mape": 0.006127041499776366
    }
  ],
  "mean": {
    "mae": 0.005583996969772635,
    "mse": 8.020124414369005e-05,
    "rmse": 0.008946732201376345,
    "mape": 0.005826130312193371
  },
  "std": {
    "mae": 0.00026142396795632566,
    "mse": 7.003345303308968e-06,
    "rmse": 0.0003965186761624644,
    "mape": 0.0002743960380306004
  }
}