{
  "domain": "li_ion",
  "task": "rul",
  "model": "dlinear",
  "splits": [
    {
      "mae": 585.2924277029539,
      "mse": 894841.7947113052,
      "rmse": 945.9607786326583,
      "mape": 1.559479715234471,
      "acc15": 0.11842105263157894
    },
    {
      "mae": 591.7660807684848,
      "mse": 822234.5195367456,
      "rmse": 906.7714814310966,
      "mape": 1.3581720373445456,
      "acc15": 0.039473684210526314
    },
    {
      "mae": 598.6833655457748,
      "mse": 842242.6317543582,
      "rmse": 917.7377794088887,
      "mape": 0.9377493433243397,
      "acc15": 0.10526315789473684
    }
  ],
  "mean": {
    "mae": 591.9139580057378,
    "mse": 853106.3153341362,
    "rmse": 923.4900131575479,
    "mape": 1.2851336986344521,
    "acc15": 0.08771929824561403
  },
  "std": {
    "mae": 5.46782740739235,
    "mse": 30621.003878162992,
    "rmse": 16.507905148998404,
    "mape": 0.2590213801085737,
    "acc15": 0.03453512225443777
  }
}