{
  "domain": "li_ion",
  "task": "rul",
  "model": "dlinear",
  "splits": [
    {
      "mae": 420.67933358012766,
      "mse": 410477.99875862966,
      "rmse": 640.6855693385248,
      "mape": 0.8974449343007251,
      "acc15": 0.16826086956521738
    },
    {
      "mae": 419.65334521528604,
      "mse": 515005.0953974272,
      "rmse": 717.6385548431934,
      "mape": 0.8719256637807181,
      "acc15": 0.2398550724637681
    },
    {
      "mae": 420.76036013727605,
      "mse": 407360.2267571632,
      "rmse": 638.2477784976327,
      "mape": 0.9648910194154467,
      "acc15": 0.16369565217391305
    }
  ],
  "mean": {
    "mae": 420.36434631089656,
    "mse": 444281.1069710734,
    "rmse": 665.5239675597836,
    "mape": 0.91142053916563,
    "acc15": 0.1906038647342995
  },
  "std": {
    "mae": 0.5038407448194836,
    "mse": 50025.606974572256,
    "rmse": 36.86401462886797,
    "mape": 0.03921842666891723,
    "acc15": 0.034875697360443964
  }
}