{
  "domain": "li_ion",
  "task": "rul",
  "model": "dlinear",
  "splits": [
    {
      "mae": 1180.5441796017558,
      "mse": 2938559.5271021044,
      "rmse": 1714.222718056818,
      "mape": 2.529313689693517,
      "acc15": 0.0672463768115942
    },
    {
      "mae": 1246.6608220019548,
      "mse": 3335412.480416736,
      "rmse": 1826.3111674675638,
      "mape": 2.846897521178625,
      "acc15": 0.07326086956521739
    },
    {
      "mae": 1561.608077519369,
      "mse": 3785905.6758460626,
      "rmse": 1945.7403927158584,
      "mape": 3.836732584695322,
      "acc15": 0.04449275362318841
    }
  ],
  "mean": {
    "mae": 1329.6043597076932,
    "mse": 3353292.5611216347,
    "rmse": 1828.7580927467468,
    "mape": 3.0709812651891553,
    "acc15": 0.061666666666666675
  },
  "std": {
    "mae": 166.25712297402225,
    "mse": 346158.583034149,
    "rmse": 94.532530564435,
    "mape": 0.5567741522971217,
    "acc15": 0.012389538535650713
  }
}