{
  "domain": "li_ion",
  "task": "rul",
  "model": "dlinear",
  "splits": [
    {
      "mae": 697.2433110287315,
      "mse": 1023464.9272240323,
      "rmse": 1011.6644341005729,
      "mape": 2.0014819944193896,
      "acc15": 0.046052631578947366
    },
    {
      "mae": 987.418740925036,
      "mse": 1739513.9250960557,
      "rmse": 1318.9063367411864,
      "mape": 3.3633099609652444,
      "acc15": 0.06578947368421052
    },
    {
      "mae": 850.2075827498185,
      "mse": 1374091.789191077,
      "rmse": 1172.2166135962573,
      "mape": 2.702268109718627,
      "acc15": 0.07894736842105263
    }
  ],
  "mean": {
    "mae": 844.9565449011952,
    "mse": 1379023.5471703883,
    "rmse": 1167.5957948126722,
    "mape": 2.689020021701087,
    "acc15": 0.06359649122807016
  },
  "std": {
    "mae": 118.52179849502241,
    "mse": 292346.57915558276,
    "rmse": 125.47353149629899,
    "mape": 0.5560428559584802,
    "acc15": 0.013518451760896878
  }
}