{
  "domain": "li_ion",
  "task": "soh_point",
  "model": "severson",
  "splits": [
    {
      "mae": 0.03461293459043865,
      "mse": 0.0018010785308238697,
      "rmse": 0.042439115575420155,
      "mape": 0.03717525056842249
    },
    {
      "mae": 0.03644646577024108,
      "mse": 0.0017997996503133298,
      "rmse": 0.04242404566178631,
      "mape": 0.038915388017758706
    },
    {
      "mae": 0.03597109964008655,
      "mse": 0.0016821013473790774,
      "rmse": 0.04101342886639786,
      "mape": 0.038001640576970995
    }
  ],
  "mean": {
    "mae": 0.03567683333358876,
    "mse": 0.0017609931761720923,
    "rmse": 0.04195886336786811,
    "mape": 0.03803075972105074
  },
  "std": {
    "mae": 0.0007769185462161019,
    "mse": 5.578739028113695e-05,
    "rmse": 0.0006685514555125649,
    "mape": 0.0007107064696762609
  }
}