{
  "domain": "li_ion",
  "task": "soh_point",
  "model": "severson",
  "splits": [
    {
      "mae": 0.03342628052180057,
      "mse": 0.001694400213031674,
      "rmse": 0.04116309285065536,
      "mape": 0.03570206010973698
    },
    {
      "mae": 0.029105697932996985,
      "mse": 0.0013500372939766697,
      "rmse": 0.0367428536449834,
      "mape": 0.03080018026729526
    },
    {
      "mae": 0.033103307472854795,
      "mse": 0.0017570265353483742,
      "rmse": 0.04191690035473012,
      "mape": 0.03577942028028899
    }
  ],
  "mean": {
    "mae": 0.031878428642550784,
    "mse": 0.001600488014118906,
    "rmse": 0.039940948950122956,
    "mape": 0.03409388688577374
  },
  "std": {
    "mae": 0.001965045307088086,
    "mse": 0.00017893143282004677,
    "rmse": 0.0022822381739375387,
    "mape": 0.00232921640835907
  }
}