{
  "domain": "li_ion",
  "task": "soh_point",
  "model": "severson",
  "splits": [
    {
      "mae": 0.03972122609203256,
      "mse": 0.0023034251174074375,
      "rmse": 0.04799401126606774,
      "mape": 0.042778307557568555
    },
    {
      "mae": 0.04180730950901813,
      "mse": 0.0023861146452081156,
      "rmse": 0.04884787247371287,
      "mape": 0.04465492243025769
    },
    {
      "mae": 0.04065256951351228,
      "mse": 0.0021125465370736758,
      "rmse": 0.04596244703095861,
      "mape": 0.0430280052623023
    }
  ],
  "mean": {
    "mae": 0.04072703503818766,
    "mse": 0.0022673620998964095,
    "rmse": 0.04760144359024641,
    "mape": 0.04348707841670951
  },
  "std": {
    "mae": 0.000853266211460186,
    "mse": 0.000114557942751153,
    "rmse": 0.001210234696659627,
    "mape": 0.0008320584778818365
  }
}