{
  "domain": "li_ion",
  "task": "soh_point",
  "model": "severson",
  "splits": [
    {
      "mae": 0.0314320060715461,
      "mse": 0.0015065601285198995,
      "rmse": 0.038814431961834754,
      "mape": 0.03328306747491685
    },
    {
      "mae": 0.02991986724819548,
      "mse": 0.001276368427003896,
      "rmse": 0.03572629881479323,
      "mape": 0.031364940808924116
    },
    {
      "mae": 0.031111495395016783,
      "mse": 0.0015265027932708831,
      "rmse": 0.03907048493774915,
      "mape": 0.03311096117639604
    }
  ],
  "mean": {
    "mae": 0.030821122904919455,
    "mse": 0.001436477116264893,
    "rmse": 0.03787040523812571,
    "mape": 0.03258632315341233
  },
  "std": {
    "mae": 0.000650578251775573,
    "mse": 0.00011350630452974371,
    "rmse": 0.0015197116058757907,
    "mape": 0.0008665011129318823
  }
}