{
  "domain": "li_ion",
  "task": "soh_point",
  "model": "severson",
  "splits": [
    {
      "mae": 0.3064794794548015,
      "mse": 0.11651510376434875,
      "rmse": 0.34134308805708774,
      "mape": 5.251372849027868
    },
    {
      "mae": 0.32585017800544575,
      "mse": 0.12752570484039247,
      "rmse": 0.3571074135892343,
      "mape": 4.351371043144183
    },
    {
      "mae": 0.32587310516309936,
      "mse": 0.1277599328226825,
      "rmse": 0.3574352148609346,
      "mape": 4.641201206087242
    }
  ],
  "mean": {
    "mae": 0.3194009208744489,
    "mse": 0.1239335804758079,
    "rmse": 0.35196190550241885,
    "mape": 4.747981699419764
  },
  "std": {
    "mae": 0.009136843644814251,
    "mse": 0.0052465266749071445,
    "rmse": 0.007509830285316434,
    "mape": 0.37510209096167096
  }
}