{
  "domain": "na_ion",
  "task": "soh_point",
  "model": "bigru",
  "splits": [
    {
      "mae": 0.036095245317979294,
      "mse": 0.0017564052419342215,
      "rmse": 0.04190948868614626,
      "mape": 0.04287661327236348
    },
    {
      "mae": 0.030921746384013783,
      "mse": 0.0013703626870845394,
      "rmse": 0.037018410110167335,
      "mape": 0.03498646484045987
    },
    {
      "mae": 0.0415267294103449,
      "mse": 0.001981249432347454,
      "rmse": 0.04451122816040301,
      "mape": 0.04938050008587223
    }
  ],
  "mean": {
    "mae": 0.03618124037077933,
    "mse": 0.0017026724537887383,
    "rmse": 0.041146375652238866,
    "mape": 0.04241452606623186
  },
  "std": {
    "mae": 0.004329893194142503,
    "mse": 0.00025227110189357104,
    "rmse": 0.0031061591191667236,
    "mape": 0.005885417351448476
  }
}