{
  "domain": "na_ion",
  "task": "soh_point",
  "model": "bigru",
  "splits": [
    {
      "mae": 0.006953277786572774,
      "mse": 7.738307358355456e-05,
      "rmse": 0.008796764949886666,
      "mape": 0.008072820226339905
    },
    {
      "mae": 0.009440868596235911,
      "mse": 0.00017996641064440766,
      "rmse": 0.01341515600522065,
      "mape": 0.011103777349445485
    },
    {
      "mae": 0.013592582146326701,
      "mse": 0.00029650887240673996,
      "rmse": 0.01721943298737621,
      "mape": 0.015435658006542972
    }
  ],
  "mean": {
    "mae": 0.009995576176378461,
    "mse": 0.0001846194522115674,
    "rmse": 0.013143784647494508,
    "mape": 0.011537418527442786
  },
  "std": {
    "mae": 0.002738718188004817,
    "mse": 8.951821797579927e-05,
    "rmse": 0.003443889857683467,
    "mape": 0.003021465267916388
  }
}