{
  "domain": "na_ion",
  "task": "soh_point",
  "model": "bigru",
  "splits": [
    {
      "mae": 0.03221736171028831,
      "mse": 0.0014044489523131047,
      "rmse": 0.0374759783369708,
      "mape": 0.03827956918991768
    },
    {
      "mae": 0.032610497691414574,
      "mse": 0.0014619505556267918,
      "rmse": 0.0382354620166514,
      "mape": 0.036902454813237666
    },
    {
      "mae": 0.04097586328333074,
      "mse": 0.0019530273770136184,
      "rmse": 0.04419306933234688,
      "mape": 0.04891936980191242
    }
  ],
  "mean": {
    "mae": 0.03526790756167788,
    "mse": 0.0016064756283178383,
    "rmse": 0.03996816989532303,
    "mape": 0.04136713126835592
  },
  "std": {
    "mae": 0.004039324024732877,
    "mse": 0.00024617093585418585,
    "rmse": 0.003003501878879459,
    "mape": 0.005369751152050185
  }
}