{
  "domain": "na_ion",
  "task": "soh_point",
  "model": "bigru",
  "splits": [
    {
      "mae": 0.01946292809214458,
      "mse": 0.0005626207433112237,
      "rmse": 0.023719627807181624,
      "mape": 0.02278619783605665
    },
    {
      "mae": 0.024110166846957666,
      "mse": 0.0009807718434418234,
      "rmse": 0.031317277075790344,
      "mape": 0.02743723477032488
    },
    {
      "mae": 0.022871360252984394,
      "mse": 0.000652505241613694,
      "rmse": 0.025544182148068355,
      "mape": 0.026275678151509354
    }
  ],
  "mean": {
    "mae": 0.022148151730695547,
    "mse": 0.0007319659427889137,
    "rmse": 0.02686036234368011,
    "mape": 0.025499703585963627
  },
  "std": {
    "mae": 0.0019649393436087844,
    "mse": 0.00017971846113398385,
    "rmse": 0.0032383448789660126,
    "mape": 0.0019764679836790037
  }
}