{
  "domain": "calb",
  "task": "soh_point",
  "model": "dlinear",
  "splits": [
    {
      "mae": 0.0025878274079525108,
      "mse": 9.767144032985234e-06,
      "rmse": 0.0031252430358270113,
      "mape": 0.0025888942329917296
    },
    {
      "mae": 0.0024344952419550732,
      "mse": 9.213460978699716e-06,
      "rmse": 0.003035368343166891,
      "mape": 0.002435927195555449
    },
    {
      "mae": 0.002522632329150884,
      "mse": 9.999890340247585e-06,
      "rmse": 0.003162260321391581,
      "mape": 0.002525517804011597
    }
  ],
  "mean": {
    "mae": 0.002514984993019489,
    "mse": 9.660165117310843e-06,
    "rmse": 0.003107623900128494,
    "mape": 0.0025167797441862584
  },
  "std": {
    "mae": 6.283072281825368e-05,
    "mse": 3.2984961368811525e-07,
    "rmse": 5.3280509203747125e-05,
    "mape": 6.275345357105329e-05
  }
}