{
  "domain": "calb",
  "task": "soh_point",
  "model": "dlinear",
  "splits": [
    {
      "mae": 0.05052586793899536,
      "mse": 0.0030121143796115746,
      "rmse": 0.05488273298234678,
      "mape": 0.05052586793899536
    },
    {
      "mae": 0.0945444107055664,
      "mse": 0.009105493962306355,
      "rmse": 0.09542271198360669,
      "mape": 0.0945444107055664
    },
    {
      "mae": 0.027506446838378905,
      "mse": 0.0012531663944173488,
      "rmse": 0.035400090316514005,
      "mape": 0.027506446838378905
    }
  ],
  "mean": {
    "mae": 0.057525575160980225,
    "mse": 0.0044569249121117595,
    "rmse": 0.061901845094155826,
    "mape": 0.057525575160980225
  },
  "std": {
    "mae": 0.027812096597939952,
    "mse": 0.0033645574413757127,
    "rmse": 0.02500172966118337,
    "mape": 0.027812096597939952
  }
}