{
  "domain": "calb",
  "task": "soh_point",
  "model": "dlinear",
  "splits": [
    {
      "mae": 0.07730710506439209,
      "mse": 0.006098299135904028,
      "rmse": 0.07809160733333659,
      "mape": 0.07730710506439209
    },
    {
      "mae": 0.31573407649993895,
      "mse": 0.10330536877692964,
      "rmse": 0.32141152558197045,
      "mape": 0.31573407649993895
    },
    {
      "mae": 0.40097899436950685,
      "mse": 0.1678830499740968,
      "rmse": 0.4097353413779397,
      "mape": 0.40097899436950685
    }
  ],
  "mean": {
    "mae": 0.264673391977946,
    "mse": 0.09242890596231017,
    "rmse": 0.26974615809774893,
    "mape": 0.264673391977946
  },
  "std": {
    "mae": 0.13698240302918835,
    "mse": 0.06649460872112055,
    "rmse": 0.14023521723809038,
    "mape": 0.13698240302918835
  }
}