{
  "domain": "calb",
  "task": "soh_point",
  "model": "dlinear",
  "splits": [
    {
      "mae": 5.131782044906809,
      "mse": 45.76012443266915,
      "rmse": 6.76462300743132,
      "mape": 5.135612616208889
    },
    {
      "mae": 5.5524738569773975,
      "mse": 63.21716721787299,
      "rmse": 7.950922413020579,
      "mape": 5.555890803412953
    },
    {
      "mae": 4.213559656793421,
      "mse": 30.768423843916104,
      "rmse": 5.546929226510476,
      "mape": 4.219805722545056
    }
  ],
  "mean": {
    "mae": 4.965938519559209,
    "mse": 46.58190516481941,
    "rmse": 6.754158215654125,
    "mape": 4.970436380722299
  },
  "std": {
    "mae": 0.559047323601121,
    "mse": 13.259882586610079,
    "rmse": 0.981454004389051,
    "mape": 0.5578191029396447
  }
}