{
  "domain": "calb",
  "task": "soh_point",
  "model": "dlinear",
  "splits": [
    {
      "mae": 0.002495345443186134,
      "mse": 1.0288929501621399e-05,
      "rmse": 0.003207636123630827,
      "mape": 0.0024965266767750264
    },
    {
      "mae": 0.00332835064299645,
      "mse": 1.717642167096922e-05,
      "rmse": 0.0041444446758244005,
      "mape": 0.003329597004135007
    },
    {
      "mae": 0.0018836216493086381,
      "mse": 5.324927491416259e-06,
      "rmse": 0.002307580440941606,
      "mape": 0.0018863074723305137
    }
  ],
  "mean": {
    "mae": 0.002569105911830407,
    "mse": 1.093009288800229e-05,
    "rmse": 0.0032198870801322783,
    "mape": 0.002570810384413516
  },
  "std": {
    "mae": 0.0005921097428413735,
    "mse": 4.859547059690576e-06,
    "rmse": 0.0007499467175736726,
    "mape": 0.0005915571091447266
  }
}