{
  "domain": "li_ion",
  "task": "soh_point",
  "model": "transformer",
  "splits": [
    {
      "mae": 0.010806098541487818,
      "mse": 0.00024030567074570083,
      "rmse": 0.015501795726486038,
      "mape": 0.01147245228563436
    },
    {
      "mae": 0.010831600803395977,
      "mse": 0.00024159068313480943,
      "rmse": 0.015543187676111018,
      "mape": 0.011474876486533196
    },
    {
      "mae": 0.0153325809991878,
      "mse": 0.0005363345086413048,
      "rmse": 0.023158896965125624,
      "mape": 0.016557180516937588
    }
  ],
  "mean": {
    "mae": 0.0123234267813572,
    "mse": 0.0003394102875072717,
    "rmse": 0.018067960122574226,
    "mape": 0.013168169763035047
  },
  "std": {
    "mae": 0.0021278188239535157,
    "mse": 0.000139247440350249,
    "rmse": 0.003599875625120848,
    "mape": 0.002396392689959612
  }
}