{
  "domain": "li_ion",
  "task": "soh_point",
  "model": "transformer",
  "splits": [
    {
      "mae": 0.030576542411979876,
      "mse": 0.0015108335792651981,
      "rmse": 0.038869442744464425,
      "mape": 0.032624576374006335
    },
    {
      "mae": 0.028167418743434706,
      "mse": 0.001456084018552146,
      "rmse": 0.03815866898297353,
      "mape": 0.030305266999091855
    },
    {
      "mae": 0.02912260160634392,
      "mse": 0.0015200939236101533,
      "rmse": 0.03898838190551326,
      "mape": 0.031033325390942168
    }
  ],
  "mean": {
    "mae": 0.0292888542539195,
    "mse": 0.0014956705071424992,
    "rmse": 0.03867216454431707,
    "mape": 0.03132105625468012
  },
  "std": {
    "mae": 0.0009905214686233212,
    "mse": 2.8246015099861513e-05,
    "rmse": 0.0003663285407457711,
    "mape": 0.0009684664102253245
  }
}