{
  "domain": "li_ion",
  "task": "soh_point",
  "model": "transformer",
  "splits": [
    {
      "mae": 0.008005561583535398,
      "mse": 0.00015495157837141775,
      "rmse": 0.012447954786687561,
      "mape": 0.008452672886290443
    },
    {
      "mae": 0.008584627149483796,
      "mse": 0.00019494552779839516,
      "rmse": 0.013962289489850694,
      "mape": 0.009065076372287179
    },
    {
      "mae": 0.011497228643720462,
      "mse": 0.00026765438048945996,
      "rmse": 0.016360146102326226,
      "mape": 0.012085952117963678
    }
  ],
  "mean": {
    "mae": 0.009362472458913218,
    "mse": 0.00020585049555309093,
    "rmse": 0.014256796792954829,
    "mape": 0.0098679004588471
  },
  "std": {
    "mae": 0.001527899911391748,
    "mse": 4.665239645586538e-05,
    "rmse": 0.0016106646943060288,
    "mape": 0.001588201158396419
  }
}