{
  "domain": "li_ion",
  "task": "soh_point",
  "model": "transformer",
  "splits": [
    {
      "mae": 0.010022034770564028,
      "mse": 0.00019534587322713853,
      "rmse": 0.01397661880524537,
      "mape": 0.010804494803126253
    },
    {
      "mae": 0.00962699753673453,
      "mse": 0.00020307781402392609,
      "rmse": 0.01425053732404242,
      "mape": 0.010409679577617596
    },
    {
      "mae": 0.008145639378773538,
      "mse": 0.00013743111076805042,
      "rmse": 0.011723101584821758,
      "mape": 0.0086927639015966
    }
  ],
  "mean": {
    "mae": 0.009264890562024031,
    "mse": 0.0001786182660063717,
    "rmse": 0.01331675257136985,
    "mape": 0.009968979427446817
  },
  "std": {
    "mae": 0.0008076946669105591,
    "mse": 2.9294277536638878e-05,
    "rmse": 0.0011324164248571196,
    "mape": 0.0009167021751507666
  }
}