{
  "domain": "calb",
  "task": "soh_point",
  "model": "mlp",
  "splits": [
    {
      "mae": 0.0027314157196969696,
      "mse": 1.0990007972427268e-05,
      "rmse": 0.0033151180932852555,
      "mape": 0.002732928310100968
    },
    {
      "mae": 0.002774258654925131,
      "mse": 1.2345945899677208e-05,
      "rmse": 0.0035136798231593623,
      "mape": 0.00277545682825851
    },
    {
      "mae": 0.0020412029642047306,
      "mse": 7.481455951847525e-06,
      "rmse": 0.0027352250276435255,
      "mape": 0.002043450939426032
    }
  ],
  "mean": {
    "mae": 0.002515625779608944,
    "mse": 1.0272469941317334e-05,
    "rmse": 0.003188007648029381,
    "mape": 0.00251727869259517
  },
  "std": {
    "mae": 0.00033592324034595187,
    "mse": 2.049709122892132e-06,
    "rmse": 0.00033026834153988664,
    "mape": 0.0003354963720312082
  }
}