{
  "domain": "calb",
  "task": "soh_point",
  "model": "mlp",
  "splits": [
    {
      "mae": 0.0786923885345459,
      "mse": 0.011742644475378938,
      "rmse": 0.10836348312683078,
      "mape": 0.0786923885345459
    },
    {
      "mae": 0.057642686367034915,
      "mse": 0.003854157928677893,
      "rmse": 0.06208186473260845,
      "mape": 0.057642686367034915
    },
    {
      "mae": 0.0816037893295288,
      "mse": 0.0073245817083176235,
      "rmse": 0.08558377012213018,
      "mape": 0.0816037893295288
    }
  ],
  "mean": {
    "mae": 0.07264628807703653,
    "mse": 0.007640461370791485,
    "rmse": 0.0853430393271898,
    "mape": 0.07264628807703653
  },
  "std": {
    "mae": 0.010675520654017442,
    "mse": 0.0032281976364781115,
    "rmse": 0.01889515835311309,
    "mape": 0.010675520654017442
  }
}