{
  "domain": "calb",
  "task": "soh_point",
  "model": "mlp",
  "splits": [
    {
      "mae": 0.15936086177825928,
      "mse": 0.026168127045971802,
      "rmse": 0.16176565471685206,
      "mape": 0.15936086177825928
    },
    {
      "mae": 0.02088806629180908,
      "mse": 0.0006271374909800898,
      "rmse": 0.025042713331028844,
      "mape": 0.02088806629180908
    },
    {
      "mae": 0.03163387775421143,
      "mse": 0.001968016794815242,
      "rmse": 0.04436233531742036,
      "mape": 0.03163387775421143
    }
  ],
  "mean": {
    "mae": 0.0706276019414266,
    "mse": 0.009587760443922377,
    "rmse": 0.0770569011217671,
    "mape": 0.0706276019414266
  },
  "std": {
    "mae": 0.06289706758903535,
    "mse": 0.011736862352452644,
    "rmse": 0.0604151837987156,
    "mape": 0.06289706758903535
  }
}