{
  "domain": "calb",
  "task": "soh_point",
  "model": "mlp",
  "splits": [
    {
      "mae": 0.0038153806118050005,
      "mse": 1.8886856185946385e-05,
      "rmse": 0.0043459010787115695,
      "mape": 0.0038171642871546512
    },
    {
      "mae": 0.0015993400053544479,
      "mse": 6.2636393571788264e-06,
      "rmse": 0.0025027263848009487,
      "mape": 0.0016005991504276268
    },
    {
      "mae": 0.001998108203965004,
      "mse": 6.366858740000283e-06,
      "rmse": 0.002523263509822207,
      "mape": 0.002000873363186702
    }
  ],
  "mean": {
    "mae": 0.0024709429403748174,
    "mse": 1.0505784761041832e-05,
    "rmse": 0.0031239636577782416,
    "mape": 0.00247287893358966
  },
  "std": {
    "mae": 0.0009644993548732028,
    "mse": 5.926462251757577e-06,
    "rmse": 0.0008640809139904778,
    "mape": 0.0009644971730413002
  }
}