{
  "domain": "na_ion",
  "task": "rul",
  "model": "batterymformer",
  "splits": [
    {
      "mae": 25.649662624705922,
      "mse": 1276.4109917458345,
      "rmse": 35.72689451583827,
      "mape": 0.5747334254959444,
      "acc15": 0.36363636363636365
    },
    {
      "mae": 16.854530681263316,
      "mse": 490.1215727662824,
      "rmse": 22.13868949974868,
      "mape": 0.24628477421973755,
      "acc15": 0.6363636363636364
    },
    {
      "mae": 17.45484126697887,
      "mse": 617.0158031077524,
      "rmse": 24.83980279929276,
      "mape": 2.643588183781905,
      "acc15": 0.45454545454545453
    }
  ],
  "mean": {
    "mae": 19.98634485764937,
    "mse": 794.5161225399564,
    "rmse": 27.56846227162657,
    "mape": 1.1548687944991958,
    "acc15": 0.48484848484848486
  },
  "std": {
    "mae": 4.012062586569352,
    "mse": 344.66653947325307,
    "rmse": 5.873330445144296,
    "mape": 1.061189173883401,
    "acc15": 0.11338355717496792
  }
}