{
  "domain": "na_ion",
  "task": "rul",
  "model": "batterymformer",
  "splits": [
    {
      "mae": 15.079215656627309,
      "mse": 511.71084157754643,
      "rmse": 22.621026536776498,
      "mape": 0.5488711631835601,
      "acc15": 0.5454545454545454
    },
    {
      "mae": 32.19242165305398,
      "mse": 1127.3528027678867,
      "rmse": 33.57607485647908,
      "mape": 0.3903104100951204,
      "acc15": 0.0
    },
    {
      "mae": 17.592084017666902,
      "mse": 539.3925693232159,
      "rmse": 23.22482657251106,
      "mape": 2.4326256671031903,
      "acc15": 0.45454545454545453
    }
  ],
  "mean": {
    "mae": 21.621240442449395,
    "mse": 726.152071222883,
    "rmse": 26.47397598858888,
    "mape": 1.123935746793957,
    "acc15": 0.3333333333333333
  },
  "std": {
    "mae": 7.54502180206958,
    "mse": 283.91675981635996,
    "rmse": 5.027988323226546,
    "mape": 0.9276448166348418,
    "acc15": 0.2386062992124791
  }
}