{
  "domain": "na_ion",
  "task": "rul",
  "model": "batterymformer",
  "splits": [
    {
      "mae": 30.40134231567383,
      "mse": 1574.097312088881,
      "rmse": 39.674895237276694,
      "mape": 0.1798723194486427,
      "acc15": 0.5
    },
    {
      "mae": 33.67608904520671,
      "mse": 1896.3624625272307,
      "rmse": 43.547244029068366,
      "mape": 0.25027273861651017,
      "acc15": 0.415
    },
    {
      "mae": 54.104156494140625,
      "mse": 3662.079251357709,
      "rmse": 60.515115891467225,
      "mape": 0.2734178551528615,
      "acc15": 0.16666666666666666
    }
  ],
  "mean": {
    "mae": 39.393862618340385,
    "mse": 2377.51300865794,
    "rmse": 47.91241838593743,
    "mape": 0.23452097107267145,
    "acc15": 0.3605555555555556
  },
  "std": {
    "mae": 10.487311411731513,
    "mse": 917.8040933698267,
    "rmse": 9.05058965310135,
    "mape": 0.039780903694391405,
    "acc15": 0.14142353864880705
  }
}