{
  "domain": "zn_ion",
  "task": "soh_traj",
  "model": "patchtst",
  "splits": [
    {
      "mae": 0.08863621161807013,
      "mse": 0.01616429405988349,
      "rmse": 0.12713887705923585,
      "mape": 0.11731730829583817
    },
    {
      "mae": 0.09378363586407515,
      "mse": 0.0159849535775538,
      "rmse": 0.1264316162103206,
      "mape": 0.12400567219930705
    },
    {
      "mae": 0.0998050277488297,
      "mse": 0.018572646931775228,
      "rmse": 0.13628149886090637,
      "mape": 0.14756057603900002
    }
  ],
  "mean": {
    "mae": 0.094074958410325,
    "mse": 0.016907298189737505,
    "rmse": 0.12995066404348762,
    "mape": 0.12962785217804842
  },
  "std": {
    "mae": 0.004564300973142467,
    "mse": 0.0011798532611036932,
    "rmse": 0.004485878330285192,
    "mape": 0.012971005916560308
  }
}