{
  "domain": "zn_ion",
  "task": "soh_traj",
  "model": "patchtst",
  "splits": [
    {
      "mae": 0.07240647442563673,
      "mse": 0.006985534183616869,
      "rmse": 0.08357950815610768,
      "mape": 0.0753404224565204
    },
    {
      "mae": 0.06527962498753305,
      "mse": 0.006264387597074455,
      "rmse": 0.07914788434995881,
      "mape": 0.06813096532025557
    },
    {
      "mae": 0.05434954234241727,
      "mse": 0.004497513325787976,
      "rmse": 0.06706350218850769,
      "mape": 0.057719506710841785
    }
  ],
  "mean": {
    "mae": 0.06401188058519568,
    "mse": 0.005915811702159767,
    "rmse": 0.0765969648981914,
    "mape": 0.06706363149587259
  },
  "std": {
    "mae": 0.007426016472140066,
    "mse": 0.0010452083725696634,
    "rmse": 0.006979732841950501,
    "mape": 0.007233190584547509
  }
}