{
  "domain": "zn_ion",
  "task": "soh_traj",
  "model": "patchtst",
  "splits": [
    {
      "mae": 0.09269700949378433,
      "mse": 0.01663833821967004,
      "rmse": 0.12898968260938562,
      "mape": 0.11786856001063362
    },
    {
      "mae": 0.09060661602267005,
      "mse": 0.015242861816218351,
      "rmse": 0.12346198530810344,
      "mape": 0.11693208101011672
    },
    {
      "mae": 0.10161667326531366,
      "mse": 0.01847370550956308,
      "rmse": 0.1359180102472188,
      "mape": 0.1476321511201927
    }
  ],
  "mean": {
    "mae": 0.09497343292725602,
    "mse": 0.016784968515150493,
    "rmse": 0.12945655938823597,
    "mape": 0.12747759738031436
  },
  "std": {
    "mae": 0.004774370315054929,
    "mse": 0.0013230553214361733,
    "rmse": 0.005095855817291684,
    "mape": 0.014256548800927379
  }
}