{
  "domain": "zn_ion",
  "task": "soh_traj",
  "model": "patchtst",
  "splits": [
    {
      "mae": 0.05016319050576957,
      "mse": 0.003948380336222568,
      "rmse": 0.06283613877556901,
      "mape": 0.05276012565220049
    },
    {
      "mae": 0.04049802215745534,
      "mse": 0.002904063589276842,
      "rmse": 0.053889364342853796,
      "mape": 0.04263203937238935
    },
    {
      "mae": 0.046604395054720325,
      "mse": 0.0034463306031763,
      "rmse": 0.058705456332237976,
      "mape": 0.04902360567297423
    }
  ],
  "mean": {
    "mae": 0.04575520257264842,
    "mse": 0.003432924842891903,
    "rmse": 0.058476986483553595,
    "mape": 0.04813859023252135
  },
  "std": {
    "mae": 0.003991216665297219,
    "mse": 0.0004264458955869453,
    "rmse": 0.0036560764070507853,
    "mape": 0.004181863394086793
  }
}