{
  "domain": "zn_ion",
  "task": "soh_traj",
  "model": "patchtst",
  "splits": [
    {
      "mae": 0.05102133139512036,
      "mse": 0.004037328693778306,
      "rmse": 0.06353997713076631,
      "mape": 0.05366286673331694
    },
    {
      "mae": 0.04314138197429995,
      "mse": 0.0029976370644744224,
      "rmse": 0.05475068094986968,
      "mape": 0.04593584822325286
    },
    {
      "mae": 0.04001662233903963,
      "mse": 0.0028014682423657474,
      "rmse": 0.05292889798933799,
      "mape": 0.042439885232302604
    }
  ],
  "mean": {
    "mae": 0.044726445236153316,
    "mse": 0.003278811333539492,
    "rmse": 0.057073185356657986,
    "mape": 0.04734620006295747
  },
  "std": {
    "mae": 0.004630350923368136,
    "mse": 0.0005422988051063243,
    "rmse": 0.004632801181148554,
    "mape": 0.004689040248412327
  }
}