{
  "domain": "na_ion",
  "task": "soh_traj",
  "model": "lstm",
  "splits": [
    {
      "mae": 0.03816749261512916,
      "mse": 0.0021568932528806778,
      "rmse": 0.04644236485021707,
      "mape": 0.04575853999917339
    },
    {
      "mae": 0.03759023164345966,
      "mse": 0.0027970295582649286,
      "rmse": 0.052886950737066785,
      "mape": 0.04322457561212672
    },
    {
      "mae": 0.04362688251684485,
      "mse": 0.002659933120247357,
      "rmse": 0.051574539457443114,
      "mape": 0.05235106719602425
    }
  ],
  "mean": {
    "mae": 0.039794868925144555,
    "mse": 0.0025379519771309878,
    "rmse": 0.05030128501490899,
    "mape": 0.04711139426910812
  },
  "std": {
    "mae": 0.0027198717718040846,
    "mse": 0.0002752007410657801,
    "rmse": 0.002780773809550175,
    "mape": 0.003846719222445587
  }
}