{
  "domain": "na_ion",
  "task": "soh_traj",
  "model": "lstm",
  "splits": [
    {
      "mae": 0.017580297006661322,
      "mse": 0.0005157347284850057,
      "rmse": 0.02270979366892191,
      "mape": 0.02101585541507302
    },
    {
      "mae": 0.013155628363667023,
      "mse": 0.00027154286193947986,
      "rmse": 0.016478557641355626,
      "mape": 0.015329724807996572
    },
    {
      "mae": 0.020855771182658994,
      "mse": 0.0006669786113110987,
      "rmse": 0.025825929050299404,
      "mape": 0.02427932329930426
    }
  ],
  "mean": {
    "mae": 0.017197232184329114,
    "mse": 0.0004847520672451948,
    "rmse": 0.021671426786858978,
    "mape": 0.02020830117412462
  },
  "std": {
    "mae": 0.0031552183074815086,
    "mse": 0.00016291572861124468,
    "rmse": 0.0038860427515669217,
    "mape": 0.0036980117340682348
  }
}