{
  "domain": "na_ion",
  "task": "soh_traj",
  "model": "lstm",
  "splits": [
    {
      "mae": 0.01159568932798878,
      "mse": 0.00024256727641633707,
      "rmse": 0.015574571468144383,
      "mape": 0.014074462664810748
    },
    {
      "mae": 0.01663202050216799,
      "mse": 0.00042939099878229416,
      "rmse": 0.020721751827060715,
      "mape": 0.020192382401950384
    },
    {
      "mae": 0.015686871355225326,
      "mse": 0.0003562528471037447,
      "rmse": 0.01887466150964686,
      "mape": 0.018623301522873923
    }
  ],
  "mean": {
    "mae": 0.014638193728460697,
    "mse": 0.00034273704076745866,
    "rmse": 0.018390328268283986,
    "mape": 0.01763004886321168
  },
  "std": {
    "mae": 0.0021857037764619206,
    "mse": 7.686691345157571e-05,
    "rmse": 0.0021290530646777086,
    "mape": 0.0025945004158752496
  }
}