{
  "domain": "na_ion",
  "task": "soh_traj",
  "model": "lstm",
  "splits": [
    {
      "mae": 0.036502813544732254,
      "mse": 0.0019228316562155145,
      "rmse": 0.04385010440370142,
      "mape": 0.0438196664903709
    },
    {
      "mae": 0.03499572635106544,
      "mse": 0.0027829514860633524,
      "rmse": 0.05275368694284175,
      "mape": 0.04028242193752759
    },
    {
      "mae": 0.03966567411906139,
      "mse": 0.0020284594396461396,
      "rmse": 0.04503842181566912,
      "mape": 0.047234956900095666
    }
  ],
  "mean": {
    "mae": 0.03705473800495302,
    "mse": 0.0022447475273083355,
    "rmse": 0.047214071054070765,
    "mape": 0.04377901510933138
  },
  "std": {
    "mae": 0.0019460333152843826,
    "mse": 0.0003830029878671929,
    "rmse": 0.003947026958293156,
    "mape": 0.002838506062763555
  }
}