{
  "domain": "calb",
  "task": "soh_traj",
  "model": "batterymformer",
  "splits": [
    {
      "mae": 0.006904639403025309,
      "mse": 7.606002135280695e-05,
      "rmse": 0.008721239668350306,
      "mape": 0.006904639403025309
    },
    {
      "mae": 0.007505216598510742,
      "mse": 8.32810950500118e-05,
      "rmse": 0.00912584763460424,
      "mape": 0.007505216598510742
    },
    {
      "mae": 0.007838395436604818,
      "mse": 0.0001044873918552014,
      "rmse": 0.010221907447008185,
      "mape": 0.007838395436604818
    }
  ],
  "mean": {
    "mae": 0.0074160838127136225,
    "mse": 8.794283608600671e-05,
    "rmse": 0.00935633158332091,
    "mape": 0.0074160838127136225
  },
  "std": {
    "mae": 0.00038637940998410754,
    "mse": 1.2064485637194558e-05,
    "rmse": 0.0006339521976918629,
    "mape": 0.00038637940998410754
  }
}