{
  "domain": "calb",
  "task": "soh_traj",
  "model": "batterymformer",
  "splits": [
    {
      "mae": 0.012000688314437867,
      "mse": 0.00021058664849256557,
      "rmse": 0.014511603925568172,
      "mape": 0.012000688314437867
    },
    {
      "mae": 0.006812374591827392,
      "mse": 8.059505230690434e-05,
      "rmse": 0.008977474717697864,
      "mape": 0.006812374591827392
    },
    {
      "mae": 0.02836716095606486,
      "mse": 0.0010116853839215404,
      "rmse": 0.031807002120940925,
      "mape": 0.02836716095606486
    }
  ],
  "mean": {
    "mae": 0.015726741287443374,
    "mse": 0.00043428902824033675,
    "rmse": 0.01843202692140232,
    "mape": 0.015726741287443374
  },
  "std": {
    "mae": 0.009185670248461704,
    "mse": 0.00041171540934256624,
    "rmse": 0.009723652184700813,
    "mape": 0.009185670248461704
  }
}