{
  "domain": "calb",
  "task": "soh_traj",
  "model": "batterymformer",
  "splits": [
    {
      "mae": 0.006310697488964517,
      "mse": 7.00762360706826e-05,
      "rmse": 0.00837115500218952,
      "mape": 0.006595789424071103
    },
    {
      "mae": 0.00553974775281848,
      "mse": 6.550195558749492e-05,
      "rmse": 0.008093327843816469,
      "mape": 0.005764951426547276
    },
    {
      "mae": 0.0059498104186972,
      "mse": 9.178002699917426e-05,
      "rmse": 0.009580189298712957,
      "mape": 0.006209270989674378
    }
  ],
  "mean": {
    "mae": 0.0059334185534934,
    "mse": 7.578607288578392e-05,
    "rmse": 0.008681557381572983,
    "mape": 0.006190003946764252
  },
  "std": {
    "mae": 0.0003149522650069963,
    "mse": 1.146257494692022e-05,
    "rmse": 0.0006454721653484427,
    "mape": 0.0003394616902678184
  }
}