{
  "domain": "na_ion",
  "task": "soh_point",
  "model": "gru",
  "splits": [
    {
      "mae": 0.01841051817897812,
      "mse": 0.0005495103415596869,
      "rmse": 0.023441636921505436,
      "mape": 0.02160820181018372
    },
    {
      "mae": 0.021592235914334092,
      "mse": 0.000814159324568961,
      "rmse": 0.02853347726038593,
      "mape": 0.024551739094230342
    },
    {
      "mae": 0.020591054178430268,
      "mse": 0.0006179761348401211,
      "rmse": 0.02485912578591856,
      "mape": 0.02350295971105242
    }
  ],
  "mean": {
    "mae": 0.020197936090580827,
    "mse": 0.0006605486003229229,
    "rmse": 0.025611413322603308,
    "mape": 0.023220966871822162
  },
  "std": {
    "mae": 0.0013283419012978758,
    "mse": 0.0001121578713686621,
    "rmse": 0.0021457185140881614,
    "mape": 0.0012181250364599956
  }
}