{
  "domain": "na_ion",
  "task": "soh_point",
  "model": "gru",
  "splits": [
    {
      "mae": 0.03293131698261608,
      "mse": 0.0014932116514391294,
      "rmse": 0.03864209688201624,
      "mape": 0.039166974809158414
    },
    {
      "mae": 0.029931496490131725,
      "mse": 0.0012591479856661051,
      "rmse": 0.03548447527674751,
      "mape": 0.03386288364411862
    },
    {
      "mae": 0.03831615231253884,
      "mse": 0.001691261605172785,
      "rmse": 0.04112495112669175,
      "mape": 0.04530362870097287
    }
  ],
  "mean": {
    "mae": 0.033726321928428886,
    "mse": 0.0014812070807593395,
    "rmse": 0.03841717442848517,
    "mape": 0.039444495718083304
  },
  "std": {
    "mae": 0.0034688747419450495,
    "mse": 0.00017661375433167804,
    "rmse": 0.002308200530864953,
    "mape": 0.0046747852182498955
  }
}