{
  "domain": "na_ion",
  "task": "soh_point",
  "model": "gru",
  "splits": [
    {
      "mae": 0.0336311784657565,
      "mse": 0.0014049627202597553,
      "rmse": 0.037482832340416265,
      "mape": 0.039605157256516414
    },
    {
      "mae": 0.03354810042814775,
      "mse": 0.0015742762006648288,
      "rmse": 0.0396771496035795,
      "mape": 0.03795589954354152
    },
    {
      "mae": 0.041205845095894554,
      "mse": 0.001970351727060272,
      "rmse": 0.04438864412279645,
      "mape": 0.04919955568995026
    }
  ],
  "mean": {
    "mae": 0.036128374663266266,
    "mse": 0.0016498635493282857,
    "rmse": 0.04051620868893074,
    "mape": 0.0422535374966694
  },
  "std": {
    "mae": 0.0035904739692454793,
    "mse": 0.00023692652547600344,
    "rmse": 0.0028810384938939516,
    "mape": 0.004957512098287028
  }
}