{
  "domain": "na_ion",
  "task": "soh_point",
  "model": "gru",
  "splits": [
    {
      "mae": 0.007100816071033478,
      "mse": 0.00011413906385129143,
      "rmse": 0.010683588528733752,
      "mape": 0.00826267418728323
    },
    {
      "mae": 0.014428105652332306,
      "mse": 0.0003174240658395592,
      "rmse": 0.017816398789866576,
      "mape": 0.017012410568363584
    },
    {
      "mae": 0.015304323534170787,
      "mse": 0.0003480147136619808,
      "rmse": 0.018655152469545265,
      "mape": 0.01745262122584748
    }
  ],
  "mean": {
    "mae": 0.012277748419178856,
    "mse": 0.00025985928111761045,
    "rmse": 0.015718379929381864,
    "mape": 0.014242568660498098
  },
  "std": {
    "mae": 0.003678080191899836,
    "mse": 0.00010379381235139945,
    "rmse": 0.003576564484699786,
    "mape": 0.0042322413123410865
  }
}