{
  "domain": "zn_ion",
  "task": "soh_traj",
  "model": "lstm",
  "splits": [
    {
      "mae": 0.09137433340616931,
      "mse": 0.016527297967131767,
      "rmse": 0.1285585390673516,
      "mape": 0.11830803769812678
    },
    {
      "mae": 0.0919081763063716,
      "mse": 0.015492979915679514,
      "rmse": 0.12447079944982885,
      "mape": 0.11746363739808334
    },
    {
      "mae": 0.1005244841602487,
      "mse": 0.01825697392587288,
      "rmse": 0.13511837005334576,
      "mape": 0.14637811982286222
    }
  ],
  "mean": {
    "mae": 0.09460233129092988,
    "mse": 0.016759083936228054,
    "rmse": 0.12938256952350874,
    "mape": 0.1273832649730241
  },
  "std": {
    "mae": 0.004193261897871396,
    "mse": 0.0011402366051829278,
    "rmse": 0.004385731378286126,
    "mape": 0.013435813733984557
  }
}