{
  "domain": "zn_ion",
  "task": "soh_traj",
  "model": "lstm",
  "splits": [
    {
      "mae": 0.04940051681924173,
      "mse": 0.0034029678481581754,
      "rmse": 0.05833496248527272,
      "mape": 0.05281812768012749
    },
    {
      "mae": 0.041291107254957445,
      "mse": 0.0026192854040337304,
      "rmse": 0.05117895469852555,
      "mape": 0.04413623370731377
    },
    {
      "mae": 0.04014391206643836,
      "mse": 0.0026358072317070502,
      "rmse": 0.05134011328101108,
      "mape": 0.0432088222070324
    }
  ],
  "mean": {
    "mae": 0.04361184538021251,
    "mse": 0.002886020161299652,
    "rmse": 0.053618010154936446,
    "mape": 0.04672106119815789
  },
  "std": {
    "mae": 0.00411991520721117,
    "mse": 0.0003655994401059719,
    "rmse": 0.003336037818248445,
    "mape": 0.004327869975471493
  }
}