{
  "domain": "zn_ion",
  "task": "soh_traj",
  "model": "lstm",
  "splits": [
    {
      "mae": 0.041577510932343235,
      "mse": 0.0025685256233413754,
      "rmse": 0.05068062374656981,
      "mape": 0.04501456977946427
    },
    {
      "mae": 0.04079113704364208,
      "mse": 0.0028029520812770767,
      "rmse": 0.052942913418861606,
      "mape": 0.0439932695825425
    },
    {
      "mae": 0.04028773583231527,
      "mse": 0.002526919014405702,
      "rmse": 0.050268469385945126,
      "mape": 0.043486187661877077
    }
  ],
  "mean": {
    "mae": 0.04088546126943352,
    "mse": 0.0026327989063413848,
    "rmse": 0.05129733551712551,
    "mape": 0.04416467567462795
  },
  "std": {
    "mae": 0.0005307559055042181,
    "mse": 0.00012150954607849719,
    "rmse": 0.0011757019966122672,
    "mape": 0.0006356220106546975
  }
}