{
  "domain": "zn_ion",
  "task": "soh_traj",
  "model": "lstm",
  "splits": [
    {
      "mae": 0.08931844764796211,
      "mse": 0.01602154577985359,
      "rmse": 0.1265762449271331,
      "mape": 0.1151684730691133
    },
    {
      "mae": 0.09020674722243284,
      "mse": 0.01530005975172672,
      "rmse": 0.12369341030033379,
      "mape": 0.11822069643415631
    },
    {
      "mae": 0.09901721759664228,
      "mse": 0.018140617500600406,
      "rmse": 0.13468710963043348,
      "mape": 0.1453625051436067
    }
  ],
  "mean": {
    "mae": 0.09284747082234575,
    "mse": 0.01648740767739357,
    "rmse": 0.12831892161930014,
    "mape": 0.12625055821562545
  },
  "std": {
    "mae": 0.004377716335998951,
    "mse": 0.0012055324029534974,
    "rmse": 0.004654248795829839,
    "mape": 0.013571511912851572
  }
}