{
  "domain": "zn_ion",
  "task": "soh_traj",
  "model": "ic2ml",
  "splits": [
    {
      "mae": 0.07818146523849638,
      "mse": 0.014315965501913977,
      "rmse": 0.1196493439259655,
      "mape": 0.09540317449111106
    },
    {
      "mae": 0.07947010791316458,
      "mse": 0.013652260390155239,
      "rmse": 0.11684288763187616,
      "mape": 0.09539068630320156
    },
    {
      "mae": 0.07412855730420859,
      "mse": 0.011188441110463099,
      "rmse": 0.1057754277252666,
      "mape": 0.10247851756703982
    }
  ],
  "mean": {
    "mae": 0.07726004348528985,
    "mse": 0.013052222334177438,
    "rmse": 0.11408921976103609,
    "mape": 0.09775745945378415
  },
  "std": {
    "mae": 0.002275932667790093,
    "mse": 0.0013454581515221892,
    "rmse": 0.005989346249420801,
    "mape": 0.0033382960993359303
  }
}