{
  "domain": "zn_ion",
  "task": "soh_traj",
  "model": "ic2ml",
  "splits": [
    {
      "mae": 0.03847291786535295,
      "mse": 0.002917164386199477,
      "rmse": 0.05401078027763973,
      "mape": 0.04214091567986306
    },
    {
      "mae": 0.043177958587320577,
      "mse": 0.002793316234170829,
      "rmse": 0.052851832836438406,
      "mape": 0.0460787298055619
    },
    {
      "mae": 0.030745103562658735,
      "mse": 0.001971951078661606,
      "rmse": 0.044406655792365246,
      "mape": 0.03314519616881391
    }
  ],
  "mean": {
    "mae": 0.03746532667177742,
    "mse": 0.0025608105663439706,
    "rmse": 0.05042308963548112,
    "mape": 0.04045494721807962
  },
  "std": {
    "mae": 0.005125452892255345,
    "mse": 0.00041944504079031276,
    "rmse": 0.004280490387351226,
    "mape": 0.005413005346620874
  }
}