{
  "domain": "zn_ion",
  "task": "soh_traj",
  "model": "ic2ml",
  "splits": [
    {
      "mae": 0.03511070331127538,
      "mse": 0.002328556888335117,
      "rmse": 0.04825512292322046,
      "mape": 0.03840558583173393
    },
    {
      "mae": 0.0317669098543063,
      "mse": 0.001997027212164975,
      "rmse": 0.04468811041166291,
      "mape": 0.03454141825725871
    },
    {
      "mae": 0.03799051302891874,
      "mse": 0.0023214329892392634,
      "rmse": 0.048181251428737956,
      "mape": 0.04099069232654146
    }
  ],
  "mean": {
    "mae": 0.03495604206483347,
    "mse": 0.0022156723632464517,
    "rmse": 0.04704149492120711,
    "mape": 0.03797923213851137
  },
  "std": {
    "mae": 0.0025431278896436075,
    "mse": 0.00015463282112402777,
    "rmse": 0.0016643673946870863,
    "mape": 0.00265010906806671
  }
}