{
  "domain": "zn_ion",
  "task": "soh_traj",
  "model": "ic2ml",
  "splits": [
    {
      "mae": 0.09408767125022167,
      "mse": 0.01714291541043144,
      "rmse": 0.13093095665438118,
      "mape": 0.11784062368411201
    },
    {
      "mae": 0.0980688044777762,
      "mse": 0.016329752927175704,
      "rmse": 0.12778792167953787,
      "mape": 0.12345703863777967
    },
    {
      "mae": 0.10399611434783002,
      "mse": 0.018535391286909543,
      "rmse": 0.13614474388278655,
      "mape": 0.14849591832185352
    }
  ],
  "mean": {
    "mae": 0.09871753002527596,
    "mse": 0.017336019874838897,
    "rmse": 0.1316212074055685,
    "mape": 0.12993119354791507
  },
  "std": {
    "mae": 0.004071031382964252,
    "mse": 0.0009107422409269313,
    "rmse": 0.0034463946290593374,
    "mape": 0.013325984233369245
  }
}