{
  "domain": "li_ion",
  "task": "soh_traj",
  "model": "cnn",
  "splits": [
    {
      "mae": 0.05050872568068367,
      "mse": 0.005956395814026038,
      "rmse": 0.07717768987230726,
      "mape": 0.37888428381360395
    },
    {
      "mae": 0.05602805313400322,
      "mse": 0.007720840717755261,
      "rmse": 0.08786831464046219,
      "mape": 0.2475891771124027
    },
    {
      "mae": 0.052403634134571636,
      "mse": 0.008291002647639264,
      "rmse": 0.09105494301595748,
      "mape": 0.839971311691768
    }
  ],
  "mean": {
    "mae": 0.052980137649752845,
    "mse": 0.007322746393140188,
    "rmse": 0.08536698250957564,
    "mape": 0.48881492420592493
  },
  "std": {
    "mae": 0.0022898342169254556,
    "mse": 0.0009937996395506293,
    "rmse": 0.0059350392037453605,
    "mape": 0.25402454948948094
  }
}