{
  "domain": "li_ion",
  "task": "soh_traj",
  "model": "cnn",
  "splits": [
    {
      "mae": 0.06606314266449664,
      "mse": 0.010844527528584351,
      "rmse": 0.1041370612634347,
      "mape": 0.44981406707161015
    },
    {
      "mae": 0.056183649717648505,
      "mse": 0.008675711777632926,
      "rmse": 0.09314350099514687,
      "mape": 0.19939055575365497
    },
    {
      "mae": 0.048195876345480226,
      "mse": 0.007671494340682098,
      "rmse": 0.08758706719991313,
      "mape": 0.863847227137346
    }
  ],
  "mean": {
    "mae": 0.056814222909208456,
    "mse": 0.009063911215633125,
    "rmse": 0.0949558764861649,
    "mape": 0.5043506166542037
  },
  "std": {
    "mae": 0.007307896110422853,
    "mse": 0.0013241497915341845,
    "rmse": 0.006876971453868428,
    "mape": 0.2739906853244645
  }
}