{
  "domain": "li_ion",
  "task": "soh_traj",
  "model": "cnn",
  "splits": [
    {
      "mae": 0.019702918914679745,
      "mse": 0.0007913435453708591,
      "rmse": 0.02813082909142315,
      "mape": 0.021981164564900145
    },
    {
      "mae": 0.021866968686503896,
      "mse": 0.0008189770596713051,
      "rmse": 0.02861777523972304,
      "mape": 0.02414238331944986
    },
    {
      "mae": 0.021271185858767687,
      "mse": 0.0008632823983780655,
      "rmse": 0.02938166772628922,
      "mape": 0.024032963957109132
    }
  ],
  "mean": {
    "mae": 0.02094702448665044,
    "mse": 0.0008245343344734099,
    "rmse": 0.028710090685811804,
    "mape": 0.023385503947153042
  },
  "std": {
    "mae": 0.0009127205852514926,
    "mse": 2.9630638652332993e-05,
    "rmse": 0.0005148080087491056,
    "mape": 0.0009940221240407098
  }
}