{
  "domain": "li_ion",
  "task": "soh_traj",
  "model": "cnn",
  "splits": [
    {
      "mae": 0.01905043878176691,
      "mse": 0.0007548435611586157,
      "rmse": 0.027474416484406284,
      "mape": 0.021158655741087898
    },
    {
      "mae": 0.021246748825116738,
      "mse": 0.0008308630286191501,
      "rmse": 0.028824694770615528,
      "mape": 0.023348650556735275
    },
    {
      "mae": 0.0196761901345569,
      "mse": 0.0008196308322607299,
      "rmse": 0.02862919545255734,
      "mape": 0.02186082758708584
    }
  ],
  "mean": {
    "mae": 0.01999112591381352,
    "mse": 0.0008017791406794986,
    "rmse": 0.028309435569193048,
    "mape": 0.022122711294969673
  },
  "std": {
    "mae": 0.0009238805335546399,
    "mse": 3.350375130717319e-05,
    "rmse": 0.0005958174495648258,
    "mape": 0.0009130376518274348
  }
}