{
  "domain": "calb",
  "task": "soh_point",
  "model": "micn",
  "splits": [
    {
      "mae": 0.0038282419695998683,
      "mse": 0.00013550712339327654,
      "rmse": 0.011640752698742316,
      "mape": 0.003828725066759352
    },
    {
      "mae": 0.0023396917063780503,
      "mse": 1.2943399079283252e-05,
      "rmse": 0.0035976935777360546,
      "mape": 0.002342357406059502
    },
    {
      "mae": 0.011084922154744466,
      "mse": 0.000289529001720034,
      "rmse": 0.017015551760669826,
      "mape": 0.01109743332646451
    }
  ],
  "mean": {
    "mae": 0.005750951943574128,
    "mse": 0.0001459931747308646,
    "rmse": 0.010751332679049397,
    "mape": 0.005756171933094454
  },
  "std": {
    "mae": 0.0038203293166753603,
    "mse": 0.00011315878770273129,
    "rmse": 0.005513802712762679,
    "mape": 0.0038252779559070525
  }
}