{
  "domain": "calb",
  "task": "soh_point",
  "model": "micn",
  "splits": [
    {
      "mae": 0.003321640660064389,
      "mse": 3.942789802842487e-05,
      "rmse": 0.006279163800095111,
      "mape": 0.0033246843304831344
    },
    {
      "mae": 0.0025153669618791148,
      "mse": 1.5041783070270501e-05,
      "rmse": 0.003878373766189961,
      "mape": 0.0025179301204284635
    },
    {
      "mae": 0.0019373365122862536,
      "mse": 8.416729363236789e-06,
      "rmse": 0.0029011600030396096,
      "mape": 0.0019395343069390674
    }
  ],
  "mean": {
    "mae": 0.0025914480447432526,
    "mse": 2.0962136820644055e-05,
    "rmse": 0.004352899189774894,
    "mape": 0.0025940495859502217
  },
  "std": {
    "mae": 0.0005676946020330956,
    "mse": 1.33344437927336e-05,
    "rmse": 0.001419297524940112,
    "mape": 0.0005680409472943072
  }
}