{
  "domain": "calb",
  "task": "soh_point",
  "model": "micn",
  "splits": [
    {
      "mae": 0.004870934679050638,
      "mse": 4.3952645253063514e-05,
      "rmse": 0.0066296791214253735,
      "mape": 0.0048747531204845285
    },
    {
      "mae": 0.0032496113450296463,
      "mse": 2.063630562962237e-05,
      "rmse": 0.004542720069476257,
      "mape": 0.0032525361873791047
    },
    {
      "mae": 0.002475254102186723,
      "mse": 1.0252010926255119e-05,
      "rmse": 0.0032018761572326806,
      "mape": 0.0024792752142063774
    }
  ],
  "mean": {
    "mae": 0.0035319333754223353,
    "mse": 2.4946987269647e-05,
    "rmse": 0.00479142511604477,
    "mape": 0.0035355215073566704
  },
  "std": {
    "mae": 0.0009981985952119091,
    "mse": 1.4091833821012513e-05,
    "rmse": 0.001410401583586164,
    "mape": 0.0009982114399794573
  }
}