{
  "domain": "calb",
  "task": "soh_point",
  "model": "micn",
  "splits": [
    {
      "mae": 0.09359900951385498,
      "mse": 0.00899195309127947,
      "rmse": 0.0948259093880964,
      "mape": 0.09359900951385498
    },
    {
      "mae": 0.04656386375427246,
      "mse": 0.0024080317045786616,
      "rmse": 0.04907169963001752,
      "mape": 0.04656386375427246
    },
    {
      "mae": 0.02615588903427124,
      "mse": 0.000739730118447568,
      "rmse": 0.02719798004351735,
      "mape": 0.02615588903427124
    }
  ],
  "mean": {
    "mae": 0.05543958743413289,
    "mse": 0.0040465716381019,
    "rmse": 0.057031863020543756,
    "mape": 0.05543958743413289
  },
  "std": {
    "mae": 0.028239776653234336,
    "mse": 0.0035626213040069626,
    "rmse": 0.02817690966922798,
    "mape": 0.028239776653234336
  }
}