{
  "domain": "calb",
  "task": "soh_point",
  "model": "micn",
  "splits": [
    {
      "mae": 0.08352940082550049,
      "mse": 0.014970824695055285,
      "rmse": 0.12235532148237478,
      "mape": 0.08352940082550049
    },
    {
      "mae": 0.08365302085876465,
      "mse": 0.015136024841052632,
      "rmse": 0.12302855295033195,
      "mape": 0.08365302085876465
    },
    {
      "mae": 0.12570452690124512,
      "mse": 0.029672767668063215,
      "rmse": 0.1722578522682296,
      "mape": 0.12570452690124512
    }
  ],
  "mean": {
    "mae": 0.09762898286183674,
    "mse": 0.019926539068057043,
    "rmse": 0.13921390890031213,
    "mape": 0.09762898286183674
  },
  "std": {
    "mae": 0.019852471723687624,
    "mse": 0.006891954329252,
    "rmse": 0.023367212858033445,
    "mape": 0.019852471723687624
  }
}