{
  "domain": "li_ion",
  "task": "soh_point",
  "model": "itransformer",
  "splits": [
    {
      "mae": 0.01684304784357877,
      "mse": 0.0005904654219518502,
      "rmse": 0.02429949427358212,
      "mape": 0.017916601357776077
    },
    {
      "mae": 0.016921673278187416,
      "mse": 0.0006024077782889919,
      "rmse": 0.024543996787177752,
      "mape": 0.017776576220625912
    },
    {
      "mae": 0.01996819429033448,
      "mse": 0.0007358459480163419,
      "rmse": 0.02712648056818912,
      "mape": 0.020948487563574623
    }
  ],
  "mean": {
    "mae": 0.017910971804033556,
    "mse": 0.0006429063827523947,
    "rmse": 0.02532332387631633,
    "mape": 0.018880555047325536
  },
  "std": {
    "mae": 0.0014550300703303856,
    "mse": 6.589879645997314e-05,
    "rmse": 0.0012789255676472755,
    "mape": 0.0014633660805550759
  }
}