{
  "domain": "li_ion",
  "task": "soh_point",
  "model": "itransformer",
  "splits": [
    {
      "mae": 0.025444324471448596,
      "mse": 0.0011362479911081308,
      "rmse": 0.03370827778318155,
      "mape": 0.02732189672587018
    },
    {
      "mae": 0.024618072729361683,
      "mse": 0.0012058654424541746,
      "rmse": 0.03472557332074122,
      "mape": 0.02632930789914169
    },
    {
      "mae": 0.02547402483852286,
      "mse": 0.001074628195550545,
      "rmse": 0.03278152216646666,
      "mape": 0.026874008824827867
    }
  ],
  "mean": {
    "mae": 0.02517880734644438,
    "mse": 0.00113891387637095,
    "rmse": 0.03373845775679648,
    "mape": 0.026841737816613243
  },
  "std": {
    "mae": 0.0003966846027154278,
    "mse": 5.361053349163734e-05,
    "rmse": 0.0007939424184471697,
    "mape": 0.000405864680416968
  }
}