{
  "domain": "li_ion",
  "task": "soh_point",
  "model": "itransformer",
  "splits": [
    {
      "mae": 0.029764146789124136,
      "mse": 0.0014510803131636142,
      "rmse": 0.038093048094942655,
      "mape": 0.03215916871565233
    },
    {
      "mae": 0.023173889439356953,
      "mse": 0.0011007892117013082,
      "rmse": 0.03317814358431328,
      "mape": 0.02474748336714363
    },
    {
      "mae": 0.027116784531819194,
      "mse": 0.0013671542119168749,
      "rmse": 0.03697504850459124,
      "mape": 0.02885836153157324
    }
  ],
  "mean": {
    "mae": 0.026684940253433428,
    "mse": 0.0013063412455939325,
    "rmse": 0.03608208006128239,
    "mape": 0.0285883378714564
  },
  "std": {
    "mae": 0.0027077346121337892,
    "mse": 0.00014933101172823053,
    "rmse": 0.0021035075576617767,
    "mape": 0.0030318261283800354
  }
}