{
  "domain": "li_ion",
  "task": "soh_point",
  "model": "itransformer",
  "splits": [
    {
      "mae": 0.02109114152797754,
      "mse": 0.0008564858560391101,
      "rmse": 0.02926577960757427,
      "mape": 0.022590717669908916
    },
    {
      "mae": 0.01942116392263468,
      "mse": 0.0006816330075256552,
      "rmse": 0.026108102334824246,
      "mape": 0.02054263420049067
    },
    {
      "mae": 0.022195089455100073,
      "mse": 0.0009475589247757562,
      "rmse": 0.03078244507468106,
      "mape": 0.023996444325957583
    }
  ],
  "mean": {
    "mae": 0.020902464968570764,
    "mse": 0.0008285592627801739,
    "rmse": 0.02871877567235986,
    "mape": 0.022376598732119057
  },
  "std": {
    "mae": 0.001140282084389075,
    "mse": 0.00011034512321081358,
    "rmse": 0.0019470969829069574,
    "mape": 0.001418117598634339
  }
}