{
  "domain": "calb",
  "task": "soh_point",
  "model": "autoformer",
  "splits": [
    {
      "mae": 0.002238476276397705,
      "mse": 5.010776070690781e-06,
      "rmse": 0.002238476283254031,
      "mape": 0.002238476276397705
    },
    {
      "mae": 0.002732396125793457,
      "mse": 7.466252698407061e-06,
      "rmse": 0.0027324444547706843,
      "mape": 0.002732396125793457
    },
    {
      "mae": 0.0006708145141601562,
      "mse": 4.5001603439231984e-07,
      "rmse": 0.0006708323444738781,
      "mape": 0.0006708145141601562
    }
  ],
  "mean": {
    "mae": 0.0018805623054504391,
    "mse": 4.30901493449672e-06,
    "rmse": 0.0018805843608328645,
    "mape": 0.0018805623054504391
  },
  "std": {
    "mae": 0.0008788653644730686,
    "mse": 2.9070312176480504e-06,
    "rmse": 0.0008788727986959021,
    "mape": 0.0008788653644730686
  }
}