{
  "domain": "calb",
  "task": "soh_point",
  "model": "autoformer",
  "splits": [
    {
      "mae": 0.006776499748229981,
      "mse": 4.817351088632904e-05,
      "rmse": 0.006940714004072567,
      "mape": 0.006776499748229981
    },
    {
      "mae": 0.004727292060852051,
      "mse": 2.6688794409324146e-05,
      "rmse": 0.005166119860139149,
      "mape": 0.004727292060852051
    },
    {
      "mae": 0.008437347412109376,
      "mse": 7.874384112369626e-05,
      "rmse": 0.008873772654496861,
      "mape": 0.008437347412109376
    }
  ],
  "mean": {
    "mae": 0.006647046407063803,
    "mse": 5.1202048806449817e-05,
    "rmse": 0.006993535506236193,
    "mape": 0.006647046407063803
  },
  "std": {
    "mae": 0.0015173872946620216,
    "mse": 2.135901064436386e-05,
    "rmse": 0.0015141036719668512,
    "mape": 0.0015173872946620216
  }
}