{
  "domain": "calb",
  "task": "soh_point",
  "model": "autoformer",
  "splits": [
    {
      "mae": 0.0025386427388046726,
      "mse": 4.584097616377722e-05,
      "rmse": 0.006770596440770726,
      "mape": 0.0025407409452535084
    },
    {
      "mae": 0.0032860415597115796,
      "mse": 6.825462791712388e-05,
      "rmse": 0.008261635910467363,
      "mape": 0.0032880924389811824
    },
    {
      "mae": 0.0031784470635231096,
      "mse": 6.23670332897513e-05,
      "rmse": 0.007897280119747007,
      "mape": 0.0031838613472884667
    }
  ],
  "mean": {
    "mae": 0.0030010437873464538,
    "mse": 5.88208791235508e-05,
    "rmse": 0.007643170823661699,
    "mape": 0.003004231577174386
  },
  "std": {
    "mae": 0.0003299042196071629,
    "mse": 9.487688628179181e-06,
    "rmse": 0.0006346801429675872,
    "mape": 0.00033048822926863276
  }
}