{
  "domain": "calb",
  "task": "soh_point",
  "model": "autoformer",
  "splits": [
    {
      "mae": 0.003440663790461993,
      "mse": 4.929472907594637e-05,
      "rmse": 0.007021020515277417,
      "mape": 0.0034425059575592357
    },
    {
      "mae": 0.0027521395924115424,
      "mse": 5.440027550748721e-05,
      "rmse": 0.007375654242674829,
      "mape": 0.002754890269229176
    },
    {
      "mae": 0.0027345905400285816,
      "mse": 5.3575873048091606e-05,
      "rmse": 0.00731955415637398,
      "mape": 0.002739144405326485
    }
  ],
  "mean": {
    "mae": 0.0029757979743007053,
    "mse": 5.2423625877175054e-05,
    "rmse": 0.0072387429714420755,
    "mape": 0.002978846877371632
  },
  "std": {
    "mae": 0.00032878783694692814,
    "mse": 2.2379166276276883e-06,
    "rmse": 0.00015564726330074955,
    "mape": 0.00032791949219061013
  }
}