{
  "domain": "calb",
  "task": "soh_point",
  "model": "autoformer",
  "splits": [
    {
      "mae": 0.0006279126562253394,
      "mse": 5.752639691507679e-07,
      "rmse": 0.0007584615805370553,
      "mape": 0.0006282908463206399
    },
    {
      "mae": 0.0007571645321384553,
      "mse": 8.350079806664124e-07,
      "rmse": 0.0009137877109407919,
      "mape": 0.000757634967629701
    },
    {
      "mae": 0.0007796722229080971,
      "mse": 9.96069983314227e-07,
      "rmse": 0.0009980330572251738,
      "mape": 0.0007807017129023893
    }
  ],
  "mean": {
    "mae": 0.0007215831370906307,
    "mse": 8.02113977710469e-07,
    "rmse": 0.0008900941162343403,
    "mape": 0.0007222091756175767
  },
  "std": {
    "mae": 6.686936655448253e-05,
    "mse": 1.7336077403665748e-07,
    "rmse": 9.922923941801503e-05,
    "mape": 6.707462569315202e-05
  }
}