{
  "domain": "li_ion",
  "task": "soh_traj",
  "model": "transformer",
  "splits": [
    {
      "mae": 0.01942537604647522,
      "mse": 0.0007297265473393138,
      "rmse": 0.027013451229698768,
      "mape": 0.021498219729358378
    },
    {
      "mae": 0.01932300971182275,
      "mse": 0.0007221061738402258,
      "rmse": 0.026872033303049953,
      "mape": 0.0213646695459518
    },
    {
      "mae": 0.019139557322605256,
      "mse": 0.0007630347784208135,
      "rmse": 0.027623084158377637,
      "mape": 0.021172401986179416
    }
  ],
  "mean": {
    "mae": 0.01929598102696774,
    "mse": 0.000738289166533451,
    "rmse": 0.02716952289704212,
    "mape": 0.0213450970871632
  },
  "std": {
    "mae": 0.00011823986378659034,
    "mse": 1.777219745982249e-05,
    "rmse": 0.0003258712637761641,
    "mape": 0.00013373259712284473
  }
}