{
  "domain": "li_ion",
  "task": "soh_traj",
  "model": "transformer",
  "splits": [
    {
      "mae": 0.09480898274991466,
      "mse": 0.01909903571788693,
      "rmse": 0.13819926091657267,
      "mape": 0.4525325344394694
    },
    {
      "mae": 0.07795406331308326,
      "mse": 0.015323682304444563,
      "rmse": 0.12378886179476958,
      "mape": 0.2344506451910666
    },
    {
      "mae": 0.07872383081142055,
      "mse": 0.015608757899318735,
      "rmse": 0.12493501470492063,
      "mape": 0.8552618155228796
    }
  ],
  "mean": {
    "mae": 0.08382895895813948,
    "mse": 0.01667715864055008,
    "rmse": 0.12897437913875429,
    "mape": 0.5140816650511385
  },
  "std": {
    "mae": 0.0077704065681419646,
    "mse": 0.0017164757415502059,
    "rmse": 0.006539737481194285,
    "mape": 0.257154750959389
  }
}