{
  "domain": "li_ion",
  "task": "soh_traj",
  "model": "transformer",
  "splits": [
    {
      "mae": 0.01849536377062406,
      "mse": 0.0007476184800947662,
      "rmse": 0.027342612898089425,
      "mape": 0.02078332304549834
    },
    {
      "mae": 0.01766514901149052,
      "mse": 0.0005851861863022069,
      "rmse": 0.024190621866793893,
      "mape": 0.019763788525723903
    },
    {
      "mae": 0.019007187567025893,
      "mse": 0.0006556073550167135,
      "rmse": 0.025604830696896112,
      "mape": 0.02138487700199717
    }
  ],
  "mean": {
    "mae": 0.01838923344971349,
    "mse": 0.0006628040071378955,
    "rmse": 0.02571268848725981,
    "mape": 0.020643996191073138
  },
  "std": {
    "mae": 0.0005530006660021933,
    "mse": 6.65076755870732e-05,
    "rmse": 0.0012890531001600806,
    "mape": 0.0006690993654405958
  }
}