{
  "domain": "li_ion",
  "task": "soh_traj",
  "model": "transformer",
  "splits": [
    {
      "mae": 0.05456415010670406,
      "mse": 0.007313711920330499,
      "rmse": 0.08552024275182163,
      "mape": 0.41086939918332066
    },
    {
      "mae": 0.05754255986649254,
      "mse": 0.011143863962541252,
      "rmse": 0.1055645014317846,
      "mape": 0.3895867257002585
    },
    {
      "mae": 0.049584347670722395,
      "mse": 0.007987822300546024,
      "rmse": 0.08937461776447508,
      "mape": 0.8438277139805614
    }
  ],
  "mean": {
    "mae": 0.053897019214639665,
    "mse": 0.008815132727805925,
    "rmse": 0.09348645398269377,
    "mape": 0.5480946129547135
  },
  "std": {
    "mae": 0.0032829948785203364,
    "mse": 0.0016695005388643477,
    "rmse": 0.00868421841892556,
    "mape": 0.2092953070495051
  }
}