{
  "domain": "calb",
  "task": "soh_point",
  "model": "itransformer",
  "splits": [
    {
      "mae": 0.09735921621322632,
      "mse": 0.011775893269665261,
      "rmse": 0.1085167879623483,
      "mape": 0.09735921621322632
    },
    {
      "mae": 0.01983911991119385,
      "mse": 0.0006706928933596146,
      "rmse": 0.02589773915537058,
      "mape": 0.01983911991119385
    },
    {
      "mae": 0.02574310302734375,
      "mse": 0.0012504244283945809,
      "rmse": 0.03536134087382124,
      "mape": 0.02574310302734375
    }
  ],
  "mean": {
    "mae": 0.047647146383921306,
    "mse": 0.004565670197139818,
    "rmse": 0.05659195599718005,
    "mape": 0.047647146383921306
  },
  "std": {
    "mae": 0.03523427941833747,
    "mse": 0.005103888042780861,
    "rmse": 0.03691911041118213,
    "mape": 0.03523427941833747
  }
}