{
  "domain": "calb",
  "task": "soh_point",
  "model": "itransformer",
  "splits": [
    {
      "mae": 0.003233351129474062,
      "mse": 1.5327910380598625e-05,
      "rmse": 0.003915087531664985,
      "mape": 0.0032347155698699676
    },
    {
      "mae": 0.000899945485471475,
      "mse": 1.085447549797891e-06,
      "rmse": 0.0010418481414284384,
      "mape": 0.0009005237441566697
    },
    {
      "mae": 0.00308771338125672,
      "mse": 1.1221588160593384e-05,
      "rmse": 0.003349863901801592,
      "mape": 0.003092607507835901
    }
  ],
  "mean": {
    "mae": 0.0024070033320674187,
    "mse": 9.211648696996634e-06,
    "rmse": 0.002768933191631672,
    "mape": 0.0024092822739541792
  },
  "std": {
    "mae": 0.0010673081726681247,
    "mse": 5.9856400023822465e-06,
    "rmse": 0.0012428425794432203,
    "mape": 0.0010684296580344217
  }
}