{
  "domain": "calb",
  "task": "soh_point",
  "model": "itransformer",
  "splits": [
    {
      "mae": 0.002726173400878906,
      "mse": 8.139123235650913e-06,
      "rmse": 0.002852914866527025,
      "mape": 0.002726173400878906
    },
    {
      "mae": 0.0053145051002502445,
      "mse": 7.778189871814334e-05,
      "rmse": 0.008819404669145381,
      "mape": 0.0053145051002502445
    },
    {
      "mae": 0.0033434152603149412,
      "mse": 1.1330129737530115e-05,
      "rmse": 0.0033660258076149852,
      "mape": 0.0033434152603149412
    }
  ],
  "mean": {
    "mae": 0.0037946979204813644,
    "mse": 3.241705056377479e-05,
    "rmse": 0.005012781781095797,
    "mape": 0.0037946979204813644
  },
  "std": {
    "mae": 0.0011038137753618263,
    "mse": 3.210423353884911e-05,
    "rmse": 0.002699827657256818,
    "mape": 0.0011038137753618263
  }
}