{
  "domain": "calb",
  "task": "soh_point",
  "model": "itransformer",
  "splits": [
    {
      "mae": 0.0015089520300277555,
      "mse": 5.8403258925920906e-06,
      "rmse": 0.002416676621435332,
      "mape": 0.0015098619156872473
    },
    {
      "mae": 0.001892978145230201,
      "mse": 4.664445857804184e-06,
      "rmse": 0.0021597328209304466,
      "mape": 0.0018938732155683344
    },
    {
      "mae": 0.0016640118878297131,
      "mse": 7.521426113001009e-06,
      "rmse": 0.0027425218527845877,
      "mape": 0.0016663327394620924
    }
  ],
  "mean": {
    "mae": 0.0016886473543625566,
    "mse": 6.008732621132428e-06,
    "rmse": 0.0024396437650501222,
    "mape": 0.0016900226235725582
  },
  "std": {
    "mae": 0.00015774281589101208,
    "mse": 1.172420477561804e-06,
    "rmse": 0.00023847624784135708,
    "mape": 0.00015766436411137428
  }
}