{
  "domain": "na_ion",
  "task": "soh_point",
  "model": "severson",
  "splits": [
    {
      "mae": 0.02146489014715347,
      "mse": 0.0007952397581078318,
      "rmse": 0.028199995711131444,
      "mape": 0.025477994654241526
    },
    {
      "mae": 0.023801695365407417,
      "mse": 0.0020628054345764803,
      "rmse": 0.045418117910988785,
      "mape": 0.029841341637656754
    },
    {
      "mae": 0.02737316807149181,
      "mse": 0.0023629299143102258,
      "rmse": 0.048609977518100395,
      "mape": 0.03461063178477158
    }
  ],
  "mean": {
    "mae": 0.024213251194684232,
    "mse": 0.0017403250356648459,
    "rmse": 0.04074269704674021,
    "mape": 0.02997665602555662
  },
  "std": {
    "mae": 0.0024295363972391564,
    "mse": 0.00067941558819578,
    "rmse": 0.008964244141163978,
    "mape": 0.003729611036659952
  }
}