{
  "domain": "na_ion",
  "task": "soh_point",
  "model": "severson",
  "splits": [
    {
      "mae": 0.012412147657588852,
      "mse": 0.00025731219177550714,
      "rmse": 0.01604095358061693,
      "mape": 0.01417504297100531
    },
    {
      "mae": 0.011496551861892175,
      "mse": 0.00015278850644175702,
      "rmse": 0.012360764800033897,
      "mape": 0.013180647091716525
    },
    {
      "mae": 0.019080102735916205,
      "mse": 0.00044844821226198826,
      "rmse": 0.021176595861044055,
      "mape": 0.022671098005643
    }
  ],
  "mean": {
    "mae": 0.014329600751799077,
    "mse": 0.0002861829701597508,
    "rmse": 0.016526104747231627,
    "mape": 0.01667559602278828
  },
  "std": {
    "mae": 0.003379845237196513,
    "mse": 0.0001224167929515405,
    "rmse": 0.003615360568916889,
    "mape": 0.004258852647603405
  }
}