{
  "domain": "na_ion",
  "task": "soh_point",
  "model": "severson",
  "splits": [
    {
      "mae": 0.007373899141096457,
      "mse": 8.446037531549243e-05,
      "rmse": 0.009190232603992808,
      "mape": 0.008512317030184251
    },
    {
      "mae": 0.010786872019888396,
      "mse": 0.00020742474869001672,
      "rmse": 0.014402248042927768,
      "mape": 0.01266747663689693
    },
    {
      "mae": 0.011198996859141204,
      "mse": 0.000211753970846697,
      "rmse": 0.01455176865012281,
      "mape": 0.012821099236391081
    }
  ],
  "mean": {
    "mae": 0.009786589340042019,
    "mse": 0.0001678796982840687,
    "rmse": 0.012714749765681129,
    "mape": 0.011333630967824087
  },
  "std": {
    "mae": 0.001714305927160857,
    "mse": 5.901284111401632e-05,
    "rmse": 0.0024929574164394403,
    "mape": 0.0019959557822105236
  }
}