{
  "domain": "na_ion",
  "task": "soh_point",
  "model": "severson",
  "splits": [
    {
      "mae": 0.025842146487383626,
      "mse": 0.0010806572927127382,
      "rmse": 0.03287335231935949,
      "mape": 0.030316897181437288
    },
    {
      "mae": 0.01733529568928709,
      "mse": 0.0005167109434650923,
      "rmse": 0.022731276767157013,
      "mape": 0.019980844379850822
    },
    {
      "mae": 0.017808602574793532,
      "mse": 0.0005593259418221928,
      "rmse": 0.023650072765684947,
      "mape": 0.020483755420410938
    }
  ],
  "mean": {
    "mae": 0.020328681583821416,
    "mse": 0.0007188980593333411,
    "rmse": 0.02641823395073382,
    "mape": 0.023593832327233014
  },
  "std": {
    "mae": 0.003903393932129333,
    "mse": 0.0002563933393865511,
    "rmse": 0.004579844348625411,
    "mape": 0.004758356204549133
  }
}