{
  "domain": "na_ion",
  "task": "rul",
  "model": "lstm",
  "splits": [
    {
      "mae": 35.414740575154624,
      "mse": 1537.9846002603583,
      "rmse": 39.217146763378366,
      "mape": 0.20318966754871112,
      "acc15": 0.18
    },
    {
      "mae": 26.347755241394044,
      "mse": 902.0721360990129,
      "rmse": 30.03451574603814,
      "mape": 0.17038280937652625,
      "acc15": 0.5
    },
    {
      "mae": 31.672725931803384,
      "mse": 1150.5990196651937,
      "rmse": 33.92048082892095,
      "mape": 0.16612114932990033,
      "acc15": 0.49
    }
  ],
  "mean": {
    "mae": 31.14507391611735,
    "mse": 1196.8852520081884,
    "rmse": 34.39071444611249,
    "mape": 0.17989787541837923,
    "acc15": 0.38999999999999996
  },
  "std": {
    "mae": 3.7203376412991083,
    "mse": 261.6651511599266,
    "rmse": 3.7635105811115133,
    "mape": 0.016561423490956222,
    "acc15": 0.14854853303438129
  }
}