{
  "domain": "na_ion",
  "task": "rul",
  "model": "lstm",
  "splits": [
    {
      "mae": 42.70193828235973,
      "mse": 2375.442293160918,
      "rmse": 48.73850934487962,
      "mape": 1.5688166118617217,
      "acc15": 0.18181818181818182
    },
    {
      "mae": 60.181605252352625,
      "mse": 3997.3749300846353,
      "rmse": 63.2247967974958,
      "mape": 0.7058769590839563,
      "acc15": 0.0
    },
    {
      "mae": 52.47156316583807,
      "mse": 3203.9802430707073,
      "rmse": 56.60371227287754,
      "mape": 5.695867661995936,
      "acc15": 0.09090909090909091
    }
  ],
  "mean": {
    "mae": 51.785035566850134,
    "mse": 3192.2658221054203,
    "rmse": 56.18900613841765,
    "mape": 2.6568537443138713,
    "acc15": 0.0909090909090909
  },
  "std": {
    "mae": 7.152537053549334,
    "mse": 662.2030355429745,
    "rmse": 5.921267709053822,
    "mape": 2.177593534919227,
    "acc15": 0.07422696190252055
  }
}