{
  "domain": "na_ion",
  "task": "rul",
  "model": "lstm",
  "splits": [
    {
      "mae": 27.143664273348723,
      "mse": 1574.065438753269,
      "rmse": 39.67449355383467,
      "mape": 0.9328158855369882,
      "acc15": 0.45454545454545453
    },
    {
      "mae": 37.87177554043856,
      "mse": 1750.5271278998275,
      "rmse": 41.839301235797755,
      "mape": 0.3291326906134805,
      "acc15": 0.0
    },
    {
      "mae": 18.459171641956676,
      "mse": 462.8320886492518,
      "rmse": 21.51353268641047,
      "mape": 2.1853914672410033,
      "acc15": 0.5454545454545454
    }
  ],
  "mean": {
    "mae": 27.824870485247985,
    "mse": 1262.4748851007828,
    "rmse": 34.3424424920143,
    "mape": 1.1491133477971573,
    "acc15": 0.3333333333333333
  },
  "std": {
    "mae": 7.939787107019354,
    "mse": 570.0035867558101,
    "rmse": 9.114358385727073,
    "mape": 0.7730944770150752,
    "acc15": 0.2386062992124791
  }
}