{
  "domain": "na_ion",
  "task": "soh_point",
  "model": "autoformer",
  "splits": [
    {
      "mae": 0.03702149066058072,
      "mse": 0.0019308401990142893,
      "rmse": 0.04394132677803766,
      "mape": 0.04411511478968819
    },
    {
      "mae": 0.03741720589724454,
      "mse": 0.0018710208985862923,
      "rmse": 0.043255299080994604,
      "mape": 0.0423543937872291
    },
    {
      "mae": 0.040343100374395195,
      "mse": 0.0018681544531831532,
      "rmse": 0.04322215234325048,
      "mape": 0.04779393688316011
    }
  ],
  "mean": {
    "mae": 0.03826059897740682,
    "mse": 0.0018900051835945783,
    "rmse": 0.043472926067427586,
    "mape": 0.0447544818200258
  },
  "std": {
    "mae": 0.001481385992570445,
    "mse": 2.889841968641562e-05,
    "rmse": 0.00033148564155006537,
    "mape": 0.0022662376931432316
  }
}