{
  "domain": "na_ion",
  "task": "soh_point",
  "model": "autoformer",
  "splits": [
    {
      "mae": 0.016762258728823986,
      "mse": 0.00045798587617095203,
      "rmse": 0.021400604574893487,
      "mape": 0.01972882805920265
    },
    {
      "mae": 0.018827009849468536,
      "mse": 0.0005056793194062802,
      "rmse": 0.022487314633061018,
      "mape": 0.021592623643231057
    },
    {
      "mae": 0.020308237835329507,
      "mse": 0.0006010099379894939,
      "rmse": 0.024515504032948086,
      "mape": 0.023376517530325373
    }
  ],
  "mean": {
    "mae": 0.01863250213787401,
    "mse": 0.0005215583778555754,
    "rmse": 0.022801141080300864,
    "mape": 0.021565989744253028
  },
  "std": {
    "mae": 0.0014541588389502544,
    "mse": 5.945911165215764e-05,
    "rmse": 0.0012908692001096511,
    "mape": 0.0014892820737670823
  }
}