{
  "domain": "na_ion",
  "task": "soh_point",
  "model": "autoformer",
  "splits": [
    {
      "mae": 0.007527346809705099,
      "mse": 0.00011387904938085096,
      "rmse": 0.01067141271720155,
      "mape": 0.008827097857786024
    },
    {
      "mae": 0.014507458209991456,
      "mse": 0.0003524937015986277,
      "rmse": 0.01877481562089566,
      "mape": 0.017117561425362117
    },
    {
      "mae": 0.015060759584108989,
      "mse": 0.00033182960409436173,
      "rmse": 0.01821619071305419,
      "mape": 0.017213942984463503
    }
  ],
  "mean": {
    "mae": 0.012365188201268515,
    "mse": 0.0002660674516912801,
    "rmse": 0.015887473017050468,
    "mape": 0.014386200755870548
  },
  "std": {
    "mae": 0.0034283200550797735,
    "mse": 0.00010794360743699226,
    "rmse": 0.0036953555747415525,
    "mape": 0.003931076283907714
  }
}