{
  "domain": "na_ion",
  "task": "soh_point",
  "model": "autoformer",
  "splits": [
    {
      "mae": 0.035282790660858154,
      "mse": 0.0016738830270639291,
      "rmse": 0.04091311558735083,
      "mape": 0.041888300270436524
    },
    {
      "mae": 0.03128383376381614,
      "mse": 0.001362383983225806,
      "rmse": 0.03691048608763919,
      "mape": 0.03539916413589967
    },
    {
      "mae": 0.040961249308152634,
      "mse": 0.001962577021964956,
      "rmse": 0.04430098217833275,
      "mape": 0.048955997160682614
    }
  ],
  "mean": {
    "mae": 0.03584262457760897,
    "mse": 0.001666281344084897,
    "rmse": 0.04070819461777425,
    "mape": 0.04208115385567293
  },
  "std": {
    "mae": 0.003970571194442081,
    "mse": 0.0002450867331181881,
    "rmse": 0.0030206348747096588,
    "mape": 0.0055362336652556654
  }
}