{
  "domain": "na_ion",
  "task": "soh_point",
  "model": "autoformer",
  "splits": [
    {
      "mae": 0.005920857091744741,
      "mse": 7.348336857988969e-05,
      "rmse": 0.008572244080746283,
      "mape": 0.006947799224013956
    },
    {
      "mae": 0.008137697080771129,
      "mse": 0.00012797732017727864,
      "rmse": 0.011312706138554056,
      "mape": 0.009583149347030705
    },
    {
      "mae": 0.010490572651227315,
      "mse": 0.0001795198446507958,
      "rmse": 0.013398501582296276,
      "mape": 0.012015218157196451
    }
  ],
  "mean": {
    "mae": 0.008183042274581062,
    "mse": 0.00012699351113598805,
    "rmse": 0.011094483933865537,
    "mape": 0.009515388909413704
  },
  "std": {
    "mae": 0.0018658540874704947,
    "mse": 4.329479933784392e-05,
    "rmse": 0.0019763444480119068,
    "mape": 0.002069319899350773
  }
}