{
  "domain": "li_ion",
  "task": "soh_traj",
  "model": "batlinet",
  "splits": [
    {
      "mae": 0.45282379726772715,
      "mse": 0.25777843625678815,
      "rmse": 0.5077188555261545,
      "mape": 0.7779054544365319
    },
    {
      "mae": 0.4769338374770919,
      "mse": 0.26904849289683774,
      "rmse": 0.5186988460531194,
      "mape": 0.6975919926457951
    },
    {
      "mae": 0.3859493849909848,
      "mse": 0.17569106339896584,
      "rmse": 0.41915517818460246,
      "mape": 1.050074453172568
    }
  ],
  "mean": {
    "mae": 0.43856900657860126,
    "mse": 0.23417266418419724,
    "rmse": 0.4818576265879588,
    "mape": 0.841857300084965
  },
  "std": {
    "mae": 0.03848759056927537,
    "mse": 0.04160790603535074,
    "rmse": 0.044563346858337384,
    "mape": 0.15083843490333795
  }
}