{
  "domain": "li_ion",
  "task": "soh_traj",
  "model": "batlinet",
  "splits": [
    {
      "mae": 0.026244198514091523,
      "mse": 0.0011907055239477012,
      "rmse": 0.0345066011648163,
      "mape": 0.02886319682953126
    },
    {
      "mae": 0.026298144413727628,
      "mse": 0.001186868631220142,
      "rmse": 0.03445095980114548,
      "mape": 0.028640040410541294
    },
    {
      "mae": 0.02760627791547291,
      "mse": 0.0014070994635779278,
      "rmse": 0.03751132447112376,
      "mape": 0.030365701871097914
    }
  ],
  "mean": {
    "mae": 0.026716206947764016,
    "mse": 0.0012615578729152572,
    "rmse": 0.035489628479028514,
    "mape": 0.029289646370390155
  },
  "std": {
    "mae": 0.0006297604230660885,
    "mse": 0.00010292536582694608,
    "rmse": 0.00142973540761412,
    "mape": 0.0007663207671668022
  }
}