{
  "domain": "li_ion",
  "task": "soh_traj",
  "model": "batlinet",
  "splits": [
    {
      "mae": 0.5583698754107382,
      "mse": 0.3475339610139925,
      "rmse": 0.5895201107799398,
      "mape": 0.8747529642590284
    },
    {
      "mae": 0.45348870909228894,
      "mse": 0.25318324082481647,
      "rmse": 0.5031731718055092,
      "mape": 0.5694195641029269
    },
    {
      "mae": 0.4983365259511041,
      "mse": 0.28618575080749453,
      "rmse": 0.5349633172540847,
      "mape": 0.7059900434342807
    }
  ],
  "mean": {
    "mae": 0.5033983701513771,
    "mse": 0.29563431754876784,
    "rmse": 0.5425521999465112,
    "mape": 0.716720857265412
  },
  "std": {
    "mae": 0.0429668978176645,
    "mse": 0.039093658140012665,
    "rmse": 0.03565708740164726,
    "mape": 0.12488256907145552
  }
}