{
  "domain": "li_ion",
  "task": "soh_traj",
  "model": "batlinet",
  "splits": [
    {
      "mae": 0.026121432843036724,
      "mse": 0.0012193991147973536,
      "rmse": 0.03491989568709153,
      "mape": 0.029199593799895705
    },
    {
      "mae": 0.027376074020919895,
      "mse": 0.0013528092380920107,
      "rmse": 0.036780555162911975,
      "mape": 0.030279163960651726
    },
    {
      "mae": 0.0265353895196202,
      "mse": 0.0012472239913776386,
      "rmse": 0.03531605854816812,
      "mape": 0.02995000808902411
    }
  ],
  "mean": {
    "mae": 0.02667763212785894,
    "mse": 0.0012731441147556678,
    "rmse": 0.03567216979939054,
    "mape": 0.029809588616523847
  },
  "std": {
    "mae": 0.0005219871269223262,
    "mse": 5.746567002030044e-05,
    "rmse": 0.0008002603070982605,
    "mape": 0.00045177882065721407
  }
}