{
  "domain": "li_ion",
  "task": "soh_traj",
  "model": "batlinet",
  "splits": [
    {
      "mae": 0.12906917591715025,
      "mse": 0.020090135316003715,
      "rmse": 0.14173967445991864,
      "mape": 0.13934458397030117
    },
    {
      "mae": 0.11514792349583758,
      "mse": 0.017248960093947382,
      "rmse": 0.13133529645128678,
      "mape": 0.12403682526818557
    },
    {
      "mae": 0.10875728261317294,
      "mse": 0.01682529464307243,
      "rmse": 0.12971235347133453,
      "mape": 0.11801318432940118
    }
  ],
  "mean": {
    "mae": 0.1176581273420536,
    "mse": 0.018054796684341175,
    "rmse": 0.13426244146084665,
    "mape": 0.12713153118929596
  },
  "std": {
    "mae": 0.008480137377433136,
    "mse": 0.0014495575446136942,
    "rmse": 0.0053285548992106305,
    "mape": 0.008979237392027004
  }
}