{
  "domain": "zn_ion",
  "task": "soh_traj",
  "model": "bigru",
  "splits": [
    {
      "mae": 0.050444787991029534,
      "mse": 0.003469256914158572,
      "rmse": 0.05890039825127307,
      "mape": 0.05383057468158923
    },
    {
      "mae": 0.039599372138961614,
      "mse": 0.0025415023431576236,
      "rmse": 0.05041331513754698,
      "mape": 0.042676514025994594
    },
    {
      "mae": 0.04088244032843371,
      "mse": 0.0025739219399076294,
      "rmse": 0.05073383427169318,
      "mape": 0.04436727061352384
    }
  ],
  "mean": {
    "mae": 0.043642200152808286,
    "mse": 0.002861560399074608,
    "rmse": 0.05334918255350441,
    "mape": 0.046958119773702546
  },
  "std": {
    "mae": 0.004838592561702596,
    "mse": 0.00042991010564012407,
    "rmse": 0.0039274826476343476,
    "mape": 0.004908335889434769
  }
}