{
  "domain": "zn_ion",
  "task": "soh_traj",
  "model": "bigru",
  "splits": [
    {
      "mae": 0.08851267973295504,
      "mse": 0.015583252609093391,
      "rmse": 0.12483289874505595,
      "mape": 0.11460341584989951
    },
    {
      "mae": 0.07560757361317919,
      "mse": 0.012317976989890213,
      "rmse": 0.11098638200198353,
      "mape": 0.09558575397371025
    },
    {
      "mae": 0.10100141000589656,
      "mse": 0.01866382123996939,
      "rmse": 0.13661559662047884,
      "mape": 0.14843806123778047
    }
  ],
  "mean": {
    "mae": 0.08837388778401027,
    "mse": 0.015521683612984331,
    "rmse": 0.12414495912250612,
    "mape": 0.11954241035379674
  },
  "std": {
    "mae": 0.010367454817483517,
    "mse": 0.0025910458464395085,
    "rmse": 0.01047438482468633,
    "mape": 0.021857673645900928
  }
}