{
  "domain": "zn_ion",
  "task": "soh_traj",
  "model": "bigru",
  "splits": [
    {
      "mae": 0.08890056342047568,
      "mse": 0.01624475498153635,
      "rmse": 0.12745491352449442,
      "mape": 0.11254866535660944
    },
    {
      "mae": 0.08926842422499345,
      "mse": 0.015106351667429718,
      "rmse": 0.12290789912544156,
      "mape": 0.11535470525905463
    },
    {
      "mae": 0.10086923718815481,
      "mse": 0.018330872139230375,
      "rmse": 0.13539155121066593,
      "mape": 0.14660921826254136
    }
  ],
  "mean": {
    "mae": 0.09301274161120798,
    "mse": 0.01656065959606548,
    "rmse": 0.12858478795353398,
    "mape": 0.12483752962606848
  },
  "std": {
    "mae": 0.005557410815347613,
    "mse": 0.0013352227934882836,
    "rmse": 0.005158672601569759,
    "mape": 0.015437471393682982
  }
}