{
  "domain": "zn_ion",
  "task": "soh_traj",
  "model": "bigru",
  "splits": [
    {
      "mae": 0.03764649928774528,
      "mse": 0.002707118761882469,
      "rmse": 0.05202997945302755,
      "mape": 0.041401622063150886
    },
    {
      "mae": 0.04061447956077436,
      "mse": 0.002660379542394876,
      "rmse": 0.05157886720736387,
      "mape": 0.04416881622299759
    },
    {
      "mae": 0.03833583923756484,
      "mse": 0.0025475227106393993,
      "rmse": 0.05047298991182709,
      "mape": 0.041563507688940696
    }
  ],
  "mean": {
    "mae": 0.03886560602869483,
    "mse": 0.0026383403383055813,
    "rmse": 0.0513606121907395,
    "mape": 0.042377981991696394
  },
  "std": {
    "mae": 0.0012682576933232893,
    "mse": 6.699263532042073e-05,
    "rmse": 0.0006541052652609682,
    "mape": 0.0012680344821703292
  }
}