{
  "domain": "zn_ion",
  "task": "soh_traj",
  "model": "severson",
  "splits": [
    {
      "mae": 0.07809226832826006,
      "mse": 0.0717482154079285,
      "rmse": 0.2678585735195506,
      "mape": 0.08521482284230632
    },
    {
      "mae": 0.022739132956583998,
      "mse": 0.0007351918387724886,
      "rmse": 0.027114421232482328,
      "mape": 0.024510355925602672
    },
    {
      "mae": 0.024471374181274753,
      "mse": 0.0007984803277817263,
      "rmse": 0.028257394214288873,
      "mape": 0.02664849807629309
    }
  ],
  "mean": {
    "mae": 0.0417675918220396,
    "mse": 0.024427295858160905,
    "rmse": 0.10774346298877392,
    "mape": 0.0454578922814007
  },
  "std": {
    "mae": 0.025695158524208447,
    "mse": 0.03346095308101562,
    "rmse": 0.11321944197595928,
    "mape": 0.028125943642630533
  }
}