{
  "domain": "zn_ion",
  "task": "soh_traj",
  "model": "severson",
  "splits": [
    {
      "mae": 0.07944015735618885,
      "mse": 0.03168199655124535,
      "rmse": 0.17799437224599365,
      "mape": 0.7838324125986018
    },
    {
      "mae": 0.07636747435191861,
      "mse": 0.031255412067849056,
      "rmse": 0.17679200227343164,
      "mape": 0.9284284401231214
    },
    {
      "mae": 0.03868340097406478,
      "mse": 0.003747442574383216,
      "rmse": 0.061216358715487286,
      "mape": 0.363408594137174
    }
  ],
  "mean": {
    "mae": 0.06483034422739074,
    "mse": 0.022228283731159208,
    "rmse": 0.13866757774497088,
    "mape": 0.6918898156196324
  },
  "std": {
    "mae": 0.018531186800106625,
    "mse": 0.013069088490961096,
    "rmse": 0.054768481935340084,
    "mape": 0.23965522102098233
  }
}