{
  "domain": "zn_ion",
  "task": "soh_traj",
  "model": "severson",
  "splits": [
    {
      "mae": 0.06497236666528082,
      "mse": 0.04797963178737756,
      "rmse": 0.21904253419684855,
      "mape": 0.070373436522465
    },
    {
      "mae": 0.023571067242629716,
      "mse": 0.0008122753172803715,
      "rmse": 0.028500444159352524,
      "mape": 0.025580399034864833
    },
    {
      "mae": 0.02518283797398894,
      "mse": 0.0012840644457357622,
      "rmse": 0.03583384497560598,
      "mape": 0.027342578079375825
    }
  ],
  "mean": {
    "mae": 0.03790875729396649,
    "mse": 0.016691990516797896,
    "rmse": 0.09445894111060234,
    "mape": 0.04109880454556855
  },
  "std": {
    "mae": 0.019148170763372954,
    "mse": 0.022124541704523385,
    "rmse": 0.08814476139318579,
    "mape": 0.020712787946632942
  }
}