{
  "domain": "zn_ion",
  "task": "soh_traj",
  "model": "severson",
  "splits": [
    {
      "mae": 0.15996873609700293,
      "mse": 0.27156577861101017,
      "rmse": 0.5211197353881449,
      "mape": 1.9767674131345128
    },
    {
      "mae": 0.049059507912694866,
      "mse": 0.005126179040784992,
      "rmse": 0.07159733962086155,
      "mape": 0.45748833258643223
    },
    {
      "mae": 0.042159845085255276,
      "mse": 0.0042186777262498,
      "rmse": 0.0649513489178616,
      "mape": 0.38651826652480165
    }
  ],
  "mean": {
    "mae": 0.08372936303165102,
    "mse": 0.09363687845934832,
    "rmse": 0.21922280797562269,
    "mape": 0.9402580040819154
  },
  "std": {
    "mae": 0.053982916068150776,
    "mse": 0.12581527734882864,
    "rmse": 0.21349060616952586,
    "mape": 0.7334952869015229
  }
}