{
  "domain": "li_ion",
  "task": "soh_point",
  "model": "bigru",
  "splits": [
    {
      "mae": 0.01452347518582093,
      "mse": 0.00040017784085336804,
      "rmse": 0.020004445527266383,
      "mape": 0.01550145288941681
    },
    {
      "mae": 0.010045025693742852,
      "mse": 0.00026438406193142255,
      "rmse": 0.016259891202939292,
      "mape": 0.010886892150094507
    },
    {
      "mae": 0.01311823059069483,
      "mse": 0.0003320609941750079,
      "rmse": 0.018222540826542493,
      "mape": 0.013771084287002747
    }
  ],
  "mean": {
    "mae": 0.012562243823419536,
    "mse": 0.00033220763231993285,
    "rmse": 0.018162292518916056,
    "mape": 0.013386476442171355
  },
  "std": {
    "mae": 0.0018701102333485624,
    "mse": 5.543767506870343e-05,
    "rmse": 0.001529301401705599,
    "mape": 0.0019034153689185633
  }
}