{
  "domain": "li_ion",
  "task": "soh_point",
  "model": "bigru",
  "splits": [
    {
      "mae": 0.011067558384459952,
      "mse": 0.00027959342266618245,
      "rmse": 0.016721047295734273,
      "mape": 0.01182649957985591
    },
    {
      "mae": 0.01206304243941238,
      "mse": 0.00029634423334763725,
      "rmse": 0.0172146517056732,
      "mape": 0.012756257055750172
    },
    {
      "mae": 0.012379938843457595,
      "mse": 0.0003236288760641783,
      "rmse": 0.017989688047995115,
      "mape": 0.013323936711392991
    }
  ],
  "mean": {
    "mae": 0.011836846555776643,
    "mse": 0.000299855510692666,
    "rmse": 0.017308462349800862,
    "mape": 0.012635564448999692
  },
  "std": {
    "mae": 0.0005591416341858477,
    "mse": 1.8148041040969132e-05,
    "rmse": 0.0005221511066654772,
    "mape": 0.0006172544152506699
  }
}