{
  "domain": "li_ion",
  "task": "soh_point",
  "model": "bigru",
  "splits": [
    {
      "mae": 0.010316428725074428,
      "mse": 0.00024980925201479925,
      "rmse": 0.01580535516889131,
      "mape": 0.010968632051157298
    },
    {
      "mae": 0.008368896943754355,
      "mse": 0.00014577681805499798,
      "rmse": 0.012073807106915283,
      "mape": 0.008773987704108784
    },
    {
      "mae": 0.00998718305184143,
      "mse": 0.00019249065803405663,
      "rmse": 0.013874100260343249,
      "mape": 0.01049375315905677
    }
  ],
  "mean": {
    "mae": 0.00955750290689007,
    "mse": 0.00019602557603461796,
    "rmse": 0.013917754178716614,
    "mape": 0.010078790971440951
  },
  "std": {
    "mae": 0.0008511516825403882,
    "mse": 4.2544553610328103e-05,
    "rmse": 0.0015237108175222037,
    "mape": 0.0009427835260090831
  }
}