{
  "domain": "li_ion",
  "task": "soh_point",
  "model": "bigru",
  "splits": [
    {
      "mae": 0.022079654822224064,
      "mse": 0.0008953559335323637,
      "rmse": 0.029922498784900362,
      "mape": 0.023790982010552846
    },
    {
      "mae": 0.01981826675565619,
      "mse": 0.0010061542852921484,
      "rmse": 0.031719935140099964,
      "mape": 0.02157251224356276
    },
    {
      "mae": 0.01731533439535844,
      "mse": 0.0006228368645941311,
      "rmse": 0.02495669979372535,
      "mape": 0.018365548662324083
    }
  ],
  "mean": {
    "mae": 0.019737751991079563,
    "mse": 0.0008414490278062144,
    "rmse": 0.02886637790624189,
    "mape": 0.021243014305479896
  },
  "std": {
    "mae": 0.0019458587226806208,
    "mse": 0.00016106422552586728,
    "rmse": 0.0028602892126923674,
    "mape": 0.00222714442315997
  }
}