{
  "domain": "li_ion",
  "task": "soh_traj",
  "model": "timemixer",
  "splits": [
    {
      "mae": 0.0962054470983986,
      "mse": 0.022747477629198553,
      "rmse": 0.15082266948041514,
      "mape": 0.4820863971593714
    },
    {
      "mae": 0.08284193450368806,
      "mse": 0.01603983626229715,
      "rmse": 0.12664847516767483,
      "mape": 0.23917791686390766
    },
    {
      "mae": 0.10529034176795546,
      "mse": 0.02193592171449662,
      "rmse": 0.14810780436728047,
      "mape": 0.8538331205076591
    }
  ],
  "mean": {
    "mae": 0.09477924112334739,
    "mse": 0.020241078535330772,
    "rmse": 0.14185964967179013,
    "mape": 0.5250324781769794
  },
  "std": {
    "mae": 0.009219844351110534,
    "mse": 0.0029891451652287334,
    "rmse": 0.010812877985427526,
    "mape": 0.25276277316575396
  }
}