{
  "domain": "li_ion",
  "task": "soh_traj",
  "model": "timemixer",
  "splits": [
    {
      "mae": 0.05806719200183881,
      "mse": 0.0071814290210223146,
      "rmse": 0.08474331254454427,
      "mape": 0.3514184958515527
    },
    {
      "mae": 0.06364069684664435,
      "mse": 0.009258107501213794,
      "rmse": 0.0962190599684584,
      "mape": 0.23686193194965674
    },
    {
      "mae": 0.05231917337848791,
      "mse": 0.008097350373691196,
      "rmse": 0.08998527864985026,
      "mape": 0.7450266926435819
    }
  ],
  "mean": {
    "mae": 0.05800902074232369,
    "mse": 0.008178962298642435,
    "rmse": 0.09031588372095097,
    "mape": 0.4444357068149305
  },
  "std": {
    "mae": 0.00462217562998057,
    "mse": 0.0008497622244852903,
    "rmse": 0.004690783127165165,
    "mape": 0.21763426071329348
  }
}