{
  "domain": "li_ion",
  "task": "soh_traj",
  "model": "timemixer",
  "splits": [
    {
      "mae": 0.019554978956514545,
      "mse": 0.0007904880879769028,
      "rmse": 0.02811561999986667,
      "mape": 0.02188740138221505
    },
    {
      "mae": 0.019689589995926765,
      "mse": 0.0006605440908017626,
      "rmse": 0.025701052328684183,
      "mape": 0.021820263854188157
    },
    {
      "mae": 0.02161986926170986,
      "mse": 0.0008197869262405202,
      "rmse": 0.028631921455615238,
      "mape": 0.024329150183675718
    }
  ],
  "mean": {
    "mae": 0.020288146071383725,
    "mse": 0.0007569397016730619,
    "rmse": 0.027482864594722028,
    "mape": 0.022678938473359642
  },
  "std": {
    "mae": 0.0009432726805196983,
    "mse": 6.920352027335805e-05,
    "rmse": 0.0012774409345391066,
    "mape": 0.0011671977491883778
  }
}