{
  "domain": "li_ion",
  "task": "soh_traj",
  "model": "timemixer",
  "splits": [
    {
      "mae": 0.019977542681499542,
      "mse": 0.0007770229052397959,
      "rmse": 0.02787513058695503,
      "mape": 0.02203170301100446
    },
    {
      "mae": 0.020745275534629206,
      "mse": 0.0008196273120649629,
      "rmse": 0.028629133973366413,
      "mape": 0.022988475006051577
    },
    {
      "mae": 0.018925174709260337,
      "mse": 0.000731913480854784,
      "rmse": 0.027053899549876057,
      "mape": 0.020972686274261444
    }
  ],
  "mean": {
    "mae": 0.019882664308463027,
    "mse": 0.0007761878993865143,
    "rmse": 0.027852721370065833,
    "mape": 0.021997621430439162
  },
  "std": {
    "mae": 0.0007460755917374821,
    "mse": 3.5813889042038804e-05,
    "rmse": 0.000643281950619083,
    "mape": 0.0008232950942820725
  }
}