{
  "domain": "zn_ion",
  "task": "soh_point",
  "model": "autoformer",
  "splits": [
    {
      "mae": 0.015869297698924416,
      "mse": 0.0010146998192159722,
      "rmse": 0.031854353222377195,
      "mape": 0.017170523623054317
    },
    {
      "mae": 0.013276765032818444,
      "mse": 0.0008422187412736324,
      "rmse": 0.029021005173384885,
      "mape": 0.014235995779425824
    },
    {
      "mae": 0.022138073099286934,
      "mse": 0.001608173023583811,
      "rmse": 0.040102032661497485,
      "mape": 0.024151470506978964
    }
  ],
  "mean": {
    "mae": 0.017094711943676597,
    "mse": 0.0011550305280244718,
    "rmse": 0.03365913035241985,
    "mape": 0.0185193299698197
  },
  "std": {
    "mae": 0.0037199395349607547,
    "mse": 0.00032806607212912376,
    "rmse": 0.004700369341156112,
    "mape": 0.004158815431425331
  }
}