{
  "domain": "zn_ion",
  "task": "soh_point",
  "model": "autoformer",
  "splits": [
    {
      "mae": 0.013979144683490567,
      "mse": 0.000577645177565166,
      "rmse": 0.024034250093671865,
      "mape": 0.014789511782324264
    },
    {
      "mae": 0.026492114399754723,
      "mse": 0.002283758635274344,
      "rmse": 0.04778868731482738,
      "mape": 0.029300444332495526
    },
    {
      "mae": 0.024340117002423868,
      "mse": 0.0018804810199381683,
      "rmse": 0.04336451337139814,
      "mape": 0.026634757701068414
    }
  ],
  "mean": {
    "mae": 0.021603792028556387,
    "mse": 0.0015806282775925596,
    "rmse": 0.038395816926632464,
    "mape": 0.02357490460529607
  },
  "std": {
    "mae": 0.005462551818335098,
    "mse": 0.0007280748738800739,
    "rmse": 0.010314529564118925,
    "mape": 0.0063068120100245924
  }
}