{
  "domain": "zn_ion",
  "task": "soh_point",
  "model": "autoformer",
  "splits": [
    {
      "mae": 0.029744726916154225,
      "mse": 0.0037936118597046153,
      "rmse": 0.06159230357524076,
      "mape": 0.03430531838079541
    },
    {
      "mae": 0.03866536418596903,
      "mse": 0.005850387985441093,
      "rmse": 0.07648782900201243,
      "mape": 0.04575995272456391
    },
    {
      "mae": 0.0497277503212293,
      "mse": 0.007828965817419617,
      "rmse": 0.08848144335068013,
      "mape": 0.05913466997037298
    }
  ],
  "mean": {
    "mae": 0.039379280474450856,
    "mse": 0.005824321887521774,
    "rmse": 0.0755205253093111,
    "mape": 0.04639998035857743
  },
  "std": {
    "mae": 0.008173639069274848,
    "mse": 0.0016475294579272495,
    "rmse": 0.010998733769278903,
    "mape": 0.010146638248501823
  }
}