{
  "domain": "zn_ion",
  "task": "soh_point",
  "model": "autoformer",
  "splits": [
    {
      "mae": 0.019170255472785547,
      "mse": 0.0011311078555389063,
      "rmse": 0.03363194694838386,
      "mape": 0.020520435343176362
    },
    {
      "mae": 0.015169601848250941,
      "mse": 0.000853294883582985,
      "rmse": 0.029211211607582884,
      "mape": 0.01611564413047346
    },
    {
      "mae": 0.02421010280910291,
      "mse": 0.0016241131547648504,
      "rmse": 0.04030028727893699,
      "mape": 0.02622192960383454
    }
  ],
  "mean": {
    "mae": 0.01951665337671313,
    "mse": 0.0012028386312955806,
    "rmse": 0.03438114861163458,
    "mape": 0.020952669692494787
  },
  "std": {
    "mae": 0.0036988879442949167,
    "mse": 0.00031874669142328957,
    "rmse": 0.004557987652492973,
    "mape": 0.004137178701870421
  }
}