{
  "domain": "zn_ion",
  "task": "soh_point",
  "model": "autoformer",
  "splits": [
    {
      "mae": 0.02888534963130951,
      "mse": 0.003787665773510381,
      "rmse": 0.061544014928426476,
      "mape": 0.03344419992009642
    },
    {
      "mae": 0.0393991619348526,
      "mse": 0.005388426686293061,
      "rmse": 0.07340590362016573,
      "mape": 0.046190485628264194
    },
    {
      "mae": 0.049947015941143036,
      "mse": 0.007346014308251399,
      "rmse": 0.08570889281895665,
      "mape": 0.05905602985305832
    }
  ],
  "mean": {
    "mae": 0.039410509169101715,
    "mse": 0.005507368922684947,
    "rmse": 0.07355293712251627,
    "mape": 0.046230238467139646
  },
  "std": {
    "mae": 0.008598393009025504,
    "mse": 0.0014551223351484495,
    "rmse": 0.00986581792534772,
    "mape": 0.010456023570009453
  }
}