{
  "domain": "calb",
  "task": "rul",
  "model": "mlp",
  "splits": [
    {
      "mae": 6.266665649414063,
      "mse": 56.29914107171353,
      "rmse": 7.503275356250331,
      "mape": 0.09082124129585598,
      "acc15": 0.8
    },
    {
      "mae": 4.652021789550782,
      "mse": 35.01133680093335,
      "rmse": 5.917037840079557,
      "mape": 0.0674206056456635,
      "acc15": 1.0
    },
    {
      "mae": 4.261044311523437,
      "mse": 28.927926333108918,
      "rmse": 5.378468772160801,
      "mape": 0.06175426538439764,
      "acc15": 1.0
    }
  ],
  "mean": {
    "mae": 5.0599105834960945,
    "mse": 40.079468068585264,
    "rmse": 6.2662606561635625,
    "mape": 0.07333203744197238,
    "acc15": 0.9333333333333332
  },
  "std": {
    "mae": 0.8681049049203545,
    "mse": 11.734857334065742,
    "rmse": 0.9019121119055105,
    "mape": 0.012581230506092092,
    "acc15": 0.09428090415820632
  }
}