{
  "domain": "calb",
  "task": "rul",
  "model": "mlp",
  "splits": [
    {
      "mae": 0.05791015625,
      "mse": 0.003861297224648297,
      "rmse": 0.06213933717580432,
      "mape": 0.0008392776268115942,
      "acc15": 1.0
    },
    {
      "mae": 1.1870513916015626,
      "mse": 1.6387405346380546,
      "rmse": 1.280133014431725,
      "mape": 0.017203643356544385,
      "acc15": 1.0
    },
    {
      "mae": 4.407421875,
      "mse": 20.11778805742506,
      "rmse": 4.485285727512246,
      "mape": 0.06387567934782609,
      "acc15": 1.0
    }
  ],
  "mean": {
    "mae": 1.8841278076171875,
    "mse": 7.253463296429254,
    "rmse": 1.9425193597065917,
    "mape": 0.027306200110394026,
    "acc15": 1.0
  },
  "std": {
    "mae": 1.842823864835303,
    "mse": 9.12090442143792,
    "rmse": 1.8654977441943872,
    "mape": 0.026707592243989903,
    "acc15": 0.0
  }
}