{
  "domain": "calb",
  "task": "rul",
  "model": "mlp",
  "splits": [
    {
      "mae": 125.23859900272254,
      "mse": 31041.73228091314,
      "rmse": 176.1866404722933,
      "mape": 0.1101374896717069,
      "acc15": 0.7393939393939394
    },
    {
      "mae": 274.57549630441974,
      "mse": 94854.58394880572,
      "rmse": 307.9847138232768,
      "mape": 0.3046863248001387,
      "acc15": 0.3185483870967742
    },
    {
      "mae": 274.4159130366162,
      "mse": 78673.4345525145,
      "rmse": 280.48785098915516,
      "mape": 0.2066055990040585,
      "acc15": 0.028282828282828285
    }
  ],
  "mean": {
    "mae": 224.74333611458619,
    "mse": 68189.91692741112,
    "rmse": 254.88640176157512,
    "mape": 0.20714313782530136,
    "acc15": 0.3620750515911806
  },
  "std": {
    "mae": 70.36050453429422,
    "mse": 27085.643378537952,
    "rmse": 56.77005482160513,
    "mape": 0.07942513885601414,
    "acc15": 0.2919368436014043
  }
}