{
  "domain": "calb",
  "task": "soh_traj",
  "model": "micn",
  "splits": [
    {
      "mae": 0.05502001540829437,
      "mse": 0.004896610547723455,
      "rmse": 0.06997578543841759,
      "mape": 0.05502001540829437
    },
    {
      "mae": 0.08899745375219018,
      "mse": 0.014525695266112151,
      "rmse": 0.12052259234729458,
      "mape": 0.08900843058996344
    },
    {
      "mae": 0.12880632600398978,
      "mse": 0.03407890161206345,
      "rmse": 0.18460471719883934,
      "mape": 0.12882400767612992
    }
  ],
  "mean": {
    "mae": 0.09094126505482476,
    "mse": 0.01783373580863302,
    "rmse": 0.12503436499485052,
    "mape": 0.09095081789146257
  },
  "std": {
    "mae": 0.030154476833092803,
    "mse": 0.012141083892145868,
    "rmse": 0.04690568599826167,
    "mape": 0.030161641975523054
  }
}