{
  "domain": "calb",
  "task": "soh_traj",
  "model": "micn",
  "splits": [
    {
      "mae": 0.005532466233724219,
      "mse": 0.00010456299140141863,
      "rmse": 0.010225604696125244,
      "mape": 0.005725594894387474
    },
    {
      "mae": 0.007829363162163035,
      "mse": 0.00020231287422234484,
      "rmse": 0.014223673021492895,
      "mape": 0.008093262485385427
    },
    {
      "mae": 0.005393201877292173,
      "mse": 7.797349830387742e-05,
      "rmse": 0.008830260375769075,
      "mape": 0.005642088754399818
    }
  ],
  "mean": {
    "mae": 0.00625167709105981,
    "mse": 0.00012828312130921363,
    "rmse": 0.011093179364462405,
    "mape": 0.00648698204472424
  },
  "std": {
    "mae": 0.0011170403288625285,
    "mse": 5.346059934244715e-05,
    "rmse": 0.002285714964093096,
    "mape": 0.0011363232988875224
  }
}