{
  "domain": "calb",
  "task": "soh_traj",
  "model": "micn",
  "splits": [
    {
      "mae": 0.1529199637547888,
      "mse": 0.0412688225155787,
      "rmse": 0.2031472926612085,
      "mape": 0.1529199637547888
    },
    {
      "mae": 0.16800480292300984,
      "mse": 0.04723166618531622,
      "rmse": 0.21732847532092112,
      "mape": 0.1680106572701476
    },
    {
      "mae": 0.1912966190564512,
      "mse": 0.04810010775923532,
      "rmse": 0.21931736766438567,
      "mape": 0.19130917850784424
    }
  ],
  "mean": {
    "mae": 0.17074046191141665,
    "mse": 0.04553353215337674,
    "rmse": 0.21326437854883842,
    "mape": 0.17074659984426022
  },
  "std": {
    "mae": 0.01578617096514734,
    "mse": 0.003036374912388501,
    "rmse": 0.00719979135492751,
    "mape": 0.01579128427679192
  }
}