{
  "domain": "calb",
  "task": "soh_traj",
  "model": "micn",
  "splits": [
    {
      "mae": 0.005986135324031374,
      "mse": 6.268606221180723e-05,
      "rmse": 0.00791745301292071,
      "mape": 0.006286970667287973
    },
    {
      "mae": 0.007254848571050603,
      "mse": 0.0001853953461982964,
      "rmse": 0.013615995967915693,
      "mape": 0.007517123819917311
    },
    {
      "mae": 0.007579038795993985,
      "mse": 0.00022752436885792828,
      "rmse": 0.015083910927141153,
      "mape": 0.007843701895798473
    }
  ],
  "mean": {
    "mae": 0.006940007563691987,
    "mse": 0.00015853525908934396,
    "rmse": 0.012205786635992519,
    "mape": 0.007215932127667919
  },
  "std": {
    "mae": 0.000687351929598211,
    "mse": 6.992383973112242e-05,
    "rmse": 0.003090959670712384,
    "mape": 0.0006702687799507458
  }
}