{
  "domain": "calb",
  "task": "soh_traj",
  "model": "micn",
  "splits": [
    {
      "mae": 0.0072528528366408536,
      "mse": 0.0001739800135020181,
      "rmse": 0.013190148350265742,
      "mape": 0.007505740650006834
    },
    {
      "mae": 0.009050055163217626,
      "mse": 0.00023446572611751838,
      "rmse": 0.015312273708287688,
      "mape": 0.009340055365599068
    },
    {
      "mae": 0.005660532550668918,
      "mse": 7.786598166174336e-05,
      "rmse": 0.008824170310105272,
      "mape": 0.005925407953855636
    }
  ],
  "mean": {
    "mae": 0.007321146850175798,
    "mse": 0.00016210390709375994,
    "rmse": 0.01244219745621957,
    "mape": 0.007590401323153845
  },
  "std": {
    "mae": 0.0013846091962375253,
    "mse": 6.448075381315323e-05,
    "rmse": 0.002701042308851024,
    "mape": 0.0013953087612460094
  }
}