{
  "domain": "zn_ion",
  "task": "rul",
  "model": "severson",
  "splits": [
    {
      "mae": 456.62207227971726,
      "mse": 1143505.6006761875,
      "rmse": 1069.3482130139778,
      "mape": 2.550604500108259,
      "acc15": 0.08333333333333333
    },
    {
      "mae": 444.8261782142149,
      "mse": 1273182.625022897,
      "rmse": 1128.353944922823,
      "mape": 4.42747247155101,
      "acc15": 0.041666666666666664
    },
    {
      "mae": 186.26156194472208,
      "mse": 94549.06415470125,
      "rmse": 307.4883154767043,
      "mape": 5.628581586219139,
      "acc15": 0.08333333333333333
    }
  ],
  "mean": {
    "mae": 362.56993747955147,
    "mse": 837079.0966179287,
    "rmse": 835.0634911378352,
    "mape": 4.202219519292803,
    "acc15": 0.06944444444444443
  },
  "std": {
    "mae": 124.76182172977688,
    "mse": 527710.2547757531,
    "rmse": 373.8289212816734,
    "mape": 1.2666333079024052,
    "acc15": 0.019641855032959652
  }
}