{
  "domain": "zn_ion",
  "task": "rul",
  "model": "severson",
  "splits": [
    {
      "mae": 521.1036242260734,
      "mse": 1432180.0225086007,
      "rmse": 1196.7372403784386,
      "mape": 3.1492156315817947,
      "acc15": 0.0
    },
    {
      "mae": 460.0204456668419,
      "mse": 1173658.0704326516,
      "rmse": 1083.3550066495523,
      "mape": 5.333975435460346,
      "acc15": 0.041666666666666664
    },
    {
      "mae": 212.1064402812386,
      "mse": 108752.44682969151,
      "rmse": 329.7763588095598,
      "mape": 10.063442403871864,
      "acc15": 0.08333333333333333
    }
  ],
  "mean": {
    "mae": 397.7435033913846,
    "mse": 904863.5132569814,
    "rmse": 869.9562019458504,
    "mape": 6.182211156971334,
    "acc15": 0.041666666666666664
  },
  "std": {
    "mae": 133.61294367399438,
    "mse": 572743.7021287894,
    "rmse": 384.75930132088075,
    "mape": 2.8857420587084865,
    "acc15": 0.034020690871988585
  }
}