{
  "domain": "zn_ion",
  "task": "rul",
  "model": "severson",
  "splits": [
    {
      "mae": 356.1369891887434,
      "mse": 666044.7696031961,
      "rmse": 816.1156594522593,
      "mape": 1.4490980707150323,
      "acc15": 0.10526315789473684
    },
    {
      "mae": 354.5621823508163,
      "mse": 242282.7707918459,
      "rmse": 492.2222778296873,
      "mape": 0.6882903341748521,
      "acc15": 0.07947368421052632
    },
    {
      "mae": 251.84596842257514,
      "mse": 124172.9682634116,
      "rmse": 352.381850076606,
      "mape": 0.961376671123212,
      "acc15": 0.07210526315789474
    }
  ],
  "mean": {
    "mae": 320.84837998737834,
    "mse": 344166.8362194845,
    "rmse": 553.5732624528508,
    "mape": 1.0329216920043656,
    "acc15": 0.0856140350877193
  },
  "std": {
    "mae": 48.796308640873335,
    "mse": 232653.58276896464,
    "rmse": 194.2253312953581,
    "mape": 0.3146915108531015,
    "acc15": 0.014215940056058167
  }
}