{
  "domain": "na_ion",
  "task": "soh_traj",
  "model": "ic2ml",
  "splits": [
    {
      "mae": 0.01904117567269872,
      "mse": 0.000615337454842778,
      "rmse": 0.024805996348519807,
      "mape": 0.022601613846255333
    },
    {
      "mae": 0.02074315996568014,
      "mse": 0.0016153409428310602,
      "rmse": 0.04019130431860927,
      "mape": 0.02427715300703186
    },
    {
      "mae": 0.022400920234186588,
      "mse": 0.0008097801488807729,
      "rmse": 0.028456636288935713,
      "mape": 0.0265090913854712
    }
  ],
  "mean": {
    "mae": 0.02072841862418848,
    "mse": 0.0010134861821848703,
    "rmse": 0.031151312318688267,
    "mape": 0.024462619412919464
  },
  "std": {
    "mae": 0.0013716495810941309,
    "mse": 0.0004329155845354844,
    "rmse": 0.006563682122742631,
    "mape": 0.0016006027032868524
  }
}