{
  "domain": "na_ion",
  "task": "soh_traj",
  "model": "ic2ml",
  "splits": [
    {
      "mae": 0.008612781725548144,
      "mse": 0.000138313409507565,
      "rmse": 0.011760672153731904,
      "mape": 0.010288701266444353
    },
    {
      "mae": 0.013111189258448288,
      "mse": 0.0002730800377332528,
      "rmse": 0.016525133516351775,
      "mape": 0.015239720287381334
    },
    {
      "mae": 0.008882800545565697,
      "mse": 0.00018907200661430137,
      "rmse": 0.013750345690719975,
      "mape": 0.010393946217118755
    }
  ],
  "mean": {
    "mae": 0.010202257176520709,
    "mse": 0.00020015515128503974,
    "rmse": 0.014012050453601219,
    "mape": 0.011974122590314815
  },
  "std": {
    "mae": 0.002059877331904589,
    "mse": 5.557360340230228e-05,
    "rmse": 0.001953866262253799,
    "mape": 0.0023095259779480335
  }
}