{
  "domain": "na_ion",
  "task": "soh_traj",
  "model": "ic2ml",
  "splits": [
    {
      "mae": 0.005278649403341365,
      "mse": 4.535734721196922e-05,
      "rmse": 0.006734786352362576,
      "mape": 0.006376825556696557
    },
    {
      "mae": 0.005343740699702223,
      "mse": 4.502685025580015e-05,
      "rmse": 0.006710204933964398,
      "mape": 0.006430674218770846
    },
    {
      "mae": 0.008032029392156134,
      "mse": 0.0001561565739621798,
      "rmse": 0.012496262399700952,
      "mape": 0.009506763823312265
    }
  ],
  "mean": {
    "mae": 0.00621813983173324,
    "mse": 8.21802571433164e-05,
    "rmse": 0.008647084562009308,
    "mape": 0.007438087866259889
  },
  "std": {
    "mae": 0.0012828888552206047,
    "mse": 5.230932928024184e-05,
    "rmse": 0.0027217982512994362,
    "mape": 0.0014629399807845206
  }
}