{
  "domain": "na_ion",
  "task": "soh_traj",
  "model": "ic2ml",
  "splits": [
    {
      "mae": 0.023983425774833648,
      "mse": 0.0009391730591922445,
      "rmse": 0.030645930548642907,
      "mape": 0.028288213501228007
    },
    {
      "mae": 0.02303393899365631,
      "mse": 0.0018449693985978558,
      "rmse": 0.04295310697257948,
      "mape": 0.02692450186227568
    },
    {
      "mae": 0.02405935454336788,
      "mse": 0.000947846574965448,
      "rmse": 0.030787117029131648,
      "mape": 0.028516162485818713
    }
  ],
  "mean": {
    "mae": 0.02369223977061928,
    "mse": 0.0012439963442518495,
    "rmse": 0.03479538485011801,
    "mape": 0.02790962594977413
  },
  "std": {
    "mae": 0.00046651990253029777,
    "mse": 0.0004249668744003803,
    "rmse": 0.0057686685971745175,
    "mape": 0.0007027765342891613
  }
}