{
  "domain": "na_ion",
  "task": "soh_point",
  "model": "transformer",
  "splits": [
    {
      "mae": 0.035763848911632194,
      "mse": 0.0017211583628570731,
      "rmse": 0.04148684566048705,
      "mape": 0.042477801635003726
    },
    {
      "mae": 0.03379288044842807,
      "mse": 0.0015833014288068755,
      "rmse": 0.03979072038562352,
      "mape": 0.03823467709098647
    },
    {
      "mae": 0.04191965406591242,
      "mse": 0.0020274754766434326,
      "rmse": 0.045027496895157657,
      "mape": 0.04994173154551591
    }
  ],
  "mean": {
    "mae": 0.037158794475324226,
    "mse": 0.0017773117561024603,
    "rmse": 0.04210168764708941,
    "mape": 0.043551403423835365
  },
  "std": {
    "mae": 0.0034612634688995668,
    "mse": 0.00018562964718781021,
    "rmse": 0.002181662982538624,
    "mape": 0.004839300679579389
  }
}