{
  "domain": "na_ion",
  "task": "soh_point",
  "model": "transformer",
  "splits": [
    {
      "mae": 0.007742204819338389,
      "mse": 0.00011303675154779518,
      "rmse": 0.010631874319601185,
      "mape": 0.009144306618427703
    },
    {
      "mae": 0.023784049933924335,
      "mse": 0.0008254623462214521,
      "rmse": 0.028730860520030585,
      "mape": 0.02726539924278187
    },
    {
      "mae": 0.007418843230248396,
      "mse": 9.541605789751935e-05,
      "rmse": 0.009768114347074329,
      "mape": 0.0085700522575404
    }
  ],
  "mean": {
    "mae": 0.012981699327837042,
    "mse": 0.00034463838522225555,
    "rmse": 0.016376949728902034,
    "mape": 0.014993252706249993
  },
  "std": {
    "mae": 0.007639556036051249,
    "mse": 0.0003400699764405329,
    "rmse": 0.00874264850026988,
    "mape": 0.008680884266722028
  }
}