{
  "domain": "na_ion",
  "task": "soh_point",
  "model": "transformer",
  "splits": [
    {
      "mae": 0.035146924582394684,
      "mse": 0.0016893868894640527,
      "rmse": 0.041102151883618605,
      "mape": 0.04178399171495795
    },
    {
      "mae": 0.033751081336628304,
      "mse": 0.0015722951470884539,
      "rmse": 0.03965217707879926,
      "mape": 0.03819291471465344
    },
    {
      "mae": 0.040975782004269684,
      "mse": 0.0019323102356384356,
      "rmse": 0.04395805086259439,
      "mape": 0.04879184532400663
    }
  ],
  "mean": {
    "mae": 0.036624595974430886,
    "mse": 0.0017313307573969807,
    "rmse": 0.04157079327500409,
    "mape": 0.042922917251206005
  },
  "std": {
    "mae": 0.0031290796827380535,
    "mse": 0.00014993816956508882,
    "rmse": 0.001788827516519006,
    "mape": 0.004401302538136441
  }
}