{
  "domain": "na_ion",
  "task": "soh_point",
  "model": "transformer",
  "splits": [
    {
      "mae": 0.004525564114252726,
      "mse": 3.356496438737366e-05,
      "rmse": 0.005793527801553529,
      "mape": 0.0052817391710164715
    },
    {
      "mae": 0.008141952554384867,
      "mse": 9.905801965960137e-05,
      "rmse": 0.009952789541611003,
      "mape": 0.009513510791227794
    },
    {
      "mae": 0.00910734365383784,
      "mse": 0.0001310886592336343,
      "rmse": 0.011449395583769229,
      "mape": 0.010474578877795298
    }
  ],
  "mean": {
    "mae": 0.007258286774158479,
    "mse": 8.790388109353646e-05,
    "rmse": 0.009065237642311253,
    "mape": 0.008423276280013188
  },
  "std": {
    "mae": 0.001972109673369702,
    "mse": 4.0587591449274853e-05,
    "rmse": 0.0023927698556191214,
    "mape": 0.0022557858234854974
  }
}