{
  "domain": "zn_ion",
  "task": "rul",
  "model": "timemixer",
  "splits": [
    {
      "mae": 359.6010602315267,
      "mse": 298384.70795427467,
      "rmse": 546.2460141312472,
      "mape": 2.7553901128176634,
      "acc15": 0.0
    },
    {
      "mae": 351.59631029764813,
      "mse": 229212.44490727395,
      "rmse": 478.7613653035027,
      "mape": 12.77376071926142,
      "acc15": 0.0
    },
    {
      "mae": 258.3565330505371,
      "mse": 166629.94539379285,
      "rmse": 408.2033137957026,
      "mape": 16.376556547780524,
      "acc15": 0.08333333333333333
    }
  ],
  "mean": {
    "mae": 323.1846345265706,
    "mse": 231409.03275178047,
    "rmse": 477.7368977434842,
    "mape": 10.635235793286535,
    "acc15": 0.027777777777777776
  },
  "std": {
    "mae": 45.9567264653475,
    "mse": 53811.077626335216,
    "rmse": 56.360352076723736,
    "mape": 5.762754573205516,
    "acc15": 0.039283710065919304
  }
}