{
  "domain": "zn_ion",
  "task": "rul",
  "model": "timemixer",
  "splits": [
    {
      "mae": 368.982915242513,
      "mse": 324071.10700190766,
      "rmse": 569.2724365379969,
      "mape": 2.1727840975451733,
      "acc15": 0.125
    },
    {
      "mae": 360.36471430460614,
      "mse": 277277.38061151654,
      "rmse": 526.5713442749392,
      "mape": 5.491536769098418,
      "acc15": 0.08333333333333333
    },
    {
      "mae": 289.99241828918457,
      "mse": 193301.31315824788,
      "rmse": 439.6604521198693,
      "mape": 8.308497699100071,
      "acc15": 0.0
    }
  ],
  "mean": {
    "mae": 339.78001594543457,
    "mse": 264883.2669238907,
    "rmse": 511.8347443109351,
    "mape": 5.324272855247887,
    "acc15": 0.06944444444444443
  },
  "std": {
    "mae": 35.38052201552909,
    "mse": 54101.11080840309,
    "rmse": 53.93015334718015,
    "mape": 2.5076852889645584,
    "acc15": 0.05196746370519363
  }
}