{
  "domain": "zn_ion",
  "task": "rul",
  "model": "timemixer",
  "splits": [
    {
      "mae": 258.1305789997703,
      "mse": 128359.3185616646,
      "rmse": 358.2726874346754,
      "mape": 0.6110684200000214,
      "acc15": 0.1031578947368421
    },
    {
      "mae": 422.8534675357216,
      "mse": 300429.84488370345,
      "rmse": 548.1148099474265,
      "mape": 0.8353162435691175,
      "acc15": 0.03
    },
    {
      "mae": 231.0269009399414,
      "mse": 107175.97320173655,
      "rmse": 327.3774170613125,
      "mape": 0.9504980910685891,
      "acc15": 0.13105263157894737
    }
  ],
  "mean": {
    "mae": 304.0036491584778,
    "mse": 178655.04554903487,
    "rmse": 411.25497148113817,
    "mape": 0.798960918212576,
    "acc15": 0.08807017543859648
  },
  "std": {
    "mae": 84.7648191068307,
    "mse": 86540.97235763953,
    "rmse": 97.59300170136758,
    "mape": 0.14093593736579754,
    "acc15": 0.042611720159870005
  }
}