{
  "domain": "calb",
  "task": "rul",
  "model": "bilstm",
  "splits": [
    {
      "mae": 0.03664398193359375,
      "mse": 0.0014367434079758823,
      "rmse": 0.03790439826690146,
      "mape": 0.0005310722019361413,
      "acc15": 1.0
    },
    {
      "mae": 0.44797210693359374,
      "mse": 0.20067901037400587,
      "rmse": 0.4479721089242118,
      "mape": 0.006492349375849185,
      "acc15": 1.0
    },
    {
      "mae": 0.17588958740234376,
      "mse": 0.030937153508421033,
      "rmse": 0.17588960602724946,
      "mape": 0.0025491244551064315,
      "acc15": 1.0
    }
  ],
  "mean": {
    "mae": 0.22016855875651042,
    "mse": 0.07768430243013426,
    "rmse": 0.2205887044061209,
    "mape": 0.0031908486776305854,
    "acc15": 1.0
  },
  "std": {
    "mae": 0.17081798711326476,
    "mse": 0.08780031201794337,
    "rmse": 0.1703670329569758,
    "mape": 0.0024756230016415187,
    "acc15": 0.0
  }
}