{
  "domain": "calb",
  "task": "rul",
  "model": "bilstm",
  "splits": [
    {
      "mae": 0.01437530517578125,
      "mse": 0.000595168478321284,
      "rmse": 0.024396075059756724,
      "mape": 0.0002083377561707427,
      "acc15": 1.0
    },
    {
      "mae": 0.8306488037109375,
      "mse": 0.7907775300787762,
      "rmse": 0.889256729003934,
      "mape": 0.012038388459578804,
      "acc15": 1.0
    },
    {
      "mae": 0.7135208129882813,
      "mse": 0.5374515021103434,
      "rmse": 0.7331108388984189,
      "mape": 0.010340881347656249,
      "acc15": 1.0
    }
  ],
  "mean": {
    "mae": 0.5195149739583333,
    "mse": 0.4429414002224803,
    "rmse": 0.5489212143207033,
    "mape": 0.007529202521135266,
    "acc15": 1.0
  },
  "std": {
    "mae": 0.36037416230541236,
    "mse": 0.32944009133200397,
    "rmse": 0.3763334966371781,
    "mape": 0.005222813946455251,
    "acc15": 0.0
  }
}