{
  "domain": "calb",
  "task": "rul",
  "model": "bilstm",
  "splits": [
    {
      "mae": 119.73800554371843,
      "mse": 20288.1287155394,
      "rmse": 142.43640235396077,
      "mape": 0.10039731784938315,
      "acc15": 0.602020202020202
    },
    {
      "mae": 261.3753785164125,
      "mse": 93019.46583859815,
      "rmse": 304.9909274693235,
      "mape": 0.2968575674905268,
      "acc15": 0.4012096774193548
    },
    {
      "mae": 243.46927243627684,
      "mse": 63161.86063402204,
      "rmse": 251.32023522594045,
      "mape": 0.182949389138733,
      "acc15": 0.19393939393939394
    }
  ],
  "mean": {
    "mae": 208.19421883213593,
    "mse": 58823.15172938653,
    "rmse": 232.91585501640824,
    "mape": 0.19340142482621428,
    "acc15": 0.3990564244596502
  },
  "std": {
    "mae": 62.97371626709445,
    "mse": 29850.51809875756,
    "rmse": 67.62659396540703,
    "mape": 0.0805443613162933,
    "acc15": 0.1666052497266171
  }
}