{
  "domain": "li_ion",
  "task": "rul",
  "model": "bigru",
  "splits": [
    {
      "mae": 165.76912819711785,
      "mse": 69292.48229238036,
      "rmse": 263.2346525296021,
      "mape": 0.8904883490972436,
      "acc15": 0.3815789473684211
    },
    {
      "mae": 187.5108204891807,
      "mse": 101610.06231784257,
      "rmse": 318.7633327687527,
      "mape": 0.9725964389736185,
      "acc15": 0.32894736842105265
    },
    {
      "mae": 157.0757119028192,
      "mse": 53976.41532028965,
      "rmse": 232.3282490793783,
      "mape": 0.5714715955622927,
      "acc15": 0.3355263157894737
    }
  ],
  "mean": {
    "mae": 170.1185535297059,
    "mse": 74959.65331017085,
    "rmse": 271.44207812591105,
    "mape": 0.8115187945443849,
    "acc15": 0.34868421052631576
  },
  "std": {
    "mae": 12.800054276153757,
    "mse": 19854.95239783657,
    "rmse": 35.76103372188319,
    "mape": 0.17301720128385667,
    "acc15": 0.023414645289542357
  }
}