{
  "domain": "li_ion",
  "task": "rul",
  "model": "bigru",
  "splits": [
    {
      "mae": 157.16074471294016,
      "mse": 123420.17702241403,
      "rmse": 351.3120792435325,
      "mape": 0.32113347680036003,
      "acc15": 0.5114492753623189
    },
    {
      "mae": 153.55807155443276,
      "mse": 71059.06433510192,
      "rmse": 266.5690610988116,
      "mape": 0.255921002834035,
      "acc15": 0.5378260869565218
    },
    {
      "mae": 139.83403536146966,
      "mse": 109035.44789531543,
      "rmse": 330.20516030994344,
      "mape": 0.20900625848825977,
      "acc15": 0.5786231884057971
    }
  ],
  "mean": {
    "mae": 150.18428387628086,
    "mse": 101171.56308427714,
    "rmse": 316.02876688409583,
    "mape": 0.2620202460408849,
    "acc15": 0.542632850241546
  },
  "std": {
    "mae": 7.465053994469653,
    "mse": 22087.734812248305,
    "rmse": 36.01918358312633,
    "mape": 0.04597846486762092,
    "acc15": 0.027633462545156907
  }
}