{
  "domain": "li_ion",
  "task": "rul",
  "model": "bigru",
  "splits": [
    {
      "mae": 135.51245307922363,
      "mse": 67256.23792899256,
      "rmse": 259.33807651209366,
      "mape": 0.5421740258454048,
      "acc15": 0.47368421052631576
    },
    {
      "mae": 159.12290753816305,
      "mse": 60276.15469289431,
      "rmse": 245.51202555657903,
      "mape": 0.44070353045851407,
      "acc15": 0.4342105263157895
    },
    {
      "mae": 139.8887650339227,
      "mse": 46983.63009224376,
      "rmse": 216.7570762218474,
      "mape": 0.40509043448858095,
      "acc15": 0.4605263157894737
    }
  ],
  "mean": {
    "mae": 144.84137521710315,
    "mse": 58172.00757137688,
    "rmse": 240.53572609684002,
    "mape": 0.46265599693083326,
    "acc15": 0.456140350877193
  },
  "std": {
    "mae": 10.255393724257813,
    "mse": 8408.933085609804,
    "rmse": 17.736178913250303,
    "mape": 0.058077022668090734,
    "acc15": 0.01641077801216639
  }
}