{
  "domain": "li_ion",
  "task": "soh_traj",
  "model": "mlp",
  "splits": [
    {
      "mae": 0.102016668021868,
      "mse": 0.026170961222691257,
      "rmse": 0.1617744146108749,
      "mape": 0.5981136982029561
    },
    {
      "mae": 0.09591720382151855,
      "mse": 0.0213306240080954,
      "rmse": 0.14605007363262573,
      "mape": 0.34351204655159784
    },
    {
      "mae": 0.07461031305066984,
      "mse": 0.0142677349061769,
      "rmse": 0.11944762411273362,
      "mape": 1.091359464283877
    }
  ],
  "mean": {
    "mae": 0.09084806163135213,
    "mse": 0.02058977337898785,
    "rmse": 0.14242403745207807,
    "mape": 0.6776617363461437
  },
  "std": {
    "mae": 0.011748736814651562,
    "mse": 0.004887626821988136,
    "rmse": 0.01746902787326504,
    "mape": 0.31044576319816003
  }
}