{
  "domain": "li_ion",
  "task": "soh_traj",
  "model": "mlp",
  "splits": [
    {
      "mae": 0.030708055766913534,
      "mse": 0.0015849751603741892,
      "rmse": 0.039811746512482836,
      "mape": 0.03469748087760146
    },
    {
      "mae": 0.03125453325634573,
      "mse": 0.0014795396255620397,
      "rmse": 0.03846478422612091,
      "mape": 0.034623977536923284
    },
    {
      "mae": 0.0315919868363249,
      "mse": 0.001558952652518876,
      "rmse": 0.03948357446481861,
      "mape": 0.035577418206381634
    }
  ],
  "mean": {
    "mae": 0.03118485861986139,
    "mse": 0.0015411558128183682,
    "rmse": 0.039253368401140784,
    "mape": 0.03496629220696879
  },
  "std": {
    "mae": 0.00036421097374516275,
    "mse": 4.484572538362434e-05,
    "rmse": 0.0005734823298852176,
    "mape": 0.00043317196403697155
  }
}