{
  "domain": "li_ion",
  "task": "soh_traj",
  "model": "mlp",
  "splits": [
    {
      "mae": 0.08985925454127146,
      "mse": 0.015847486053723783,
      "rmse": 0.12588679856809365,
      "mape": 0.5775643041137599
    },
    {
      "mae": 0.10150976774122605,
      "mse": 0.022689746576111138,
      "rmse": 0.1506311607075745,
      "mape": 0.47264540032393676
    },
    {
      "mae": 0.07694920460514741,
      "mse": 0.01203964274188479,
      "rmse": 0.10972530584092618,
      "mape": 1.061251437198184
    }
  ],
  "mean": {
    "mae": 0.08943940896254832,
    "mse": 0.016858958457239906,
    "rmse": 0.1287477550388648,
    "mape": 0.7038203805452937
  },
  "std": {
    "mae": 0.010031201926083975,
    "mse": 0.004406320100133194,
    "rmse": 0.01682183193627772,
    "mape": 0.256345748665243
  }
}