{
  "domain": "li_ion",
  "task": "soh_traj",
  "model": "mlp",
  "splits": [
    {
      "mae": 0.033827213876785965,
      "mse": 0.0019080083995888161,
      "rmse": 0.04368075548326535,
      "mape": 0.03792822473633509
    },
    {
      "mae": 0.03158705554330885,
      "mse": 0.0015865841426473811,
      "rmse": 0.03983194876788457,
      "mape": 0.034887210061237156
    },
    {
      "mae": 0.03207916431812959,
      "mse": 0.0016156527921924032,
      "rmse": 0.040195183693975116,
      "mape": 0.035467958553023475
    }
  ],
  "mean": {
    "mae": 0.03249781124607481,
    "mse": 0.0017034151114762002,
    "rmse": 0.041235962648375014,
    "mape": 0.03609446445019857
  },
  "std": {
    "mae": 0.0009612582994770313,
    "mse": 0.00014515521979853552,
    "rmse": 0.0017350780783644605,
    "mape": 0.0013181615462293493
  }
}