{
  "domain": "zn_ion",
  "task": "rul",
  "model": "mlp",
  "splits": [
    {
      "mae": 373.69844086964923,
      "mse": 340614.95494960947,
      "rmse": 583.6222707793196,
      "mape": 2.1011611810207125,
      "acc15": 0.125
    },
    {
      "mae": 364.3661683400472,
      "mse": 290529.7988896475,
      "rmse": 539.0081621734939,
      "mape": 5.149629446706143,
      "acc15": 0.125
    },
    {
      "mae": 294.41939957936603,
      "mse": 202356.17410986134,
      "rmse": 449.8401650696182,
      "mape": 9.042496596214205,
      "acc15": 0.0
    }
  ],
  "mean": {
    "mae": 344.1613362630208,
    "mse": 277833.6426497061,
    "rmse": 524.1568660074772,
    "mape": 5.431095741313687,
    "acc15": 0.08333333333333333
  },
  "std": {
    "mae": 35.378600183559485,
    "mse": 57153.40122439567,
    "rmse": 55.61674628136437,
    "mape": 2.840768885683936,
    "acc15": 0.05892556509887896
  }
}