{
  "domain": "zn_ion",
  "task": "rul",
  "model": "mlp",
  "splits": [
    {
      "mae": 357.25237528483075,
      "mse": 315093.8749431589,
      "rmse": 561.3322322325334,
      "mape": 2.154304845777435,
      "acc15": 0.08333333333333333
    },
    {
      "mae": 354.75259335835773,
      "mse": 256118.49097516658,
      "rmse": 506.0815062568149,
      "mape": 9.228134198987094,
      "acc15": 0.041666666666666664
    },
    {
      "mae": 277.40026156107587,
      "mse": 174399.85868273457,
      "rmse": 417.6120911596485,
      "mape": 13.414243863697388,
      "acc15": 0.0
    }
  ],
  "mean": {
    "mae": 329.80174340142145,
    "mse": 248537.40820035335,
    "rmse": 495.008609882999,
    "mape": 8.265560969487305,
    "acc15": 0.041666666666666664
  },
  "std": {
    "mae": 37.067494310766236,
    "mse": 57687.70039272417,
    "rmse": 59.193617409770546,
    "mape": 4.6469679784013485,
    "acc15": 0.034020690871988585
  }
}