{
  "domain": "zn_ion",
  "task": "rul",
  "model": "mlp",
  "splits": [
    {
      "mae": 258.2587195466694,
      "mse": 93665.41447989238,
      "rmse": 306.0480591016587,
      "mape": 0.9365753675948845,
      "acc15": 0.002105263157894737
    },
    {
      "mae": 432.88607078552246,
      "mse": 370646.9194425804,
      "rmse": 608.8077853005663,
      "mape": 0.5941628639692911,
      "acc15": 0.12736842105263158
    },
    {
      "mae": 301.3761535002056,
      "mse": 156754.15856665763,
      "rmse": 395.9219096825252,
      "mape": 1.329790072111431,
      "acc15": 0.053157894736842105
    }
  ],
  "mean": {
    "mae": 330.84031461079917,
    "mse": 207022.1641630435,
    "rmse": 436.92591802825,
    "mape": 0.9535094345585357,
    "acc15": 0.06087719298245614
  },
  "std": {
    "mae": 74.2732816143091,
    "mse": 118532.2538744275,
    "rmse": 126.9563165746958,
    "mape": 0.30055717072097604,
    "acc15": 0.05142895005405677
  }
}