{
  "domain": "li_ion",
  "task": "rul",
  "model": "batterymformer",
  "splits": [
    {
      "mae": 146.099373968024,
      "mse": 53071.831997151465,
      "rmse": 230.3732449681418,
      "mape": 0.7914656151970607,
      "acc15": 0.40789473684210525
    },
    {
      "mae": 173.18529932122482,
      "mse": 65009.899455037994,
      "rmse": 254.97038936911477,
      "mape": 0.7963447902840168,
      "acc15": 0.3223684210526316
    },
    {
      "mae": 163.20446937962583,
      "mse": 56164.368022958464,
      "rmse": 236.9902276950644,
      "mape": 0.47879818504539884,
      "acc15": 0.3618421052631579
    }
  ],
  "mean": {
    "mae": 160.82971422295822,
    "mse": 58082.03315838264,
    "rmse": 240.77795401077364,
    "mape": 0.688869530175492,
    "acc15": 0.3640350877192982
  },
  "std": {
    "mae": 11.184555857681053,
    "mse": 5058.816945754439,
    "rmse": 10.392786958675279,
    "mape": 0.1485562275615025,
    "acc15": 0.034950389145853564
  }
}