{
  "domain": "li_ion",
  "task": "rul",
  "model": "batterymformer",
  "splits": [
    {
      "mae": 159.17026329040527,
      "mse": 85655.82325584536,
      "rmse": 292.670161198311,
      "mape": 0.6752081942366327,
      "acc15": 0.40789473684210525
    },
    {
      "mae": 177.7426148966739,
      "mse": 71808.9526356194,
      "rmse": 267.9719250884678,
      "mape": 0.7336122205581553,
      "acc15": 0.3092105263157895
    },
    {
      "mae": 172.35571274004485,
      "mse": 64308.09012783326,
      "rmse": 253.59039833525492,
      "mape": 0.5026955693154779,
      "acc15": 0.29605263157894735
    }
  ],
  "mean": {
    "mae": 169.756196975708,
    "mse": 73924.28867309935,
    "rmse": 271.41082820734454,
    "mape": 0.6371719947034219,
    "acc15": 0.33771929824561403
  },
  "std": {
    "mae": 7.801759318832902,
    "mse": 8842.601892346782,
    "rmse": 16.138494505455782,
    "mape": 0.098032951302035,
    "acc15": 0.04991143279272387
  }
}