{
  "domain": "li_ion",
  "task": "rul",
  "model": "batterymformer",
  "splits": [
    {
      "mae": 298.8868619924352,
      "mse": 209904.58505153432,
      "rmse": 458.1534514237935,
      "mape": 0.6497281649906327,
      "acc15": 0.23217391304347826
    },
    {
      "mae": 261.148477243617,
      "mse": 212789.05697272177,
      "rmse": 461.2906426242806,
      "mape": 0.3854869451549683,
      "acc15": 0.28202898550724637
    },
    {
      "mae": 258.6368322659921,
      "mse": 187950.12743376396,
      "rmse": 433.5321527104581,
      "mape": 0.4500498001367178,
      "acc15": 0.271304347826087
    }
  ],
  "mean": {
    "mae": 272.89072383401475,
    "mse": 203547.92315267332,
    "rmse": 450.99208225284406,
    "mape": 0.4950883034274396,
    "acc15": 0.2618357487922705
  },
  "std": {
    "mae": 18.410621743750152,
    "mse": 11091.993149194022,
    "rmse": 12.412288182171611,
    "mape": 0.11247875547278917,
    "acc15": 0.0214261964012792
  }
}