{
  "domain": "li_ion",
  "task": "rul",
  "model": "mlp",
  "splits": [
    {
      "mae": 319.0761365514052,
      "mse": 329378.95504690177,
      "rmse": 573.9154598430868,
      "mape": 1.1361413680939438,
      "acc15": 0.19078947368421054
    },
    {
      "mae": 310.24567722019395,
      "mse": 353594.5815804477,
      "rmse": 594.6381938460123,
      "mape": 0.8449921313062273,
      "acc15": 0.2236842105263158
    },
    {
      "mae": 340.14705125909103,
      "mse": 247058.05785369966,
      "rmse": 497.0493515272902,
      "mape": 0.9141084588072649,
      "acc15": 0.20394736842105263
    }
  ],
  "mean": {
    "mae": 323.1562883435634,
    "mse": 310010.53149368305,
    "rmse": 555.2010017387964,
    "mape": 0.965080652735812,
    "acc15": 0.20614035087719298
  },
  "std": {
    "mae": 12.543491575017319,
    "mse": 45598.68123200965,
    "rmse": 41.980699874109064,
    "mape": 0.1242057243338232,
    "acc15": 0.013518451760896878
  }
}