{
  "domain": "li_ion",
  "task": "rul",
  "model": "mlp",
  "splits": [
    {
      "mae": 231.96737603146096,
      "mse": 181891.10138172505,
      "rmse": 426.4869299072658,
      "mape": 0.4837394887855443,
      "acc15": 0.30818840579710144
    },
    {
      "mae": 255.47235928079357,
      "mse": 172295.07240011674,
      "rmse": 415.08441599283964,
      "mape": 0.5686870107112938,
      "acc15": 0.28702898550724637
    },
    {
      "mae": 223.664615747203,
      "mse": 121785.57238728885,
      "rmse": 348.97789670305605,
      "mape": 0.5642198112496136,
      "acc15": 0.34905797101449276
    }
  ],
  "mean": {
    "mae": 237.03478368648584,
    "mse": 158657.24872304354,
    "rmse": 396.8497475343872,
    "mape": 0.5388821035821506,
    "acc15": 0.31475845410628017
  },
  "std": {
    "mae": 13.470760988930108,
    "mse": 26364.89243812001,
    "rmse": 34.16908844170008,
    "mape": 0.039034343363357905,
    "acc15": 0.02574584642038728
  }
}