{
  "domain": "li_ion",
  "task": "rul",
  "model": "mlp",
  "splits": [
    {
      "mae": 254.91556368376078,
      "mse": 294784.6681459214,
      "rmse": 542.9407593337613,
      "mape": 0.9769839563794213,
      "acc15": 0.32894736842105265
    },
    {
      "mae": 256.2818394711143,
      "mse": 286668.1451625539,
      "rmse": 535.413994178854,
      "mape": 0.7017557701816051,
      "acc15": 0.2631578947368421
    },
    {
      "mae": 180.16336180034438,
      "mse": 105036.71909304587,
      "rmse": 324.09368875842966,
      "mape": 0.6597116373877315,
      "acc15": 0.46710526315789475
    }
  ],
  "mean": {
    "mae": 230.45358831840653,
    "mse": 228829.8441338404,
    "rmse": 467.4828140903483,
    "mape": 0.7794837879829193,
    "acc15": 0.3530701754385965
  },
  "std": {
    "mae": 35.564934414019625,
    "mse": 87597.65157376925,
    "rmse": 101.4379744672043,
    "mape": 0.1407045715037532,
    "acc15": 0.08499044901349168
  }
}