{
  "domain": "na_ion",
  "task": "soh_point",
  "model": "ic2ml",
  "splits": [
    {
      "mae": 0.006777199831875888,
      "mse": 6.812723597833651e-05,
      "rmse": 0.00825392246016017,
      "mape": 0.007831237451566038
    },
    {
      "mae": 0.00529115308414806,
      "mse": 4.070879938889892e-05,
      "rmse": 0.0063803447703787075,
      "mape": 0.006023158363406728
    },
    {
      "mae": 0.0037362087856639514,
      "mse": 2.4435869862509723e-05,
      "rmse": 0.0049432651013788164,
      "mape": 0.00444073952985235
    }
  ],
  "mean": {
    "mae": 0.0052681872338959665,
    "mse": 4.4423968409915055e-05,
    "rmse": 0.006525844110639232,
    "mape": 0.006098378448275039
  },
  "std": {
    "mae": 0.0012415856014236105,
    "mse": 1.8029341435704982e-05,
    "rmse": 0.0013554803774124924,
    "mape": 0.0013851865301977456
  }
}