{
  "domain": "na_ion",
  "task": "soh_point",
  "model": "ic2ml",
  "splits": [
    {
      "mae": 0.002274709641933441,
      "mse": 8.474413484046058e-06,
      "rmse": 0.0029110845889540994,
      "mape": 0.002639910498588852
    },
    {
      "mae": 0.016462577879428862,
      "mse": 0.0004390053500168574,
      "rmse": 0.020952454510554542,
      "mape": 0.019470244750313725
    },
    {
      "mae": 0.005130830407142639,
      "mse": 5.4957764701105324e-05,
      "rmse": 0.007413350436955299,
      "mape": 0.005840130484956143
    }
  ],
  "mean": {
    "mae": 0.007956039309501646,
    "mse": 0.00016747917606733628,
    "rmse": 0.010425629845487979,
    "mape": 0.00931676191128624
  },
  "std": {
    "mae": 0.0061270033614924295,
    "mse": 0.000192933534047076,
    "rmse": 0.007667164951414996,
    "mape": 0.007297500134160346
  }
}