{
  "domain": "na_ion",
  "task": "soh_point",
  "model": "ic2ml",
  "splits": [
    {
      "mae": 0.005375249819322066,
      "mse": 4.1936640554367116e-05,
      "rmse": 0.006475850566093007,
      "mape": 0.006208778216276684
    },
    {
      "mae": 0.004504095424305309,
      "mse": 2.59770830158924e-05,
      "rmse": 0.0050967718230162514,
      "mape": 0.0051892349228417805
    },
    {
      "mae": 0.005904403599825772,
      "mse": 4.458394441671358e-05,
      "rmse": 0.0066771209676561635,
      "mape": 0.006876956717492838
    }
  ],
  "mean": {
    "mae": 0.005261249614484383,
    "mse": 3.7499222662324364e-05,
    "rmse": 0.006083247785588474,
    "mape": 0.006091656618870435
  },
  "std": {
    "mae": 0.0005773287807564752,
    "mse": 8.218752174501435e-06,
    "rmse": 0.0007023667428468517,
    "mape": 0.0006939689308459902
  }
}