{
  "domain": "na_ion",
  "task": "soh_point",
  "model": "ic2ml",
  "splits": [
    {
      "mae": 0.003852052047070729,
      "mse": 2.171630660988425e-05,
      "rmse": 0.004660075815894442,
      "mape": 0.00442806311568153
    },
    {
      "mae": 0.0034531391814164036,
      "mse": 1.8475097902408533e-05,
      "rmse": 0.004298266848673839,
      "mape": 0.003937310661926309
    },
    {
      "mae": 0.0029046806830712694,
      "mse": 2.0842487887702614e-05,
      "rmse": 0.004565357366921303,
      "mape": 0.0033572626646193697
    }
  ],
  "mean": {
    "mae": 0.003403290637186134,
    "mse": 2.0344630799998465e-05,
    "rmse": 0.004507900010496528,
    "mape": 0.003907545480742403
  },
  "std": {
    "mae": 0.0003883656209921754,
    "mse": 1.3692466861227127e-06,
    "rmse": 0.00015319365314486234,
    "mape": 0.0004376588290795426
  }
}