{
  "domain": "calb",
  "task": "soh_traj",
  "model": "patchtst",
  "splits": [
    {
      "mae": 0.023383231317674894,
      "mse": 0.001149394156318648,
      "rmse": 0.033902716061086434,
      "mape": 0.02398448272855807
    },
    {
      "mae": 0.02740208577080024,
      "mse": 0.0016516131949111021,
      "rmse": 0.04064004422870504,
      "mape": 0.02804279361450233
    },
    {
      "mae": 0.017998881753201374,
      "mse": 0.0005960714130906064,
      "rmse": 0.0244145737847419,
      "mape": 0.018575703582939446
    }
  ],
  "mean": {
    "mae": 0.022928066280558837,
    "mse": 0.0011323595881067856,
    "rmse": 0.03298577802484446,
    "mape": 0.023534326641999948
  },
  "std": {
    "mae": 0.0038523103766792996,
    "mse": 0.0004310914409401793,
    "rmse": 0.006655676990545281,
    "mape": 0.0038780088355691274
  }
}