{
  "domain": "calb",
  "task": "soh_traj",
  "model": "patchtst",
  "splits": [
    {
      "mae": 0.017711147320009734,
      "mse": 0.0005755923248172474,
      "rmse": 0.0239915052636813,
      "mape": 0.018244420972663312
    },
    {
      "mae": 0.02685963868133764,
      "mse": 0.0014634968556708641,
      "rmse": 0.038255677430557467,
      "mape": 0.02756236345980715
    },
    {
      "mae": 0.025237460820887056,
      "mse": 0.0014079906753677244,
      "rmse": 0.037523201827239165,
      "mape": 0.025918981731546706
    }
  ],
  "mean": {
    "mae": 0.02326941560741148,
    "mse": 0.0011490266186186119,
    "rmse": 0.03325679484049265,
    "mape": 0.023908588721339056
  },
  "std": {
    "mae": 0.0039856931658776695,
    "mse": 0.0004061119722388259,
    "rmse": 0.006558369885573235,
    "mape": 0.004060974685142218
  }
}