{
  "domain": "calb",
  "task": "soh_traj",
  "model": "patchtst",
  "splits": [
    {
      "mae": 0.028297044893707893,
      "mse": 0.0010875098892676799,
      "rmse": 0.03297741483603103,
      "mape": 0.028297044893707893
    },
    {
      "mae": 0.04131946816588893,
      "mse": 0.0023481503798338773,
      "rmse": 0.04845771744349787,
      "mape": 0.04132201291164895
    },
    {
      "mae": 0.04048827260431617,
      "mse": 0.0023422763055244364,
      "rmse": 0.04839706918321022,
      "mape": 0.04049053068891465
    }
  ],
  "mean": {
    "mae": 0.03670159522130433,
    "mse": 0.0019259788582086646,
    "rmse": 0.0432774004875797,
    "mape": 0.03670319616475717
  },
  "std": {
    "mae": 0.0059525944580057204,
    "mse": 0.0005928919435529359,
    "rmse": 0.0072832317858420705,
    "mape": 0.005953731326683755
  }
}