{
  "domain": "calb",
  "task": "soh_traj",
  "model": "patchtst",
  "splits": [
    {
      "mae": 0.022897572427813255,
      "mse": 0.0010202887694712533,
      "rmse": 0.03194195938685123,
      "mape": 0.02350343984202411
    },
    {
      "mae": 0.02062924234304007,
      "mse": 0.0007836521356866891,
      "rmse": 0.02799378744805156,
      "mape": 0.021150757273486403
    },
    {
      "mae": 0.019135015104590977,
      "mse": 0.0006869073920257071,
      "rmse": 0.026208918177324816,
      "mape": 0.019759099799710366
    }
  ],
  "mean": {
    "mae": 0.0208872766251481,
    "mse": 0.0008302827657278832,
    "rmse": 0.028714888337409202,
    "mape": 0.021471098971740293
  },
  "std": {
    "mae": 0.0015468560955888676,
    "mse": 0.00014003951216329735,
    "rmse": 0.002395402575352253,
    "mape": 0.0015453121994920991
  }
}