{
  "domain": "calb",
  "task": "soh_traj",
  "model": "patchtst",
  "splits": [
    {
      "mae": 0.01263288873614687,
      "mse": 0.00026318056195938106,
      "rmse": 0.016222840748752392,
      "mape": 0.01263288873614687
    },
    {
      "mae": 0.013339886520848129,
      "mse": 0.00028763400740505784,
      "rmse": 0.016959776160228583,
      "mape": 0.01334049615303231
    },
    {
      "mae": 0.010112047075021146,
      "mse": 0.00016993378053514201,
      "rmse": 0.013035865162510006,
      "mape": 0.010112573221082378
    }
  ],
  "mean": {
    "mae": 0.012028274110672048,
    "mse": 0.00024024944996652695,
    "rmse": 0.015406160690496993,
    "mape": 0.012028652703420517
  },
  "std": {
    "mae": 0.0013853774470068206,
    "mse": 5.071300145083787e-05,
    "rmse": 0.0017028396122689164,
    "mape": 0.0013853272780792558
  }
}