{
  "domain": "calb",
  "task": "rul",
  "model": "dlinear",
  "splits": [
    {
      "mae": 0.5491897583007812,
      "mse": 0.3288262192509137,
      "rmse": 0.5734337095523019,
      "mape": 0.007959271859431611,
      "acc15": 1.0
    },
    {
      "mae": 2.0753326416015625,
      "mse": 4.562989907781594,
      "rmse": 2.136115611988638,
      "mape": 0.030077284660892212,
      "acc15": 1.0
    },
    {
      "mae": 2.6302703857421874,
      "mse": 26.372769514401444,
      "rmse": 5.135442484772023,
      "mape": 0.03811986066293025,
      "acc15": 0.8
    }
  ],
  "mean": {
    "mae": 1.7515975952148437,
    "mse": 10.421528547144652,
    "rmse": 2.614997268770988,
    "mape": 0.02538547239441803,
    "acc15": 0.9333333333333332
  },
  "std": {
    "mae": 0.8798967476063078,
    "mse": 11.410918801216564,
    "rmse": 1.8929653540054363,
    "mape": 0.012752126776903011,
    "acc15": 0.09428090415820632
  }
}