{
  "domain": "calb",
  "task": "rul",
  "model": "dlinear",
  "splits": [
    {
      "mae": 2863.274092055812,
      "mse": 12916842.811286101,
      "rmse": 3594.0009475911525,
      "mape": 2.338694641018996,
      "acc15": 0.04242424242424243
    },
    {
      "mae": 2923.605140316871,
      "mse": 15094118.764579337,
      "rmse": 3885.115025913562,
      "mape": 2.8931488255992286,
      "acc15": 0.036290322580645164
    },
    {
      "mae": 2787.9150180007473,
      "mse": 10916527.903881358,
      "rmse": 3304.0169345633444,
      "mape": 2.119091249136371,
      "acc15": 0.048484848484848485
    }
  ],
  "mean": {
    "mae": 2858.264750124477,
    "mse": 12975829.826582266,
    "rmse": 3594.377636022686,
    "mape": 2.4503115719181987,
    "acc15": 0.04239980449657869
  },
  "std": {
    "mae": 55.50839247945555,
    "mse": 1706004.2889408732,
    "rmse": 237.23245191632515,
    "mape": 0.32571463723880156,
    "acc15": 0.004978424343524956
  }
}