{
  "domain": "calb",
  "task": "rul",
  "model": "dlinear",
  "splits": [
    {
      "mae": 138.55220441721906,
      "mse": 30990.398461239896,
      "rmse": 176.04089996713802,
      "mape": 0.12060922512900607,
      "acc15": 0.705050505050505
    },
    {
      "mae": 295.04644923056327,
      "mse": 115821.00189414831,
      "rmse": 340.32484760027194,
      "mape": 0.3323682821873001,
      "acc15": 0.3951612903225806
    },
    {
      "mae": 256.3620527787642,
      "mse": 69286.80757945258,
      "rmse": 263.2238734983067,
      "mape": 0.19311656174025313,
      "acc15": 0.15151515151515152
    }
  ],
  "mean": {
    "mae": 229.98690214218217,
    "mse": 72032.73597828027,
    "rmse": 259.86320702190557,
    "mape": 0.21536468968551978,
    "acc15": 0.41724231562941244
  },
  "std": {
    "mae": 66.5549827498614,
    "mse": 34686.33652008102,
    "rmse": 67.11072652393594,
    "mape": 0.08787001369202947,
    "acc15": 0.22651861683951116
  }
}