{
  "domain": "calb",
  "task": "rul",
  "model": "dlinear",
  "splits": [
    {
      "mae": 1.3005584716796874,
      "mse": 2.481833881791681,
      "rmse": 1.5753837252528924,
      "mape": 0.01884867350260417,
      "acc15": 1.0
    },
    {
      "mae": 1.4566024780273437,
      "mse": 3.180519920482766,
      "rmse": 1.7834012225191407,
      "mape": 0.021110180840975996,
      "acc15": 1.0
    },
    {
      "mae": 1.1070236206054687,
      "mse": 1.4540252722683362,
      "rmse": 1.2058297028471046,
      "mape": 0.016043820588485056,
      "acc15": 1.0
    }
  ],
  "mean": {
    "mae": 1.2880615234375,
    "mse": 2.3721263581809278,
    "rmse": 1.521538216873046,
    "mape": 0.018667558310688406,
    "acc15": 1.0
  },
  "std": {
    "mae": 0.14298828547733514,
    "mse": 0.7090946096400536,
    "rmse": 0.238846839576578,
    "mape": 0.0020722939924251466,
    "acc15": 0.0
  }
}