{
  "domain": "calb",
  "task": "soh_point",
  "model": "ic2ml",
  "splits": [
    {
      "mae": 0.0014423445017650873,
      "mse": 3.106453907120951e-06,
      "rmse": 0.0017625135196987713,
      "mape": 0.0014433002520997404
    },
    {
      "mae": 0.002727770444118615,
      "mse": 1.114179582741444e-05,
      "rmse": 0.003337932867421758,
      "mape": 0.0027298864226095007
    },
    {
      "mae": 0.0008844432204660743,
      "mse": 1.0993584506197199e-06,
      "rmse": 0.0010485029568960307,
      "mape": 0.0008856638654593458
    }
  ],
  "mean": {
    "mae": 0.0016848527221165921,
    "mse": 5.115869395051703e-06,
    "rmse": 0.0020496497813388536,
    "mape": 0.001686283513389529
  },
  "std": {
    "mae": 0.0007718253218046109,
    "mse": 4.33904367874327e-06,
    "rmse": 0.0009564544782211511,
    "mape": 0.0007722563732447191
  }
}