{
  "domain": "calb",
  "task": "soh_point",
  "model": "ic2ml",
  "splits": [
    {
      "mae": 0.0017200766187725645,
      "mse": 4.51258428089466e-06,
      "rmse": 0.0021242844161963484,
      "mape": 0.00172080390334619
    },
    {
      "mae": 0.0008931304177930278,
      "mse": 1.1461944704758214e-06,
      "rmse": 0.0010706047218632193,
      "mape": 0.0008935540143851327
    },
    {
      "mae": 0.0023674246036645137,
      "mse": 9.67967894890297e-06,
      "rmse": 0.0031112182419275845,
      "mape": 0.0023706448252273186
    }
  ],
  "mean": {
    "mae": 0.0016602105467433687,
    "mse": 5.112819233424484e-06,
    "rmse": 0.002102035793329051,
    "mape": 0.0016616675809862137
  },
  "std": {
    "mae": 0.0006033648959840529,
    "mse": 3.509539460249082e-06,
    "rmse": 0.0008332255138844419,
    "mape": 0.0006044678895994965
  }
}