{
  "domain": "calb",
  "task": "soh_point",
  "model": "ic2ml",
  "splits": [
    {
      "mae": 0.027343118190765382,
      "mse": 0.000914452458264492,
      "rmse": 0.03023991498441244,
      "mape": 0.027343118190765382
    },
    {
      "mae": 0.00933833122253418,
      "mse": 0.00012821488671761473,
      "rmse": 0.01132320125748963,
      "mape": 0.00933833122253418
    },
    {
      "mae": 0.0046390175819396974,
      "mse": 4.217022936714443e-05,
      "rmse": 0.0064938608983519525,
      "mape": 0.0046390175819396974
    }
  ],
  "mean": {
    "mae": 0.013773488998413089,
    "mse": 0.00036161252478308367,
    "rmse": 0.016018992380084675,
    "mape": 0.013773488998413089
  },
  "std": {
    "mae": 0.009785091193123822,
    "mse": 0.00039249196578056296,
    "rmse": 0.010247165847680659,
    "mape": 0.009785091193123822
  }
}