{
  "domain": "calb",
  "task": "soh_point",
  "model": "ic2ml",
  "splits": [
    {
      "mae": 0.014598345756530762,
      "mse": 0.00022131993219716152,
      "rmse": 0.014876825340009928,
      "mape": 0.014598345756530762
    },
    {
      "mae": 0.008372533321380615,
      "mse": 0.00010491379971213632,
      "rmse": 0.010242743758980615,
      "mape": 0.008372533321380615
    },
    {
      "mae": 0.014284753799438476,
      "mse": 0.000257001516240507,
      "rmse": 0.01603126683205376,
      "mape": 0.014284753799438476
    }
  ],
  "mean": {
    "mae": 0.012418544292449952,
    "mse": 0.00019441174938326827,
    "rmse": 0.013716945310348103,
    "mape": 0.012418544292449952
  },
  "std": {
    "mae": 0.002863824780766486,
    "mse": 6.493949032991115e-05,
    "rmse": 0.002501431737263187,
    "mape": 0.002863824780766486
  }
}