{
  "domain": "na_ion",
  "task": "soh_point",
  "model": "batlinet",
  "splits": [
    {
      "mae": 0.539584837176583,
      "mse": 0.2947817672827943,
      "rmse": 0.5429380878910544,
      "mape": 0.6255802759121515
    },
    {
      "mae": 0.055448477918451484,
      "mse": 0.004249395147807372,
      "rmse": 0.06518738488240935,
      "mape": 0.06273581520859027
    },
    {
      "mae": 0.06216673959385265,
      "mse": 0.004622666623725538,
      "rmse": 0.06799019505579859,
      "mape": 0.07259853147864011
    }
  ],
  "mean": {
    "mae": 0.21906668489629574,
    "mse": 0.10121794301810906,
    "rmse": 0.2253718892764208,
    "mape": 0.2536382075331273
  },
  "std": {
    "mae": 0.2266571540394021,
    "mse": 0.1368703775618283,
    "rmse": 0.22455612782127723,
    "mape": 0.26303357829449064
  }
}