{
  "domain": "na_ion",
  "task": "soh_point",
  "model": "batlinet",
  "splits": [
    {
      "mae": 0.009158623266411594,
      "mse": 0.00017787265559701998,
      "rmse": 0.013336890776977217,
      "mape": 0.010662301566964735
    },
    {
      "mae": 0.010052709848810938,
      "mse": 0.00013452913326613455,
      "rmse": 0.011598669461025887,
      "mape": 0.011433753293887024
    },
    {
      "mae": 0.010104550549042439,
      "mse": 0.00016701610236840545,
      "rmse": 0.012923470987641263,
      "mape": 0.011640669348450598
    }
  ],
  "mean": {
    "mae": 0.009771961221421656,
    "mse": 0.0001598059637438533,
    "rmse": 0.012619677075214789,
    "mape": 0.011245574736434118
  },
  "std": {
    "mae": 0.0004342115074799897,
    "mse": 1.8414755066719998e-05,
    "rmse": 0.0007414271785897936,
    "mape": 0.0004209982233344812
  }
}