{
  "domain": "na_ion",
  "task": "soh_point",
  "model": "batlinet",
  "splits": [
    {
      "mae": 0.042632169524828595,
      "mse": 0.005202093828074924,
      "rmse": 0.07212554213366389,
      "mape": 0.0486011450065122
    },
    {
      "mae": 0.07418120821317037,
      "mse": 0.011976214759301662,
      "rmse": 0.10943589337736345,
      "mape": 0.08580398712465187
    },
    {
      "mae": 0.027965956926345827,
      "mse": 0.001806513012668951,
      "rmse": 0.04250309415406073,
      "mape": 0.03188981834798073
    }
  ],
  "mean": {
    "mae": 0.04825977822144826,
    "mse": 0.006328273866681847,
    "rmse": 0.07468817655502935,
    "mape": 0.05543165015971493
  },
  "std": {
    "mae": 0.019282372737948795,
    "mse": 0.00422744363363831,
    "rmse": 0.02738521771990519,
    "mape": 0.022534066790910044
  }
}