{
  "domain": "na_ion",
  "task": "soh_point",
  "model": "batlinet",
  "splits": [
    {
      "mae": 0.5396353006362915,
      "mse": 0.2948356018886873,
      "rmse": 0.5429876627407728,
      "mape": 0.6256392974728534
    },
    {
      "mae": 0.10158796202052724,
      "mse": 0.012090593992633942,
      "rmse": 0.10995723710895042,
      "mape": 0.1154613594913088
    },
    {
      "mae": 0.17547639933499423,
      "mse": 0.03629287764803735,
      "rmse": 0.19050689658917166,
      "mape": 0.20221249661264196
    }
  ],
  "mean": {
    "mae": 0.2722332206639377,
    "mse": 0.11440635784311953,
    "rmse": 0.28115059881296495,
    "mape": 0.3144377178589347
  },
  "std": {
    "mae": 0.19147285198751515,
    "mse": 0.12796476523813224,
    "rmse": 0.18804440600621633,
    "mape": 0.2228845101745292
  }
}