{
  "domain": "na_ion",
  "task": "soh_point",
  "model": "batlinet",
  "splits": [
    {
      "mae": 0.006543997824192047,
      "mse": 6.73183254491209e-05,
      "rmse": 0.00820477455199842,
      "mape": 0.007578088802944425
    },
    {
      "mae": 0.0065748037894566855,
      "mse": 6.781751609979143e-05,
      "rmse": 0.008235139106280563,
      "mape": 0.007663582104533305
    },
    {
      "mae": 0.005420903166135152,
      "mse": 5.139599078738399e-05,
      "rmse": 0.007169099719447624,
      "mape": 0.006225707882822548
    }
  ],
  "mean": {
    "mae": 0.006179901593261295,
    "mse": 6.21772774454321e-05,
    "rmse": 0.00786967112590887,
    "mape": 0.007155792930100093
  },
  "std": {
    "mae": 0.0005368402687075183,
    "mse": 7.626244349992287e-06,
    "rmse": 0.0004955338691435086,
    "mape": 0.0006585949298980347
  }
}