{
  "domain": "calb",
  "task": "rul",
  "model": "batlinet",
  "splits": [
    {
      "mae": 160.95586899266098,
      "mse": 61291.33793637169,
      "rmse": 247.57087457205398,
      "mape": 0.12933047165206363,
      "acc15": 0.7454545454545455
    },
    {
      "mae": 197.61336074336882,
      "mse": 78395.95007247287,
      "rmse": 279.99276789315985,
      "mape": 0.23089604846389006,
      "acc15": 0.6612903225806451
    },
    {
      "mae": 350.28939776179766,
      "mse": 126304.82101391323,
      "rmse": 355.3938955777283,
      "mape": 0.2641107290807221,
      "acc15": 0.0
    }
  ],
  "mean": {
    "mae": 236.2862091659425,
    "mse": 88664.03634091927,
    "rmse": 294.3191793476474,
    "mape": 0.20811241639889191,
    "acc15": 0.4689149560117302
  },
  "std": {
    "mae": 81.98978872550693,
    "mse": 27516.824455602164,
    "rmse": 45.169204210907345,
    "mape": 0.0573338170465376,
    "acc15": 0.3333484974033472
  }
}