{
  "domain": "calb",
  "task": "rul",
  "model": "batlinet",
  "splits": [
    {
      "mae": 130.17231889204547,
      "mse": 38006.43066996273,
      "rmse": 194.95238051884036,
      "mape": 0.103073792386619,
      "acc15": 0.7434343434343434
    },
    {
      "mae": 205.38505517282795,
      "mse": 69394.28896063825,
      "rmse": 263.42795781890396,
      "mape": 0.2339419711269042,
      "acc15": 0.6814516129032258
    },
    {
      "mae": 153.4468172940341,
      "mse": 27555.60799423763,
      "rmse": 165.99881925555263,
      "mape": 0.1145127072277755,
      "acc15": 0.7878787878787878
    }
  ],
  "mean": {
    "mae": 163.00139711963584,
    "mse": 44985.442541612865,
    "rmse": 208.1263858644323,
    "mape": 0.15050949024709956,
    "acc15": 0.737588248072119
  },
  "std": {
    "mae": 31.439957818498844,
    "mse": 17779.178107748,
    "rmse": 40.851561152816366,
    "mape": 0.059180212585542666,
    "acc15": 0.04364491964752136
  }
}