{
  "domain": "calb",
  "task": "rul",
  "model": "batlinet",
  "splits": [
    {
      "mae": 3.6496810913085938,
      "mse": 13.450539741141256,
      "rmse": 3.6674977493028207,
      "mape": 0.05289392885954484,
      "acc15": 1.0
    },
    {
      "mae": 33.0515998840332,
      "mse": 1092.4279716183053,
      "rmse": 33.05189815454334,
      "mape": 0.4790086939714957,
      "acc15": 0.0
    },
    {
      "mae": 32.07900466918945,
      "mse": 1029.176312568193,
      "rmse": 32.08077792959817,
      "mape": 0.46491311114767325,
      "acc15": 0.0
    }
  ],
  "mean": {
    "mae": 22.926761881510416,
    "mse": 711.6849413092132,
    "rmse": 22.933391277814774,
    "mape": 0.33227191132623796,
    "acc15": 0.3333333333333333
  },
  "std": {
    "mae": 13.636736369257866,
    "mse": 494.40108733900826,
    "rmse": 13.628811606587801,
    "mape": 0.19763386042402706,
    "acc15": 0.4714045207910317
  }
}