{
  "domain": "calb",
  "task": "rul",
  "model": "batlinet",
  "splits": [
    {
      "mae": 37.74243812561035,
      "mse": 1424.4963296836759,
      "rmse": 37.742500310441486,
      "mape": 0.5469918568929036,
      "acc15": 0.0
    },
    {
      "mae": 41.06376342773437,
      "mse": 1686.2507614479662,
      "rmse": 41.06398375033731,
      "mape": 0.5951270061990489,
      "acc15": 0.0
    },
    {
      "mae": 39.35719718933105,
      "mse": 1548.9981589829963,
      "rmse": 39.35731391981668,
      "mape": 0.5703941621642181,
      "acc15": 0.0
    }
  ],
  "mean": {
    "mae": 39.38779958089193,
    "mse": 1553.2484167048794,
    "rmse": 39.38793266019849,
    "mape": 0.5708376750853902,
    "acc15": 0.0
  },
  "std": {
    "mae": 1.3560980349048621,
    "mse": 106.9030531372185,
    "rmse": 1.356162770668888,
    "mape": 0.019653594708766115,
    "acc15": 0.0
  }
}