{
  "domain": "zn_ion",
  "task": "rul",
  "model": "gru",
  "splits": [
    {
      "mae": 258.967462447317,
      "mse": 94210.87240928279,
      "rmse": 306.937896665242,
      "mape": 0.9351739879169031,
      "acc15": 0.0
    },
    {
      "mae": 423.9860043977436,
      "mse": 297765.86811879306,
      "rmse": 545.6792722092283,
      "mape": 0.8548796018742479,
      "acc15": 0.006842105263157895
    },
    {
      "mae": 292.32147143715304,
      "mse": 197959.41208303106,
      "rmse": 444.9262996081835,
      "mape": 1.0528534419363913,
      "acc15": 0.19631578947368422
    }
  ],
  "mean": {
    "mae": 325.0916460940712,
    "mse": 196645.3842037023,
    "rmse": 432.5144894942179,
    "mape": 0.9476356772425141,
    "acc15": 0.06771929824561404
  },
  "std": {
    "mae": 71.24227704177189,
    "mse": 83106.17334280058,
    "rmse": 97.86010720032117,
    "mape": 0.08130141701460401,
    "acc15": 0.09097434351961137
  }
}