{
  "domain": "zn_ion",
  "task": "rul",
  "model": "gru",
  "splits": [
    {
      "mae": 369.15663655598956,
      "mse": 324716.53768950206,
      "rmse": 569.8390454237951,
      "mape": 2.1551915962771333,
      "acc15": 0.125
    },
    {
      "mae": 360.29307556152344,
      "mse": 277007.7623853022,
      "rmse": 526.3152690026219,
      "mape": 5.517236033961518,
      "acc15": 0.08333333333333333
    },
    {
      "mae": 290.0794334411621,
      "mse": 193777.56450574184,
      "rmse": 440.20173160238915,
      "mape": 8.226745118254511,
      "acc15": 0.0
    }
  ],
  "mean": {
    "mae": 339.84304851955835,
    "mse": 265167.2881935154,
    "rmse": 512.118682009602,
    "mape": 5.299724249497721,
    "acc15": 0.06944444444444443
  },
  "std": {
    "mae": 35.37375408999113,
    "mse": 54107.308787994916,
    "rmse": 53.86783576739902,
    "mape": 2.4834685522261593,
    "acc15": 0.05196746370519363
  }
}