{
  "domain": "zn_ion",
  "task": "rul",
  "model": "gru",
  "splits": [
    {
      "mae": 370.6075261433919,
      "mse": 257910.00001447284,
      "rmse": 507.84840259123865,
      "mape": 4.622297817665695,
      "acc15": 0.08333333333333333
    },
    {
      "mae": 355.3353411356608,
      "mse": 207478.53580570736,
      "rmse": 455.4981183338822,
      "mape": 14.39279323725684,
      "acc15": 0.041666666666666664
    },
    {
      "mae": 242.80303891499838,
      "mse": 120930.04454251153,
      "rmse": 347.7499741804613,
      "mape": 21.070170310169868,
      "acc15": 0.041666666666666664
    }
  ],
  "mean": {
    "mae": 322.9153020646837,
    "mse": 195439.52678756393,
    "rmse": 437.03216503519405,
    "mape": 13.361753788364135,
    "acc15": 0.05555555555555555
  },
  "std": {
    "mae": 56.990004614557414,
    "mse": 56566.069652394566,
    "rmse": 66.65143293444484,
    "mape": 6.754278108048685,
    "acc15": 0.019641855032959652
  }
}