{
  "domain": "li_ion",
  "task": "soh_traj",
  "model": "bigru",
  "splits": [
    {
      "mae": 0.05755912131745497,
      "mse": 0.009078358421271793,
      "rmse": 0.09528041992598371,
      "mape": 0.41779412438817737
    },
    {
      "mae": 0.05637167194401984,
      "mse": 0.0076706687285885925,
      "rmse": 0.08758235397948945,
      "mape": 0.21272533587166345
    },
    {
      "mae": 0.05225906478509556,
      "mse": 0.008816472012182318,
      "rmse": 0.0938960702701786,
      "mape": 0.8336423156526223
    }
  ],
  "mean": {
    "mae": 0.05539661934885679,
    "mse": 0.008521833054014235,
    "rmse": 0.0922529480585506,
    "mape": 0.4880539253041543
  },
  "std": {
    "mae": 0.0022709315979794233,
    "mse": 0.0006112864328471073,
    "rmse": 0.0033506161404436895,
    "mape": 0.25831092848689335
  }
}