{
  "domain": "li_ion",
  "task": "soh_traj",
  "model": "bigru",
  "splits": [
    {
      "mae": 0.018149572267534667,
      "mse": 0.0006972517934355125,
      "rmse": 0.026405525812517205,
      "mape": 0.020293102519137712
    },
    {
      "mae": 0.018466912953676244,
      "mse": 0.0006478209218644654,
      "rmse": 0.025452326452889633,
      "mape": 0.020608777647521243
    },
    {
      "mae": 0.01884560688329473,
      "mse": 0.0006861486984761337,
      "rmse": 0.026194440220705877,
      "mape": 0.02122547259815535
    }
  ],
  "mean": {
    "mae": 0.018487364034835214,
    "mse": 0.0006770738045920372,
    "rmse": 0.02601743082870424,
    "mape": 0.020709117588271434
  },
  "std": {
    "mae": 0.000284522678210944,
    "mse": 2.117574147185164e-05,
    "rmse": 0.00040877581340811235,
    "mape": 0.00038719467011152
  }
}