{
  "domain": "li_ion",
  "task": "soh_traj",
  "model": "bigru",
  "splits": [
    {
      "mae": 0.05307241469629873,
      "mse": 0.005851270652699559,
      "rmse": 0.07649359876943664,
      "mape": 0.35412311802772606
    },
    {
      "mae": 0.050824833501203696,
      "mse": 0.007102778781484779,
      "rmse": 0.08427798515321056,
      "mape": 0.23726249187372336
    },
    {
      "mae": 0.04795266931969284,
      "mse": 0.007350096175922234,
      "rmse": 0.08573270190494543,
      "mape": 0.7792433498468386
    }
  ],
  "mean": {
    "mae": 0.05061663917239842,
    "mse": 0.006768048536702191,
    "rmse": 0.0821680952758642,
    "mape": 0.45687631991609595
  },
  "std": {
    "mae": 0.0020953053618712105,
    "mse": 0.0006560755748362582,
    "rmse": 0.0040561873032063465,
    "mape": 0.2328869224553018
  }
}