{
  "domain": "li_ion",
  "task": "soh_traj",
  "model": "bigru",
  "splits": [
    {
      "mae": 0.019485414617580896,
      "mse": 0.0007913608739217538,
      "rmse": 0.02813113708902919,
      "mape": 0.021654119611774467
    },
    {
      "mae": 0.020293866016421785,
      "mse": 0.000851023880467161,
      "rmse": 0.029172313594693872,
      "mape": 0.022460827645510707
    },
    {
      "mae": 0.019399667882134174,
      "mse": 0.0008125781886692789,
      "rmse": 0.028505757114472136,
      "mape": 0.02158955480640877
    }
  ],
  "mean": {
    "mae": 0.019726316172045618,
    "mse": 0.000818320981019398,
    "rmse": 0.028603069266065068,
    "mape": 0.02190150068789798
  },
  "std": {
    "mae": 0.0004028421899855251,
    "mse": 2.4693498948667493e-05,
    "rmse": 0.00043059212728734623,
    "mape": 0.0003963812454840315
  }
}