{
  "domain": "zn_ion",
  "task": "soh_point",
  "model": "bigru",
  "splits": [
    {
      "mae": 0.029241768022378285,
      "mse": 0.0038434914984188198,
      "rmse": 0.06199589904516927,
      "mape": 0.033834480593071016
    },
    {
      "mae": 0.038246870040893555,
      "mse": 0.0059395968373558245,
      "rmse": 0.0770687799135021,
      "mape": 0.04539561359203131
    },
    {
      "mae": 0.04995691031217575,
      "mse": 0.007641383024200514,
      "rmse": 0.08741500457130065,
      "mape": 0.0592505134187
    }
  ],
  "mean": {
    "mae": 0.0391485161251492,
    "mse": 0.005808157119991719,
    "rmse": 0.075493227843324,
    "mape": 0.04616020253460077
  },
  "std": {
    "mae": 0.008480919929173525,
    "mse": 0.0015532658733298404,
    "rmse": 0.010436937759117295,
    "mape": 0.010390127632731859
  }
}