{
  "domain": "zn_ion",
  "task": "soh_point",
  "model": "bigru",
  "splits": [
    {
      "mae": 0.012044709895694892,
      "mse": 0.0004985131958674763,
      "rmse": 0.02232740907197869,
      "mape": 0.012938409594572273
    },
    {
      "mae": 0.010466179113055385,
      "mse": 0.000248495013052441,
      "rmse": 0.015763724593269225,
      "mape": 0.0112445873714326
    },
    {
      "mae": 0.02219690593941083,
      "mse": 0.002020892805905248,
      "rmse": 0.04495434134658463,
      "mape": 0.024605197829007695
    }
  ],
  "mean": {
    "mae": 0.014902598316053702,
    "mse": 0.0009226336716083885,
    "rmse": 0.027681825003944182,
    "mape": 0.01626273159833752
  },
  "std": {
    "mae": 0.005197956818857422,
    "mse": 0.0007832654371217967,
    "rmse": 0.012504008799557015,
    "mape": 0.005939406004997727
  }
}