{
  "domain": "zn_ion",
  "task": "soh_point",
  "model": "bigru",
  "splits": [
    {
      "mae": 0.030098818242549896,
      "mse": 0.0035767567365175465,
      "rmse": 0.059805992479997745,
      "mape": 0.03451707365317346
    },
    {
      "mae": 0.042841444412867226,
      "mse": 0.004766994500440269,
      "rmse": 0.06904342474443362,
      "mape": 0.0490892465717343
    },
    {
      "mae": 0.05027152846256892,
      "mse": 0.00732138639361161,
      "rmse": 0.08556510032490823,
      "mape": 0.059355361669629646
    }
  ],
  "mean": {
    "mae": 0.04107059703932867,
    "mse": 0.005221712543523142,
    "rmse": 0.07147150584977986,
    "mape": 0.04765389396484581
  },
  "std": {
    "mae": 0.008330125438050787,
    "mse": 0.0015621863293102905,
    "rmse": 0.01065534584553803,
    "mape": 0.01019085589230803
  }
}