{
  "domain": "zn_ion",
  "task": "soh_point",
  "model": "bigru",
  "splits": [
    {
      "mae": 0.01653408320326554,
      "mse": 0.0013719513413699765,
      "rmse": 0.03703986151931425,
      "mape": 0.018051033179673392
    },
    {
      "mae": 0.014564616617403532,
      "mse": 0.0008831566979818649,
      "rmse": 0.029717952452715597,
      "mape": 0.0155151050593081
    },
    {
      "mae": 0.02313264504859322,
      "mse": 0.0019307559633604753,
      "rmse": 0.04394036826609986,
      "mape": 0.02533629013767306
    }
  ],
  "mean": {
    "mae": 0.018077114956420764,
    "mse": 0.0013952880009041055,
    "rmse": 0.03689939407937657,
    "mape": 0.019634142792218184
  },
  "std": {
    "mae": 0.0036641040781117437,
    "mse": 0.0004279988356402464,
    "rmse": 0.005807126439038081,
    "mape": 0.0041628192466062735
  }
}