{
  "domain": "calb",
  "task": "soh_traj",
  "model": "mlp",
  "splits": [
    {
      "mae": 0.005325978430896941,
      "mse": 8.485822389471586e-05,
      "rmse": 0.009211852359580882,
      "mape": 0.005540816823476092
    },
    {
      "mae": 0.006752919909485942,
      "mse": 0.0001136797394035214,
      "rmse": 0.010662070127490318,
      "mape": 0.007002580232417613
    },
    {
      "mae": 0.005278037044134391,
      "mse": 7.06622658667536e-05,
      "rmse": 0.008406085049935766,
      "mape": 0.00553153049188534
    }
  ],
  "mean": {
    "mae": 0.005785645128172424,
    "mse": 8.973340972166361e-05,
    "rmse": 0.00942666917900232,
    "mape": 0.006024975849259682
  },
  "std": {
    "mae": 0.0006842465301653656,
    "mse": 1.789695197525887e-05,
    "rmse": 0.0009334441125805593,
    "mape": 0.0006912810843961152
  }
}