{
  "domain": "calb",
  "task": "soh_traj",
  "model": "mlp",
  "splits": [
    {
      "mae": 0.005792696792025018,
      "mse": 6.0673535319968265e-05,
      "rmse": 0.0077893218780564115,
      "mape": 0.006104512936699556
    },
    {
      "mae": 0.0064277210380647605,
      "mse": 0.00010290002187211487,
      "rmse": 0.010143964800417777,
      "mape": 0.006669497855974595
    },
    {
      "mae": 0.0056706326967191694,
      "mse": 9.106704353344402e-05,
      "rmse": 0.009542905403148666,
      "mape": 0.005881653015244939
    }
  ],
  "mean": {
    "mae": 0.005963683508936317,
    "mse": 8.488020024184238e-05,
    "rmse": 0.009158730693874286,
    "mape": 0.006218554602639696
  },
  "std": {
    "mae": 0.0003318865591035918,
    "mse": 1.7785327549617627e-05,
    "rmse": 0.000998925582276998,
    "mape": 0.000331591113113612
  }
}