{
  "domain": "calb",
  "task": "soh_traj",
  "model": "mlp",
  "splits": [
    {
      "mae": 0.05749974202628087,
      "mse": 0.0058010641665261166,
      "rmse": 0.07616471733372426,
      "mape": 0.05749974202628087
    },
    {
      "mae": 0.06004006995095147,
      "mse": 0.005058896999315283,
      "rmse": 0.07112592353927844,
      "mape": 0.060043960431456364
    },
    {
      "mae": 0.03108077747653229,
      "mse": 0.001648281314411857,
      "rmse": 0.04059903095409861,
      "mape": 0.031081425875813116
    }
  ],
  "mean": {
    "mae": 0.04954019648458821,
    "mse": 0.004169414160084419,
    "rmse": 0.06262989060903378,
    "mape": 0.04954170944451678
  },
  "std": {
    "mae": 0.013093915357331627,
    "mse": 0.0018082747109087547,
    "rmse": 0.015713400726287182,
    "mape": 0.01309465066101476
  }
}