{
  "domain": "calb",
  "task": "soh_traj",
  "model": "mlp",
  "splits": [
    {
      "mae": 0.9568111076649993,
      "mse": 1.3486328282349453,
      "rmse": 1.1613065177785515,
      "mape": 0.9568111076649993
    },
    {
      "mae": 0.9290596144499652,
      "mse": 1.3176495180059338,
      "rmse": 1.1478891575435033,
      "mape": 0.9290998327906875
    },
    {
      "mae": 0.846540114223355,
      "mse": 0.7189960440102324,
      "rmse": 0.8479363443149682,
      "mape": 0.8465833412565008
    }
  ],
  "mean": {
    "mae": 0.910803612112773,
    "mse": 1.128426130083704,
    "rmse": 1.0523773398790077,
    "mape": 0.910831427237396
  },
  "std": {
    "mae": 0.04683221266502694,
    "mse": 0.2897869768350359,
    "rmse": 0.14466535380970563,
    "mape": 0.0468176683382551
  }
}