{
  "domain": "na_ion",
  "task": "soh_traj",
  "model": "gru",
  "splits": [
    {
      "mae": 0.019810081485805084,
      "mse": 0.0006300163951681998,
      "rmse": 0.02510012739346555,
      "mape": 0.02372654863511755
    },
    {
      "mae": 0.01919275289509712,
      "mse": 0.0006861845684854069,
      "rmse": 0.026195124899213725,
      "mape": 0.022247651591001068
    },
    {
      "mae": 0.019120317582600604,
      "mse": 0.000627788466009795,
      "rmse": 0.025055707254232416,
      "mape": 0.022287624390943176
    }
  ],
  "mean": {
    "mae": 0.019374383987834268,
    "mse": 0.0006479964765544672,
    "rmse": 0.025450319848970563,
    "mape": 0.022753941539020595
  },
  "std": {
    "mae": 0.0003095006202768563,
    "mse": 2.7018372651193528e-05,
    "rmse": 0.0005269688221916993,
    "mape": 0.0006879306547985832
  }
}