{
  "domain": "na_ion",
  "task": "soh_traj",
  "model": "gru",
  "splits": [
    {
      "mae": 0.039470891947526815,
      "mse": 0.002344626753371164,
      "rmse": 0.04842134605079834,
      "mape": 0.04714736824984361
    },
    {
      "mae": 0.0441153229161249,
      "mse": 0.003979481347253052,
      "rmse": 0.06308313044905946,
      "mape": 0.05064958282797087
    },
    {
      "mae": 0.04398454907948624,
      "mse": 0.00269324274778804,
      "rmse": 0.05189646180413497,
      "mape": 0.05208137886787626
    }
  ],
  "mean": {
    "mae": 0.04252358798104599,
    "mse": 0.0030057836161374186,
    "rmse": 0.054466979434664255,
    "mape": 0.04995944331523025
  },
  "std": {
    "mae": 0.0021592421901962195,
    "mse": 0.0007030641182593121,
    "rmse": 0.006255538937715901,
    "mape": 0.002072572412084256
  }
}