{
  "domain": "na_ion",
  "task": "soh_traj",
  "model": "gru",
  "splits": [
    {
      "mae": 0.011780060856957816,
      "mse": 0.00026221035417485267,
      "rmse": 0.01619291061467495,
      "mape": 0.014291606519155047
    },
    {
      "mae": 0.013731327393445058,
      "mse": 0.00028959816367402135,
      "rmse": 0.01701758395525115,
      "mape": 0.016694249903687043
    },
    {
      "mae": 0.012902117038751652,
      "mse": 0.0002480688061822821,
      "rmse": 0.015750200194990606,
      "mape": 0.015377197371073762
    }
  ],
  "mean": {
    "mae": 0.012804501763051509,
    "mse": 0.00026662577467705204,
    "rmse": 0.01632023158830557,
    "mape": 0.015454351264638616
  },
  "std": {
    "mae": 0.0007995860723487875,
    "mse": 1.7239370388302106e-05,
    "rmse": 0.0005251814744687303,
    "mape": 0.000982391079892322
  }
}