{
  "domain": "na_ion",
  "task": "soh_traj",
  "model": "gru",
  "splits": [
    {
      "mae": 0.040268914819262515,
      "mse": 0.0024537726196013866,
      "rmse": 0.04953556923667463,
      "mape": 0.04807523305132089
    },
    {
      "mae": 0.0358104693101401,
      "mse": 0.0029429067504590585,
      "rmse": 0.05424856450136776,
      "mape": 0.04126929664655
    },
    {
      "mae": 0.041759020728819,
      "mse": 0.0023585795345845597,
      "rmse": 0.04856520909647728,
      "mape": 0.04958098100736357
    }
  ],
  "mean": {
    "mae": 0.03927946828607387,
    "mse": 0.0025850863015483352,
    "rmse": 0.050783114278173225,
    "mape": 0.046308503568411485
  },
  "std": {
    "mae": 0.002527260615329829,
    "mse": 0.0002559844215347997,
    "rmse": 0.0024822581973544763,
    "mape": 0.003615893068826771
  }
}