{
  "domain": "calb",
  "task": "soh_traj",
  "model": "transformer",
  "splits": [
    {
      "mae": 0.025349384245246347,
      "mse": 0.0009711776598055865,
      "rmse": 0.031163723458623914,
      "mape": 0.025349384245246347
    },
    {
      "mae": 0.02566287096100624,
      "mse": 0.000853643108430722,
      "rmse": 0.029217171465265458,
      "mape": 0.025664270051247485
    },
    {
      "mae": 0.015253136976800783,
      "mse": 0.00036821783377886973,
      "rmse": 0.0191890029386331,
      "mape": 0.015254150367064984
    }
  ],
  "mean": {
    "mae": 0.02208846406101779,
    "mse": 0.0007310128673383927,
    "rmse": 0.02652329928750749,
    "mape": 0.022089268221186273
  },
  "std": {
    "mae": 0.00483500022346862,
    "mse": 0.0002609837414774009,
    "rmse": 0.005246662009668377,
    "mape": 0.004834867480259133
  }
}