{
  "domain": "calb",
  "task": "soh_traj",
  "model": "transformer",
  "splits": [
    {
      "mae": 0.007984021215727836,
      "mse": 0.00010215584677076558,
      "rmse": 0.010107217558297911,
      "mape": 0.007984021215727836
    },
    {
      "mae": 0.01125580132609666,
      "mse": 0.00021248551504483962,
      "rmse": 0.014576882898783252,
      "mape": 0.011256328143151341
    },
    {
      "mae": 0.01222867484044547,
      "mse": 0.0002548986951269123,
      "rmse": 0.01596554712895591,
      "mape": 0.012229399944369517
    }
  ],
  "mean": {
    "mae": 0.010489499127423321,
    "mse": 0.0001898466856475058,
    "rmse": 0.013549882528679025,
    "mape": 0.010489916434416232
  },
  "std": {
    "mae": 0.0018156147523131722,
    "mse": 6.437899180296004e-05,
    "rmse": 0.0024994737659164903,
    "mape": 0.0018159203943391932
  }
}