{
  "domain": "calb",
  "task": "soh_traj",
  "model": "transformer",
  "splits": [
    {
      "mae": 0.00510726358037306,
      "mse": 4.671818003755156e-05,
      "rmse": 0.006835069863399463,
      "mape": 0.005386153801619498
    },
    {
      "mae": 0.006364294016107092,
      "mse": 0.00014682130431711477,
      "rmse": 0.012116984126304482,
      "mape": 0.006606852902601844
    },
    {
      "mae": 0.0062134820325104425,
      "mse": 0.0001657144099405185,
      "rmse": 0.012873010912001843,
      "mape": 0.006425874320315257
    }
  ],
  "mean": {
    "mae": 0.0058950132096635315,
    "mse": 0.00011975129809839494,
    "rmse": 0.010608354967235263,
    "mape": 0.006139627008178866
  },
  "std": {
    "mae": 0.0005604154247428391,
    "mse": 5.221503366075769e-05,
    "rmse": 0.0026859082239588687,
    "mape": 0.0005378845703703589
  }
}