{
  "domain": "calb",
  "task": "soh_traj",
  "model": "transformer",
  "splits": [
    {
      "mae": 0.006303398532365583,
      "mse": 0.00012068829024000897,
      "rmse": 0.010985822237775786,
      "mape": 0.006534615253814122
    },
    {
      "mae": 0.0058122220980263775,
      "mse": 9.107923447040373e-05,
      "rmse": 0.009543544125240043,
      "mape": 0.006027410583577749
    },
    {
      "mae": 0.005166054393743217,
      "mse": 6.81227436552405e-05,
      "rmse": 0.008253650323053462,
      "mape": 0.005408710864458007
    }
  ],
  "mean": {
    "mae": 0.005760558341378392,
    "mse": 9.329675612188439e-05,
    "rmse": 0.00959433889535643,
    "mape": 0.005990245567283292
  },
  "std": {
    "mae": 0.000465753711903548,
    "mse": 2.1517004494816883e-05,
    "rmse": 0.0011159826535099744,
    "mape": 0.0004603991763096942
  }
}