{
  "domain": "li_ion",
  "task": "soh_point",
  "model": "autoformer",
  "splits": [
    {
      "mae": 0.030587346538117056,
      "mse": 0.0015232345051421113,
      "rmse": 0.03902863698801319,
      "mape": 0.03280973980989064
    },
    {
      "mae": 0.029645535898836034,
      "mse": 0.0015328269727098852,
      "rmse": 0.03915133423920423,
      "mape": 0.03177701604457636
    },
    {
      "mae": 0.031207425813925892,
      "mse": 0.0018166707896020678,
      "rmse": 0.04262242120764689,
      "mape": 0.0331050319114134
    }
  ],
  "mean": {
    "mae": 0.030480102750292993,
    "mse": 0.0016242440891513549,
    "rmse": 0.04026746414495477,
    "mape": 0.032563929255293465
  },
  "std": {
    "mae": 0.000642132358752197,
    "mse": 0.00013612256766916848,
    "rmse": 0.0016659593290764114,
    "mape": 0.0005693409389848704
  }
}