{
  "domain": "li_ion",
  "task": "soh_point",
  "model": "autoformer",
  "splits": [
    {
      "mae": 0.009961249796967758,
      "mse": 0.0002114715148078261,
      "rmse": 0.014542060198191525,
      "mape": 0.010713607967845677
    },
    {
      "mae": 0.009313599451592094,
      "mse": 0.0002036901666446533,
      "rmse": 0.014272006398704188,
      "mape": 0.010074758484855971
    },
    {
      "mae": 0.008226223682102404,
      "mse": 0.0001368031001877861,
      "rmse": 0.011696285743251407,
      "mape": 0.00878807183088621
    }
  ],
  "mean": {
    "mae": 0.009167024310220751,
    "mse": 0.00018398826054675515,
    "rmse": 0.01350345078004904,
    "mape": 0.009858812761195953
  },
  "std": {
    "mae": 0.0007158640973756647,
    "mse": 3.3515835693846243e-05,
    "rmse": 0.0012826057763584851,
    "mape": 0.0008007899309887635
  }
}