{
  "domain": "li_ion",
  "task": "soh_point",
  "model": "autoformer",
  "splits": [
    {
      "mae": 0.023867209994381248,
      "mse": 0.000872622645523214,
      "rmse": 0.02954018695816284,
      "mape": 0.025158033303706015
    },
    {
      "mae": 0.018950571732190412,
      "mse": 0.0006328238882037803,
      "rmse": 0.02515599109961244,
      "mape": 0.01988582779699472
    },
    {
      "mae": 0.024026559913116745,
      "mse": 0.0010362494427560219,
      "rmse": 0.03219082855031883,
      "mape": 0.02545566257030979
    }
  ],
  "mean": {
    "mae": 0.02228144721322947,
    "mse": 0.0008472319921610053,
    "rmse": 0.028962335536031374,
    "mape": 0.023499841223670173
  },
  "std": {
    "mae": 0.002356182887891717,
    "mse": 0.0001656734910902884,
    "rmse": 0.0029008813245873883,
    "mape": 0.002558380422745039
  }
}