{
  "domain": "li_ion",
  "task": "soh_point",
  "model": "autoformer",
  "splits": [
    {
      "mae": 0.010519396451072416,
      "mse": 0.0002497279434260197,
      "rmse": 0.01580278277475267,
      "mape": 0.011229717454570283
    },
    {
      "mae": 0.016946865734846696,
      "mse": 0.0005091485817263286,
      "rmse": 0.022564320989702496,
      "mape": 0.017883829799761667
    },
    {
      "mae": 0.013347083978030992,
      "mse": 0.0004098145427219612,
      "rmse": 0.02024387667226713,
      "mape": 0.014380835065706764
    }
  ],
  "mean": {
    "mae": 0.0136044487213167,
    "mse": 0.00038956368929143653,
    "rmse": 0.01953699347890743,
    "mape": 0.014498127440012906
  },
  "std": {
    "mae": 0.002630306421538544,
    "mse": 0.00010687169782043444,
    "rmse": 0.0028052762959403866,
    "mape": 0.0027177957859767995
  }
}