{
  "domain": "li_ion",
  "task": "soh_point",
  "model": "autoformer",
  "splits": [
    {
      "mae": 0.021925206262132395,
      "mse": 0.0009342012483220623,
      "rmse": 0.030564705925659783,
      "mape": 0.023465984556501857
    },
    {
      "mae": 0.017929441712904667,
      "mse": 0.0006327187068456745,
      "rmse": 0.025153900430066,
      "mape": 0.019049426945254827
    },
    {
      "mae": 0.02349517016739085,
      "mse": 0.001094317818510128,
      "rmse": 0.033080474883382914,
      "mape": 0.025481690161795034
    }
  ],
  "mean": {
    "mae": 0.021116606047475967,
    "mse": 0.0008870792578926217,
    "rmse": 0.02959969374636957,
    "mape": 0.022665700554517238
  },
  "std": {
    "mae": 0.0023430335091679903,
    "mse": 0.00019137014127753815,
    "rmse": 0.003307172208058109,
    "mape": 0.002686241908266197
  }
}