{
  "domain": "na_ion",
  "task": "soh_point",
  "model": "lstm",
  "splits": [
    {
      "mae": 0.017043120889778596,
      "mse": 0.00045014891355497775,
      "rmse": 0.021216713071420316,
      "mape": 0.020123675527991564
    },
    {
      "mae": 0.02169305475187102,
      "mse": 0.0007780620494973658,
      "rmse": 0.02789376363091517,
      "mape": 0.02468527578102701
    },
    {
      "mae": 0.00513250635661234,
      "mse": 6.382395523784236e-05,
      "rmse": 0.007988989625593612,
      "mape": 0.006001750695700618
    }
  ],
  "mean": {
    "mae": 0.014622893999420654,
    "mse": 0.0004306783060967286,
    "rmse": 0.019033155442643033,
    "mape": 0.01693690066823973
  },
  "std": {
    "mae": 0.006974050207186398,
    "mse": 0.00029191133612675827,
    "rmse": 0.008271475079628575,
    "mape": 0.007953413435272718
  }
}