{
  "domain": "na_ion",
  "task": "soh_point",
  "model": "lstm",
  "splits": [
    {
      "mae": 0.033769997683438385,
      "mse": 0.0015318425159262265,
      "rmse": 0.0391387597647936,
      "mape": 0.0400887855709647
    },
    {
      "mae": 0.035283868963068184,
      "mse": 0.001677953882412582,
      "rmse": 0.04096283538053222,
      "mape": 0.03993587624339841
    },
    {
      "mae": 0.038927907293493096,
      "mse": 0.001735263812801626,
      "rmse": 0.041656497846093904,
      "mape": 0.046178634167946805
    }
  ],
  "mean": {
    "mae": 0.03599392464666656,
    "mse": 0.0016483534037134782,
    "rmse": 0.04058603099713991,
    "mape": 0.04206776532743663
  },
  "std": {
    "mae": 0.0021647389668243214,
    "mse": 8.564343625376645e-05,
    "rmse": 0.0010618340796361677,
    "mape": 0.00290749345468134
  }
}