{
  "domain": "na_ion",
  "task": "soh_point",
  "model": "lstm",
  "splits": [
    {
      "mae": 0.009118225276470184,
      "mse": 0.0001613030368901332,
      "rmse": 0.012700513253019864,
      "mape": 0.010678252150632797
    },
    {
      "mae": 0.013493508398532868,
      "mse": 0.0003070928660820667,
      "rmse": 0.01752406534118344,
      "mape": 0.01591436632900407
    },
    {
      "mae": 0.011946628292401631,
      "mse": 0.0002550466300112575,
      "rmse": 0.015970179398217713,
      "mape": 0.01364534394212708
    }
  ],
  "mean": {
    "mae": 0.011519453989134893,
    "mse": 0.0002411475109944858,
    "rmse": 0.015398252664140341,
    "mape": 0.013412654140587982
  },
  "std": {
    "mae": 0.001811561759657527,
    "mse": 6.032444339312257e-05,
    "rmse": 0.0020103049235826735,
    "mape": 0.002143957606863282
  }
}