{
  "domain": "na_ion",
  "task": "soh_point",
  "model": "lstm",
  "splits": [
    {
      "mae": 0.033798071471127594,
      "mse": 0.0015593710509917778,
      "rmse": 0.03948887249582821,
      "mape": 0.040118438567488056
    },
    {
      "mae": 0.035758256912231445,
      "mse": 0.001737810003786225,
      "rmse": 0.04168704839379043,
      "mape": 0.04046939654516496
    },
    {
      "mae": 0.041875346140428024,
      "mse": 0.0020245767387611384,
      "rmse": 0.044995296851572594,
      "mape": 0.04990465015740583
    }
  ],
  "mean": {
    "mae": 0.037143891507929024,
    "mse": 0.0017739192645130472,
    "rmse": 0.04205707258039707,
    "mape": 0.04349749509001962
  },
  "std": {
    "mae": 0.003440017339629369,
    "mse": 0.00019162809817616197,
    "rmse": 0.002263163820906353,
    "mape": 0.004532807806696524
  }
}