{
  "domain": "na_ion",
  "task": "soh_point",
  "model": "bilstm",
  "splits": [
    {
      "mae": 0.03528813340447166,
      "mse": 0.0017537987629439235,
      "rmse": 0.04187838061510884,
      "mape": 0.042036915895364464
    },
    {
      "mae": 0.03287728808142922,
      "mse": 0.0014872777621380737,
      "rmse": 0.038565240335541456,
      "mape": 0.03720502883064848
    },
    {
      "mae": 0.0405598445372148,
      "mse": 0.0018966749389076913,
      "rmse": 0.04355083166723331,
      "mape": 0.04832426309293125
    }
  ],
  "mean": {
    "mae": 0.03624175534103856,
    "mse": 0.001712583821329896,
    "rmse": 0.0413314842059612,
    "mape": 0.042522069272981404
  },
  "std": {
    "mae": 0.0032080590728673065,
    "mse": 0.0001696575288552778,
    "rmse": 0.002071770900045686,
    "mape": 0.004552352724671834
  }
}