{
  "domain": "na_ion",
  "task": "soh_point",
  "model": "bilstm",
  "splits": [
    {
      "mae": 0.03575284372676502,
      "mse": 0.0016896550820678544,
      "rmse": 0.041105414267075015,
      "mape": 0.0424336022288867
    },
    {
      "mae": 0.03235046430067583,
      "mse": 0.001493921653878839,
      "rmse": 0.038651282693836164,
      "mape": 0.03659292863818131
    },
    {
      "mae": 0.04084096171639182,
      "mse": 0.0019227149467472384,
      "rmse": 0.04384877360596575,
      "mape": 0.048701074276301874
    }
  ],
  "mean": {
    "mae": 0.03631475658127756,
    "mse": 0.0017020972275646438,
    "rmse": 0.04120182352229231,
    "mape": 0.042575868381123295
  },
  "std": {
    "mae": 0.00348892974359567,
    "mse": 0.00017527507379479018,
    "rmse": 0.0021229616111753057,
    "mape": 0.0049441532771573515
  }
}