{
  "domain": "na_ion",
  "task": "soh_point",
  "model": "bilstm",
  "splits": [
    {
      "mae": 0.01353971718784317,
      "mse": 0.0003227217693227793,
      "rmse": 0.017964458503466764,
      "mape": 0.01599236504007973
    },
    {
      "mae": 0.02391174847112041,
      "mse": 0.0009121508662089475,
      "rmse": 0.030201835477482945,
      "mape": 0.027258884644069798
    },
    {
      "mae": 0.017131328526585873,
      "mse": 0.00043080319528188734,
      "rmse": 0.02075579907596639,
      "mape": 0.01955509624908106
    }
  ],
  "mean": {
    "mae": 0.018194264728516485,
    "mse": 0.0005552252769378714,
    "rmse": 0.022974031018972035,
    "mape": 0.020935448644410198
  },
  "std": {
    "mae": 0.004300552930523503,
    "mse": 0.00025621254961030206,
    "rmse": 0.005236332273374389,
    "mape": 0.004701960268387452
  }
}