{
  "domain": "na_ion",
  "task": "soh_point",
  "model": "bilstm",
  "splits": [
    {
      "mae": 0.0060115852952003475,
      "mse": 6.569566277071578e-05,
      "rmse": 0.008105286100485028,
      "mape": 0.0070161914494135105
    },
    {
      "mae": 0.009933595756689707,
      "mse": 0.00017145985808146116,
      "rmse": 0.013094268138443674,
      "mape": 0.011756852479740771
    },
    {
      "mae": 0.012389295597871145,
      "mse": 0.0002764046517540386,
      "rmse": 0.016625421851912167,
      "mape": 0.014095202196165418
    }
  ],
  "mean": {
    "mae": 0.0094448255499204,
    "mse": 0.00017118672420207183,
    "rmse": 0.012608325363613624,
    "mape": 0.010956082041773235
  },
  "std": {
    "mae": 0.0026265274175188416,
    "mse": 8.602180134973757e-05,
    "rmse": 0.0034952618968153515,
    "mape": 0.002944941794433216
  }
}