{
  "domain": "li_ion",
  "task": "soh_point",
  "model": "timemixer",
  "splits": [
    {
      "mae": 0.011261705178079815,
      "mse": 0.00031229597476506275,
      "rmse": 0.017671897882374228,
      "mape": 0.011997735650549367
    },
    {
      "mae": 0.01162522194018632,
      "mse": 0.0002717537214577306,
      "rmse": 0.016484954396592384,
      "mape": 0.01216999656109539
    },
    {
      "mae": 0.010808405003646396,
      "mse": 0.0002418269349587733,
      "rmse": 0.015550785670144557,
      "mape": 0.011419590375161924
    }
  ],
  "mean": {
    "mae": 0.011231777373970844,
    "mse": 0.0002752922103938555,
    "rmse": 0.016569212649703725,
    "mape": 0.011862440862268892
  },
  "std": {
    "mae": 0.00033413493486784154,
    "mse": 2.887746607960852e-05,
    "rmse": 0.0008679876512679555,
    "mape": 0.0003209422282111389
  }
}