{
  "domain": "li_ion",
  "task": "soh_point",
  "model": "timemixer",
  "splits": [
    {
      "mae": 0.02759617527848796,
      "mse": 0.0011132298063049578,
      "rmse": 0.033365098625734016,
      "mape": 0.028932047039318037
    },
    {
      "mae": 0.021386964932868357,
      "mse": 0.0007110939934278477,
      "rmse": 0.026666345708173958,
      "mape": 0.02267027798346597
    },
    {
      "mae": 0.02249495881168466,
      "mse": 0.0008089492829069964,
      "rmse": 0.02844203373366603,
      "mape": 0.02336494655959906
    }
  ],
  "mean": {
    "mae": 0.023826033007680325,
    "mse": 0.0008777576942132673,
    "rmse": 0.029491159355858,
    "mape": 0.02498909052746102
  },
  "std": {
    "mae": 0.002703996075622338,
    "mse": 0.0001712293804607399,
    "rmse": 0.002833586783681843,
    "mape": 0.002802477552507593
  }
}