{
  "domain": "li_ion",
  "task": "soh_point",
  "model": "timemixer",
  "splits": [
    {
      "mae": 0.028510013693257383,
      "mse": 0.0013646470477346696,
      "rmse": 0.03694112948645006,
      "mape": 0.030423581570353436
    },
    {
      "mae": 0.025184737224327892,
      "mse": 0.0011449468487983712,
      "rmse": 0.03383706324133894,
      "mape": 0.02712526496637818
    },
    {
      "mae": 0.028775599049894435,
      "mse": 0.0011575678517570125,
      "rmse": 0.03402304883100591,
      "mape": 0.030191596821538064
    }
  ],
  "mean": {
    "mae": 0.02749011665582657,
    "mse": 0.0012223872494300178,
    "rmse": 0.03493374718626497,
    "mape": 0.02924681445275656
  },
  "std": {
    "mae": 0.0016337512331641116,
    "mse": 0.0001007247407183911,
    "rmse": 0.0014214629633381754,
    "mape": 0.0015031485618050783
  }
}