{
  "domain": "li_ion",
  "task": "soh_point",
  "model": "timemixer",
  "splits": [
    {
      "mae": 0.01269442180360573,
      "mse": 0.0003338226189474871,
      "rmse": 0.018270813308320106,
      "mape": 0.013542307443994124
    },
    {
      "mae": 0.01264259458883949,
      "mse": 0.00031529188402355525,
      "rmse": 0.017756460346126286,
      "mape": 0.013356470887137081
    },
    {
      "mae": 0.017525587466315946,
      "mse": 0.0006268638449467651,
      "rmse": 0.025037249148953347,
      "mape": 0.019024200725677336
    }
  ],
  "mean": {
    "mae": 0.014287534619587055,
    "mse": 0.0004253261159726025,
    "rmse": 0.02035484093446658,
    "mape": 0.015307659685602847
  },
  "std": {
    "mae": 0.002289746884658421,
    "mse": 0.0001427093530787956,
    "rmse": 0.0033176145805632958,
    "mape": 0.002629086252342512
  }
}