{
  "domain": "na_ion",
  "task": "rul",
  "model": "gru",
  "splits": [
    {
      "mae": 16.72180037064986,
      "mse": 550.9269706404302,
      "rmse": 23.471833559405415,
      "mape": 0.6403064452964675,
      "acc15": 0.5454545454545454
    },
    {
      "mae": 11.780034845525568,
      "mse": 233.60127417912537,
      "rmse": 15.284020223067142,
      "mape": 0.18502844102855748,
      "acc15": 0.7272727272727273
    },
    {
      "mae": 14.689797141335227,
      "mse": 497.9859336770817,
      "rmse": 22.315598438694888,
      "mape": 2.162855426775878,
      "acc15": 0.45454545454545453
    }
  ],
  "mean": {
    "mae": 14.397210785836885,
    "mse": 427.5047261655457,
    "rmse": 20.357150740389148,
    "mape": 0.9960634377003009,
    "acc15": 0.5757575757575758
  },
  "std": {
    "mae": 2.028047781799793,
    "mse": 138.8034578528844,
    "rmse": 3.6181680307331416,
    "mape": 0.8457234278496917,
    "acc15": 0.11338355717496794
  }
}