{
  "domain": "na_ion",
  "task": "rul",
  "model": "gru",
  "splits": [
    {
      "mae": 42.721520857377485,
      "mse": 2376.10862665498,
      "rmse": 48.745344666490766,
      "mape": 1.5729501416677665,
      "acc15": 0.18181818181818182
    },
    {
      "mae": 59.94026600230824,
      "mse": 3962.963548015898,
      "rmse": 62.95207342110265,
      "mape": 0.7062849515954195,
      "acc15": 0.0
    },
    {
      "mae": 52.38308438387784,
      "mse": 3184.4078275604406,
      "rmse": 56.43055756910825,
      "mape": 5.631896187835437,
      "acc15": 0.09090909090909091
    }
  ],
  "mean": {
    "mae": 51.68162374785452,
    "mse": 3174.4933340771063,
    "rmse": 56.04265855223389,
    "mape": 2.6370437603662076,
    "acc15": 0.0909090909090909
  },
  "std": {
    "mae": 7.047000844777245,
    "mse": 647.868740948666,
    "rmse": 5.806354835422311,
    "mape": 2.1470340681444773,
    "acc15": 0.07422696190252055
  }
}