{
  "domain": "na_ion",
  "task": "rul",
  "model": "gru",
  "splits": [
    {
      "mae": 36.11937349955241,
      "mse": 1647.2541651582885,
      "rmse": 40.58637905946142,
      "mape": 0.2111971862537085,
      "acc15": 0.295
    },
    {
      "mae": 28.156165924072265,
      "mse": 1132.240295527881,
      "rmse": 33.648778514648654,
      "mape": 0.17507525334956203,
      "acc15": 0.3616666666666667
    },
    {
      "mae": 30.498785095214842,
      "mse": 1090.2339629805033,
      "rmse": 33.01869111549553,
      "mape": 0.1656302801521648,
      "acc15": 0.5016666666666667
    }
  ],
  "mean": {
    "mae": 31.59144150627984,
    "mse": 1289.9094745555576,
    "rmse": 35.7512828965352,
    "mape": 0.1839675732518118,
    "acc15": 0.3861111111111111
  },
  "std": {
    "mae": 3.3415158483366167,
    "mse": 253.2621223423028,
    "rmse": 3.428592394477242,
    "mape": 0.01963654327777143,
    "acc15": 0.08612365500033825
  }
}