{
  "domain": "calb",
  "task": "soh_traj",
  "model": "autoformer",
  "splits": [
    {
      "mae": 0.005043194234674744,
      "mse": 7.271657169682531e-05,
      "rmse": 0.0085274012276206,
      "mape": 0.005267356429322555
    },
    {
      "mae": 0.007063723429682913,
      "mse": 0.00012063142440796045,
      "rmse": 0.010983233786456539,
      "mape": 0.00730881640262864
    },
    {
      "mae": 0.005160013249661845,
      "mse": 7.634113223888863e-05,
      "rmse": 0.008737341256863476,
      "mape": 0.005410573226764196
    }
  ],
  "mean": {
    "mae": 0.0057556436380065005,
    "mse": 8.989637611455813e-05,
    "rmse": 0.00941599209031354,
    "mape": 0.0059955820195717975
  },
  "std": {
    "mae": 0.0009261807694720632,
    "mse": 2.1783277301316873e-05,
    "rmse": 0.0011115165629494738,
    "mape": 0.0009304358016182076
  }
}