{
  "domain": "calb",
  "task": "soh_traj",
  "model": "autoformer",
  "splits": [
    {
      "mae": 0.005607678721300848,
      "mse": 5.775633563082987e-05,
      "rmse": 0.0075997589192572336,
      "mape": 0.005924445333704063
    },
    {
      "mae": 0.007945386156225686,
      "mse": 0.00017219286662999367,
      "rmse": 0.013122227959839505,
      "mape": 0.00822356877180972
    },
    {
      "mae": 0.0070331717190677545,
      "mse": 0.00013725299395356703,
      "rmse": 0.011715502291987614,
      "mape": 0.0072725928081479
    }
  ],
  "mean": {
    "mae": 0.006862078865531429,
    "mse": 0.00012240073207146353,
    "rmse": 0.010812496390361451,
    "mape": 0.007140202304553894
  },
  "std": {
    "mae": 0.0009620026286256942,
    "mse": 4.788438972526491e-05,
    "rmse": 0.002343214433184492,
    "mape": 0.0009432700497005443
  }
}