{
  "domain": "calb",
  "task": "soh_traj",
  "model": "autoformer",
  "splits": [
    {
      "mae": 0.006547925086978459,
      "mse": 0.00010694534586220925,
      "rmse": 0.010341438287888647,
      "mape": 0.006786055543888854
    },
    {
      "mae": 0.007700373490033282,
      "mse": 0.0001353561431818319,
      "rmse": 0.011634265906443427,
      "mape": 0.00794594448039808
    },
    {
      "mae": 0.005759135274755534,
      "mse": 8.119430008682953e-05,
      "rmse": 0.00901078798367987,
      "mape": 0.006022288865058435
    }
  ],
  "mean": {
    "mae": 0.006669144617255758,
    "mse": 0.00010783192971029023,
    "rmse": 0.010328830726003982,
    "mape": 0.006918096296448457
  },
  "std": {
    "mae": 0.0007971290497797586,
    "mse": 2.2120365202706643e-05,
    "rmse": 0.0010710674786615002,
    "mape": 0.0007908597860806583
  }
}