{
  "domain": "calb",
  "task": "soh_traj",
  "model": "autoformer",
  "splits": [
    {
      "mae": 0.02420452122736459,
      "mse": 0.0008543251665365763,
      "rmse": 0.02922884134782931,
      "mape": 0.02420452122736459
    },
    {
      "mae": 0.015735235960796626,
      "mse": 0.0003915633782230357,
      "rmse": 0.019787960436160056,
      "mape": 0.015735894279160372
    },
    {
      "mae": 0.033132112507868294,
      "mse": 0.0012601542304877488,
      "rmse": 0.03549865110800337,
      "mape": 0.03313389935696776
    }
  ],
  "mean": {
    "mae": 0.024357289898676502,
    "mse": 0.0008353475917491203,
    "rmse": 0.028171817630664245,
    "mape": 0.024358104954497573
  },
  "std": {
    "mae": 0.0071030665724372815,
    "mse": 0.0003548545508778635,
    "rmse": 0.006457265917841349,
    "mape": 0.007103536027584336
  }
}