{
  "domain": "calb",
  "task": "soh_traj",
  "model": "autoformer",
  "splits": [
    {
      "mae": 0.01051088667879201,
      "mse": 0.00017676061387111492,
      "rmse": 0.01329513497002249,
      "mape": 0.01051088667879201
    },
    {
      "mae": 0.009887688087694572,
      "mse": 0.00015321650263137537,
      "rmse": 0.012378065383224284,
      "mape": 0.009888218575206678
    },
    {
      "mae": 0.012917892860643791,
      "mse": 0.00026774615406856186,
      "rmse": 0.016362950652879262,
      "mape": 0.012918612433979529
    }
  ],
  "mean": {
    "mae": 0.011105489209043458,
    "mse": 0.00019924109019035072,
    "rmse": 0.014012050335375345,
    "mape": 0.011105905895992738
  },
  "std": {
    "mae": 0.0013065729647279876,
    "mse": 4.9384809582405326e-05,
    "rmse": 0.0017039764051354643,
    "mape": 0.001306740891544221
  }
}