{
  "domain": "li_ion",
  "task": "soh_traj",
  "model": "lstm",
  "splits": [
    {
      "mae": 0.02070842811997403,
      "mse": 0.000859931832010837,
      "rmse": 0.029324594319629336,
      "mape": 0.02315247872391188
    },
    {
      "mae": 0.021524965866250762,
      "mse": 0.000846421424026466,
      "rmse": 0.02909332267078592,
      "mape": 0.024079328873352842
    },
    {
      "mae": 0.020830721371642977,
      "mse": 0.0008164310114530445,
      "rmse": 0.02857325692764205,
      "mape": 0.023430970095019037
    }
  ],
  "mean": {
    "mae": 0.021021371785955922,
    "mse": 0.0008409280891634492,
    "rmse": 0.02899705797268577,
    "mape": 0.023554259230761255
  },
  "std": {
    "mae": 0.00035957767647797073,
    "mse": 1.8178978578534853e-05,
    "rmse": 0.00031419435410246573,
    "mape": 0.00038829795958235543
  }
}