{
  "domain": "li_ion",
  "task": "soh_traj",
  "model": "lstm",
  "splits": [
    {
      "mae": 0.0556325939475133,
      "mse": 0.008788392241030521,
      "rmse": 0.09374642521734107,
      "mape": 0.42900775655863144
    },
    {
      "mae": 0.054149350337275276,
      "mse": 0.007841835285788542,
      "rmse": 0.08855413759835586,
      "mape": 0.17633469292539283
    },
    {
      "mae": 0.05507355218102215,
      "mse": 0.009018363656747424,
      "rmse": 0.0949650654543418,
      "mape": 0.8890956058710048
    }
  ],
  "mean": {
    "mae": 0.05495183215527024,
    "mse": 0.008549530394522163,
    "rmse": 0.09242187609001291,
    "mape": 0.4981460184516764
  },
  "std": {
    "mae": 0.0006116179228514944,
    "mse": 0.0005091469913530714,
    "rmse": 0.0027797867767982353,
    "mape": 0.2950616932089051
  }
}