{
  "domain": "li_ion",
  "task": "soh_traj",
  "model": "lstm",
  "splits": [
    {
      "mae": 0.019768173603475245,
      "mse": 0.0008060097548185365,
      "rmse": 0.028390310932051036,
      "mape": 0.02196245180266844
    },
    {
      "mae": 0.0212349884884918,
      "mse": 0.0008702211662647775,
      "rmse": 0.029499511288575232,
      "mape": 0.023459966318872
    },
    {
      "mae": 0.020234841774695287,
      "mse": 0.0008601090412229109,
      "rmse": 0.029327615675722958,
      "mape": 0.022415433741407226
    }
  ],
  "mean": {
    "mae": 0.020412667955554107,
    "mse": 0.0008454466541020748,
    "rmse": 0.029072479298783076,
    "mape": 0.022612617287649222
  },
  "std": {
    "mae": 0.000611884024782288,
    "mse": 2.8190016401089643e-05,
    "rmse": 0.0004874438674397007,
    "mape": 0.0006270557895123971
  }
}