{
  "domain": "li_ion",
  "task": "soh_traj",
  "model": "lstm",
  "splits": [
    {
      "mae": 0.05449367507451436,
      "mse": 0.007031311566403432,
      "rmse": 0.08385291626654037,
      "mape": 0.45696476108418244
    },
    {
      "mae": 0.04859307279413095,
      "mse": 0.006805274812292309,
      "rmse": 0.08249408955975154,
      "mape": 0.20230311810722057
    },
    {
      "mae": 0.05197161688886153,
      "mse": 0.008698723759632486,
      "rmse": 0.09326694891349499,
      "mape": 0.9076034641067138
    }
  ],
  "mean": {
    "mae": 0.05168612158583561,
    "mse": 0.007511770046109409,
    "rmse": 0.0865379849132623,
    "mape": 0.522290447766039
  },
  "std": {
    "mae": 0.0024173549586071503,
    "mse": 0.0008443607017884161,
    "rmse": 0.004790324964070202,
    "mape": 0.2916193049417834
  }
}