{
  "domain": "na_ion",
  "task": "soh_traj",
  "model": "batterymformer",
  "splits": [
    {
      "mae": 0.026923066973686217,
      "mse": 0.0010332099938211152,
      "rmse": 0.032143584022649295,
      "mape": 0.030944530164654472
    },
    {
      "mae": 0.025917871648615056,
      "mse": 0.0010163422819130183,
      "rmse": 0.031880123618220464,
      "mape": 0.028938313998811655
    },
    {
      "mae": 0.033211479403755885,
      "mse": 0.0013673930735941427,
      "rmse": 0.03697827840224775,
      "mape": 0.03837580145757516
    }
  ],
  "mean": {
    "mae": 0.02868413934201905,
    "mse": 0.0011389817831094255,
    "rmse": 0.03366732868103917,
    "mape": 0.032752881873680424
  },
  "std": {
    "mae": 0.003227507855538251,
    "mse": 0.0001616579065844993,
    "rmse": 0.0023436643514596024,
    "mape": 0.004059486364162543
  }
}