{
  "domain": "na_ion",
  "task": "soh_traj",
  "model": "batterymformer",
  "splits": [
    {
      "mae": 0.028667213916778563,
      "mse": 0.0011981648884637056,
      "rmse": 0.03461451846355378,
      "mape": 0.033069290172834144
    },
    {
      "mae": 0.026621660102497446,
      "mse": 0.0010839249762915608,
      "rmse": 0.03292301590516217,
      "mape": 0.02976671637296526
    },
    {
      "mae": 0.03496609947898171,
      "mse": 0.0016897761201489397,
      "rmse": 0.04110688652949697,
      "mape": 0.04034439079614348
    }
  ],
  "mean": {
    "mae": 0.03008499116608591,
    "mse": 0.0013239553283014023,
    "rmse": 0.036214806966070975,
    "mape": 0.03439346578064763
  },
  "std": {
    "mae": 0.0035510549018045695,
    "mse": 0.00026284511052993985,
    "rmse": 0.0035274756854752906,
    "mape": 0.004418663435243423
  }
}