{
  "domain": "na_ion",
  "task": "soh_traj",
  "model": "batterymformer",
  "splits": [
    {
      "mae": 0.012661719747268735,
      "mse": 0.00023634383384571003,
      "rmse": 0.01537347826113889,
      "mape": 0.015190404505876822
    },
    {
      "mae": 0.017019023398907356,
      "mse": 0.0003953065177320787,
      "rmse": 0.019882316709379688,
      "mape": 0.020437190178578098
    },
    {
      "mae": 0.019853352142958306,
      "mse": 0.0009134106117461528,
      "rmse": 0.030222683728387736,
      "mape": 0.023693215507317737
    }
  ],
  "mean": {
    "mae": 0.01651136509637813,
    "mse": 0.0005150203211079805,
    "rmse": 0.021826159566302104,
    "mape": 0.01977360339725755
  },
  "std": {
    "mae": 0.002957835001345643,
    "mse": 0.00028908291944603593,
    "rmse": 0.006216034080850881,
    "mape": 0.003502828313788129
  }
}