{
  "domain": "li_ion",
  "task": "soh_point",
  "model": "lstm",
  "splits": [
    {
      "mae": 0.011155944259907243,
      "mse": 0.000304239293629087,
      "rmse": 0.017442456639736474,
      "mape": 0.011872621970301367
    },
    {
      "mae": 0.009370939317392864,
      "mse": 0.0001869524628597843,
      "rmse": 0.013673056090713016,
      "mape": 0.009786284749201452
    },
    {
      "mae": 0.01069961023381975,
      "mse": 0.00020677008611092975,
      "rmse": 0.014379502290097865,
      "mape": 0.011245383556085
    }
  ],
  "mean": {
    "mae": 0.010408831270373285,
    "mse": 0.00023265394753326703,
    "rmse": 0.015165005006849119,
    "mape": 0.010968096758529272
  },
  "std": {
    "mae": 0.0007571767584861721,
    "mse": 5.126097202599546e-05,
    "rmse": 0.00163602282242889,
    "mape": 0.0008740201088879522
  }
}