{
  "domain": "li_ion",
  "task": "soh_point",
  "model": "lstm",
  "splits": [
    {
      "mae": 0.026174404511326237,
      "mse": 0.00122759072055296,
      "rmse": 0.03503699074625217,
      "mape": 0.028461910362025472
    },
    {
      "mae": 0.019662686084446154,
      "mse": 0.0008477324305698854,
      "rmse": 0.02911584500868703,
      "mape": 0.02113113029877875
    },
    {
      "mae": 0.025995544697109022,
      "mse": 0.001120140180108642,
      "rmse": 0.033468495336788626,
      "mape": 0.027133448242388683
    }
  ],
  "mean": {
    "mae": 0.023944211764293802,
    "mse": 0.0010651544437438292,
    "rmse": 0.032540443697242606,
    "mape": 0.0255754963010643
  },
  "std": {
    "mae": 0.0030283762776644975,
    "mse": 0.0001598763136925999,
    "rmse": 0.002504788959256446,
    "mape": 0.0031890954592727607
  }
}