{
  "domain": "li_ion",
  "task": "soh_point",
  "model": "lstm",
  "splits": [
    {
      "mae": 0.013154126042905062,
      "mse": 0.00037746878232360905,
      "rmse": 0.01942855584760764,
      "mape": 0.014030848305538893
    },
    {
      "mae": 0.012142060852569083,
      "mse": 0.0002741888152368165,
      "rmse": 0.016558647747833048,
      "mape": 0.012805263382809295
    },
    {
      "mae": 0.014113074947094571,
      "mse": 0.0004241650291448209,
      "rmse": 0.020595267154004605,
      "mape": 0.015203847910016813
    }
  ],
  "mean": {
    "mae": 0.013136420614189572,
    "mse": 0.00035860754223508213,
    "rmse": 0.01886082358314843,
    "mape": 0.014013319866121665
  },
  "std": {
    "mae": 0.0008047605241556985,
    "mse": 6.266325860131364e-05,
    "rmse": 0.0016961356079140976,
    "mape": 0.0009792964713443116
  }
}