{
  "domain": "li_ion",
  "task": "soh_point",
  "model": "lstm",
  "splits": [
    {
      "mae": 0.01354526610750901,
      "mse": 0.0003497074805625812,
      "rmse": 0.01870046738888045,
      "mape": 0.014569052168292872
    },
    {
      "mae": 0.010304957236114302,
      "mse": 0.0002853939219837197,
      "rmse": 0.016893605949699422,
      "mape": 0.011100792763479408
    },
    {
      "mae": 0.009299926459789276,
      "mse": 0.00014992466373323223,
      "rmse": 0.012244372737434622,
      "mape": 0.009872013293912784
    }
  ],
  "mean": {
    "mae": 0.011050049934470863,
    "mse": 0.00026167535542651104,
    "rmse": 0.015946148692004832,
    "mape": 0.011847286075228355
  },
  "std": {
    "mae": 0.0018114634098767542,
    "mse": 8.326752578171899e-05,
    "rmse": 0.0027195031382558927,
    "mape": 0.00198888289335561
  }
}