{
  "domain": "li_ion",
  "task": "soh_point",
  "model": "batterymformer",
  "splits": [
    {
      "mae": 0.016924455049245255,
      "mse": 0.000542875001981446,
      "rmse": 0.023299678151885404,
      "mape": 0.017872629579373786
    },
    {
      "mae": 0.020553574328837188,
      "mse": 0.0007655243088619063,
      "rmse": 0.027668109961865958,
      "mape": 0.021630173679083115
    },
    {
      "mae": 0.026658741969993148,
      "mse": 0.0013711752720872114,
      "rmse": 0.03702938390099424,
      "mape": 0.028587503545683145
    }
  ],
  "mean": {
    "mae": 0.021378923782691864,
    "mse": 0.0008931915276435212,
    "rmse": 0.02933239067158187,
    "mape": 0.02269676893471335
  },
  "std": {
    "mae": 0.004016630989157831,
    "mse": 0.0003499947841781793,
    "rmse": 0.005727336652687554,
    "mape": 0.004438869984427208
  }
}