{
  "domain": "li_ion",
  "task": "soh_point",
  "model": "batterymformer",
  "splits": [
    {
      "mae": 0.01745572333273135,
      "mse": 0.0008042119210374238,
      "rmse": 0.0283586304506657,
      "mape": 0.01839596455009147
    },
    {
      "mae": 0.022166654075446882,
      "mse": 0.00153682171589497,
      "rmse": 0.039202317736263634,
      "mape": 0.02366329825783515
    },
    {
      "mae": 0.02188732396615179,
      "mse": 0.001149134303975902,
      "rmse": 0.03389888352108225,
      "mape": 0.022270808945333415
    }
  ],
  "mean": {
    "mae": 0.02050323379144334,
    "mse": 0.0011633893136360988,
    "rmse": 0.03381994390267053,
    "mape": 0.021443357251086675
  },
  "std": {
    "mae": 0.0021579305401949237,
    "mse": 0.0002992565029709611,
    "rmse": 0.004427268690323325,
    "mape": 0.002228558327247616
  }
}