{
  "domain": "li_ion",
  "task": "soh_point",
  "model": "batterymformer",
  "splits": [
    {
      "mae": 0.01661906195314307,
      "mse": 0.0007331639897928691,
      "rmse": 0.02707700112259238,
      "mape": 0.01730823251276035
    },
    {
      "mae": 0.017588976574571508,
      "mse": 0.0009391658593125413,
      "rmse": 0.030645813079645014,
      "mape": 0.018664123396332638
    },
    {
      "mae": 0.02116685125388597,
      "mse": 0.0010634813313186164,
      "rmse": 0.032611061487149054,
      "mape": 0.021709066484056867
    }
  ],
  "mean": {
    "mae": 0.018458296593866847,
    "mse": 0.0009119370601413422,
    "rmse": 0.03011129189646215,
    "mape": 0.01922714079771662
  },
  "std": {
    "mae": 0.001955741096183004,
    "mse": 0.00013621904457255214,
    "rmse": 0.0022906681268562517,
    "mape": 0.0018402130957084367
  }
}