{
  "domain": "li_ion",
  "task": "rul",
  "model": "ic2ml",
  "splits": [
    {
      "mae": 179.68596525009917,
      "mse": 118987.67122368285,
      "rmse": 344.94589608180996,
      "mape": 0.8456223509066497,
      "acc15": 0.4407894736842105
    },
    {
      "mae": 208.86136155379447,
      "mse": 138783.6061758271,
      "rmse": 372.5367178894278,
      "mape": 0.7447018099871575,
      "acc15": 0.34868421052631576
    },
    {
      "mae": 144.67007174735008,
      "mse": 60718.855482059655,
      "rmse": 246.41196294429307,
      "mape": 0.40341831796185534,
      "acc15": 0.40789473684210525
    }
  ],
  "mean": {
    "mae": 177.73913285041456,
    "mse": 106163.37762718987,
    "rmse": 321.2981923051769,
    "mape": 0.6645808262852209,
    "acc15": 0.3991228070175439
  },
  "std": {
    "mae": 26.24211677244653,
    "mse": 33134.80752830578,
    "rmse": 54.13731844684779,
    "mape": 0.18920999041661743,
    "acc15": 0.03810997192320782
  }
}