{
  "domain": "li_ion",
  "task": "rul",
  "model": "ic2ml",
  "splits": [
    {
      "mae": 187.53384372655896,
      "mse": 165658.27932940554,
      "rmse": 407.01139950793214,
      "mape": 0.3718328627153315,
      "acc15": 0.46108695652173914
    },
    {
      "mae": 210.1199326910489,
      "mse": 111987.58289913712,
      "rmse": 334.6454585066666,
      "mape": 0.4483902900685038,
      "acc15": 0.30971014492753624
    },
    {
      "mae": 186.28737034452135,
      "mse": 132268.1355580407,
      "rmse": 363.6868647037458,
      "mape": 0.3318903761763449,
      "acc15": 0.3889130434782609
    }
  ],
  "mean": {
    "mae": 194.64704892070972,
    "mse": 136637.99926219447,
    "rmse": 368.44790757278156,
    "mape": 0.3840378429867268,
    "acc15": 0.38657004830917874
  },
  "std": {
    "mae": 10.952808562216685,
    "mse": 22127.775839762526,
    "rmse": 29.734469348443152,
    "mape": 0.04833755366716419,
    "acc15": 0.06182152802963521
  }
}