{
  "domain": "li_ion",
  "task": "rul",
  "model": "ic2ml",
  "splits": [
    {
      "mae": 219.0059897774144,
      "mse": 239615.29089817483,
      "rmse": 489.50514900067685,
      "mape": 0.5533732006021592,
      "acc15": 0.34210526315789475
    },
    {
      "mae": 235.04762227911698,
      "mse": 209696.7354896878,
      "rmse": 457.9265612406511,
      "mape": 0.8296926762258435,
      "acc15": 0.24342105263157895
    },
    {
      "mae": 175.25044511493883,
      "mse": 78787.33995626196,
      "rmse": 280.6908262773509,
      "mape": 0.4359756225244916,
      "acc15": 0.3618421052631579
    }
  ],
  "mean": {
    "mae": 209.76801905715675,
    "mse": 176033.12211470818,
    "rmse": 409.3741788395596,
    "mape": 0.6063471664508314,
    "acc15": 0.31578947368421056
  },
  "std": {
    "mae": 25.270940840845647,
    "mse": 69839.5141265013,
    "rmse": 91.90159853965797,
    "mape": 0.16504132893939125,
    "acc15": 0.05180268338165665
  }
}