{
  "domain": "na_ion",
  "task": "soh_traj",
  "model": "micn",
  "splits": [
    {
      "mae": 0.010498984535642138,
      "mse": 0.000202250417034565,
      "rmse": 0.014221477315474825,
      "mape": 0.012730892874110711
    },
    {
      "mae": 0.018693939540062737,
      "mse": 0.0006425107717523737,
      "rmse": 0.025347796191234725,
      "mape": 0.022767271425318363
    },
    {
      "mae": 0.013360610173727494,
      "mse": 0.00025733736390973037,
      "rmse": 0.016041738182308373,
      "mape": 0.01592029162549651
    }
  ],
  "mean": {
    "mae": 0.014184511416477455,
    "mse": 0.00036736618423222306,
    "rmse": 0.018537003896339308,
    "mape": 0.017139485308308527
  },
  "std": {
    "mae": 0.003395922243365147,
    "mse": 0.00019585207165993457,
    "rmse": 0.004872952983492077,
    "mape": 0.004187047371194631
  }
}