{
  "domain": "na_ion",
  "task": "soh_traj",
  "model": "micn",
  "splits": [
    {
      "mae": 0.5722424041409685,
      "mse": 0.5160140561085077,
      "rmse": 0.718341183636653,
      "mape": 0.6691036278714786
    },
    {
      "mae": 0.6168594821227518,
      "mse": 0.593119782950221,
      "rmse": 0.7701427029779747,
      "mape": 0.7140253192675606
    },
    {
      "mae": 0.5556983784579896,
      "mse": 0.436996776910947,
      "rmse": 0.6610573174172925,
      "mape": 0.6484644353931576
    }
  ],
  "mean": {
    "mae": 0.58160008824057,
    "mse": 0.5153768719898919,
    "rmse": 0.7165137346773068,
    "mape": 0.677197794177399
  },
  "std": {
    "mae": 0.0258307934986377,
    "mse": 0.0637385427946888,
    "rmse": 0.04455266556189381,
    "mape": 0.027370227373786565
  }
}