{
  "domain": "na_ion",
  "task": "soh_traj",
  "model": "micn",
  "splits": [
    {
      "mae": 0.018141791883362325,
      "mse": 0.000569292789018081,
      "rmse": 0.023859857271536243,
      "mape": 0.02148708689030084
    },
    {
      "mae": 0.01735984001752765,
      "mse": 0.0004902380626091637,
      "rmse": 0.022141320254428453,
      "mape": 0.020295253006717223
    },
    {
      "mae": 0.023066746667125826,
      "mse": 0.0008043751470673293,
      "rmse": 0.02836150819451126,
      "mape": 0.026686430203772094
    }
  ],
  "mean": {
    "mae": 0.019522792856005267,
    "mse": 0.000621301999564858,
    "rmse": 0.02478756190682532,
    "mape": 0.02282292336693005
  },
  "std": {
    "mae": 0.0025262051436410215,
    "mse": 0.0001334147554164416,
    "rmse": 0.0026227417486592818,
    "mape": 0.0027749030986394703
  }
}