{
  "domain": "na_ion",
  "task": "soh_traj",
  "model": "micn",
  "splits": [
    {
      "mae": 0.17070066718127438,
      "mse": 0.03578497616146639,
      "rmse": 0.18916917339108502,
      "mape": 0.202241787297435
    },
    {
      "mae": 0.09545334238649869,
      "mse": 0.017109897171251984,
      "rmse": 0.13080480561222504,
      "mape": 0.10938609385334107
    },
    {
      "mae": 0.19145910736718355,
      "mse": 0.05115141053991944,
      "rmse": 0.2261667759418245,
      "mape": 0.22556785041334335
    }
  ],
  "mean": {
    "mae": 0.15253770564498556,
    "mse": 0.0346820946242126,
    "rmse": 0.18204691831504483,
    "mape": 0.17906524385470646
  },
  "std": {
    "mae": 0.04124477022369547,
    "mse": 0.013919253305432795,
    "rmse": 0.039255753160625906,
    "mape": 0.05018242895547152
  }
}