{
  "domain": "na_ion",
  "task": "soh_traj",
  "model": "micn",
  "splits": [
    {
      "mae": 0.009263450875682795,
      "mse": 0.00012256244914066446,
      "rmse": 0.011070792615737342,
      "mape": 0.011119029100231851
    },
    {
      "mae": 0.009703596872409306,
      "mse": 0.00014320945790825089,
      "rmse": 0.011967015413554495,
      "mape": 0.011743603208476668
    },
    {
      "mae": 0.009139448401078862,
      "mse": 0.0001241567137428471,
      "rmse": 0.011142563158575638,
      "mape": 0.010900809692266446
    }
  ],
  "mean": {
    "mae": 0.009368832049723655,
    "mse": 0.00012997620693058748,
    "rmse": 0.011393457062622493,
    "mape": 0.011254480666991654
  },
  "std": {
    "mae": 0.0002420671646572381,
    "mse": 9.379929583382283e-06,
    "rmse": 0.00040662401892305487,
    "mape": 0.00035715129655349297
  }
}