{
  "domain": "calb",
  "task": "rul",
  "model": "patchtst",
  "splits": [
    {
      "mae": 0.06454010009765625,
      "mse": 0.004167648463044316,
      "rmse": 0.06455732695089161,
      "mape": 0.00093536376953125,
      "acc15": 1.0
    },
    {
      "mae": 0.24185943603515625,
      "mse": 0.05849600463407114,
      "rmse": 0.24185947290538598,
      "mape": 0.0035052092179008155,
      "acc15": 1.0
    },
    {
      "mae": 0.6829345703125,
      "mse": 0.4663996942108497,
      "rmse": 0.6829346192798031,
      "mape": 0.009897602468297101,
      "acc15": 1.0
    }
  ],
  "mean": {
    "mae": 0.3297780354817708,
    "mse": 0.17635444910265505,
    "rmse": 0.3297838063786936,
    "mape": 0.004779391818576389,
    "acc15": 1.0
  },
  "std": {
    "mae": 0.2600002439672766,
    "mse": 0.20628875511196437,
    "rmse": 0.25999440408023283,
    "mape": 0.0037681194777866166,
    "acc15": 0.0
  }
}