{
  "domain": "calb",
  "task": "rul",
  "model": "patchtst",
  "splits": [
    {
      "mae": 268.29101439196654,
      "mse": 171960.94856595562,
      "rmse": 414.68174370950504,
      "mape": 0.20235995762966844,
      "acc15": 0.6242424242424243
    },
    {
      "mae": 306.4471434931601,
      "mse": 205274.6367175149,
      "rmse": 453.0724409159256,
      "mape": 0.28894091763466007,
      "acc15": 0.5201612903225806
    },
    {
      "mae": 325.58360053168406,
      "mse": 123192.95156902171,
      "rmse": 350.98853481135495,
      "mape": 0.2453099858413512,
      "acc15": 0.19595959595959597
    }
  ],
  "mean": {
    "mae": 300.10725280560354,
    "mse": 166809.51228416408,
    "rmse": 406.2475731455952,
    "mape": 0.24553695370189324,
    "acc15": 0.446787770174867
  },
  "std": {
    "mae": 23.815341933186158,
    "mse": 33707.10836038506,
    "rmse": 42.10013773704738,
    "mape": 0.03534689325955705,
    "acc15": 0.18238110345214836
  }
}