{
  "domain": "calb",
  "task": "rul",
  "model": "patchtst",
  "splits": [
    {
      "mae": 227.9824795809659,
      "mse": 73360.47353168478,
      "rmse": 270.85138643116596,
      "mape": 0.18110425146751313,
      "acc15": 0.40606060606060607
    },
    {
      "mae": 239.68690650693833,
      "mse": 80386.91601442918,
      "rmse": 283.52586480677417,
      "mape": 0.24613676663256978,
      "acc15": 0.36693548387096775
    },
    {
      "mae": 302.83080129912406,
      "mse": 107888.5749063938,
      "rmse": 328.4639628732409,
      "mape": 0.22805556893792742,
      "acc15": 0.2505050505050505
    }
  ],
  "mean": {
    "mae": 256.8333957956761,
    "mse": 87211.98815083592,
    "rmse": 294.280404703727,
    "mape": 0.21843219567933678,
    "acc15": 0.3411670468122081
  },
  "std": {
    "mae": 32.874198466303085,
    "mse": 14899.298716962317,
    "rmse": 24.719052535373674,
    "mape": 0.02740759009020371,
    "acc15": 0.06606760162837165
  }
}