{
  "domain": "calb",
  "task": "rul",
  "model": "patchtst",
  "splits": [
    {
      "mae": 0.13051300048828124,
      "mse": 0.01703700403450057,
      "rmse": 0.13052587496163576,
      "mape": 0.0018914927606997283,
      "acc15": 1.0
    },
    {
      "mae": 0.9854827880859375,
      "mse": 0.9711848793784157,
      "rmse": 0.9854871279618094,
      "mape": 0.014282359247622283,
      "acc15": 1.0
    },
    {
      "mae": 0.1344696044921875,
      "mse": 0.019400038104504348,
      "rmse": 0.1392840195589729,
      "mape": 0.0019488348477128623,
      "acc15": 1.0
    }
  ],
  "mean": {
    "mae": 0.41682179768880206,
    "mse": 0.33587397383914025,
    "rmse": 0.41843234082747266,
    "mape": 0.006040895618678291,
    "acc15": 1.0
  },
  "std": {
    "mae": 0.4021072868264547,
    "mse": 0.4492336852948249,
    "rmse": 0.40098422660845645,
    "mape": 0.005827641838064561,
    "acc15": 0.0
  }
}