{
  "domain": "li_ion",
  "task": "soh_traj",
  "model": "dlinear",
  "splits": [
    {
      "mae": 0.12571151779051373,
      "mse": 0.02855773119931696,
      "rmse": 0.16899032871533495,
      "mape": 0.5761033796779218
    },
    {
      "mae": 0.11902753052819946,
      "mse": 0.02480619227081842,
      "rmse": 0.15749981673265026,
      "mape": 0.36601521974971585
    },
    {
      "mae": 0.13243850903073803,
      "mse": 0.030200682603485927,
      "rmse": 0.17378343592956702,
      "mape": 1.0964829070764786
    }
  ],
  "mean": {
    "mae": 0.12572585244981707,
    "mse": 0.027854868691207107,
    "rmse": 0.1667578604591841,
    "mape": 0.6795338355013721
  },
  "std": {
    "mae": 0.005475018429846054,
    "mse": 0.0022576748018393695,
    "rmse": 0.006832617820600925,
    "mape": 0.30704956706370423
  }
}