{
  "domain": "li_ion",
  "task": "soh_traj",
  "model": "dlinear",
  "splits": [
    {
      "mae": 0.047597112373127866,
      "mse": 0.0032620690163311723,
      "rmse": 0.05711452544082961,
      "mape": 0.05276240015112969
    },
    {
      "mae": 0.04218084797855838,
      "mse": 0.002607287897879938,
      "rmse": 0.05106160884539321,
      "mape": 0.0465752316076103
    },
    {
      "mae": 0.04471385624161661,
      "mse": 0.0028929615976746948,
      "rmse": 0.05378625844650932,
      "mape": 0.05020567058910549
    }
  ],
  "mean": {
    "mae": 0.04483060553110096,
    "mse": 0.0029207728372952686,
    "rmse": 0.05398746424424405,
    "mape": 0.04984776744928183
  },
  "std": {
    "mae": 0.0022127212198884,
    "mse": 0.00026803566560812636,
    "rmse": 0.002475185199482912,
    "mape": 0.0025385474376239535
  }
}