{
  "domain": "li_ion",
  "task": "soh_traj",
  "model": "dlinear",
  "splits": [
    {
      "mae": 0.047297366725528416,
      "mse": 0.0032031906744649412,
      "rmse": 0.056596737312895884,
      "mape": 0.05215585591502133
    },
    {
      "mae": 0.04280329530098601,
      "mse": 0.002679321399882738,
      "rmse": 0.05176216185480218,
      "mape": 0.04695569750265302
    },
    {
      "mae": 0.044948287760943915,
      "mse": 0.0029656142376359323,
      "rmse": 0.05445745346264304,
      "mape": 0.0506303146384948
    }
  ],
  "mean": {
    "mae": 0.04501631659581945,
    "mse": 0.0029493754373278707,
    "rmse": 0.05427211754344704,
    "mape": 0.04991395601872305
  },
  "std": {
    "mae": 0.0018353274792259897,
    "mse": 0.00021417676218395674,
    "rmse": 0.001978053254626655,
    "mape": 0.0021825503633016415
  }
}