{
  "domain": "li_ion",
  "task": "soh_traj",
  "model": "dlinear",
  "splits": [
    {
      "mae": 0.17391219458029,
      "mse": 0.057209119714226236,
      "rmse": 0.23918427982253818,
      "mape": 0.8810610088183467
    },
    {
      "mae": 0.1819430145867972,
      "mse": 0.057719462896456006,
      "rmse": 0.24024875212257815,
      "mape": 0.7486773117336765
    },
    {
      "mae": 0.18695543908387083,
      "mse": 0.06152413347807678,
      "rmse": 0.24804058836826842,
      "mape": 1.5468867243317148
    }
  ],
  "mean": {
    "mae": 0.18093688275031936,
    "mse": 0.05881757202958634,
    "rmse": 0.24249120677112823,
    "mape": 1.058875014961246
  },
  "std": {
    "mae": 0.005372198975548628,
    "mse": 0.0019251352674125013,
    "rmse": 0.0039479954747016115,
    "mape": 0.34928301053774585
  }
}