{
  "domain": "li_ion",
  "task": "soh_traj",
  "model": "dlinear",
  "splits": [
    {
      "mae": 0.04624884055181355,
      "mse": 0.0032284596610311616,
      "rmse": 0.056819535910029764,
      "mape": 0.051440696264104614
    },
    {
      "mae": 0.046512441580216154,
      "mse": 0.003080022004226525,
      "rmse": 0.0554979459460125,
      "mape": 0.0509808324326296
    },
    {
      "mae": 0.04792743468417657,
      "mse": 0.003359858414656907,
      "rmse": 0.05796428568227946,
      "mape": 0.05323833592764811
    }
  ],
  "mean": {
    "mae": 0.04689623893873542,
    "mse": 0.003222780026638198,
    "rmse": 0.056760589179440574,
    "mape": 0.051886621541460766
  },
  "std": {
    "mae": 0.0007370639387034943,
    "mse": 0.00011431330583318999,
    "rmse": 0.001007741356188089,
    "mape": 0.0009740696492017634
  }
}