{
  "domain": "zn_ion",
  "task": "soh_point",
  "model": "ic2ml",
  "splits": [
    {
      "mae": 0.01500256619955364,
      "mse": 0.0007314127883803603,
      "rmse": 0.02704464435669954,
      "mape": 0.016077872035136075
    },
    {
      "mae": 0.012888084399072748,
      "mse": 0.0007315835897433419,
      "rmse": 0.02704780193922127,
      "mape": 0.013760758787719781
    },
    {
      "mae": 0.020093958785659387,
      "mse": 0.0010314562297755246,
      "rmse": 0.03211629227939496,
      "mape": 0.02163826509599543
    }
  ],
  "mean": {
    "mae": 0.015994869794761925,
    "mse": 0.0008314842026330756,
    "rmse": 0.028736246191771925,
    "mape": 0.017158965306283764
  },
  "std": {
    "mae": 0.0030243077706712555,
    "mse": 0.00014140159363286697,
    "rmse": 0.002390053856913926,
    "mape": 0.003305586020150463
  }
}