{
  "domain": "zn_ion",
  "task": "soh_point",
  "model": "ic2ml",
  "splits": [
    {
      "mae": 0.006222249245213125,
      "mse": 0.0002291351501132781,
      "rmse": 0.01513721077719664,
      "mape": 0.00660244606406717
    },
    {
      "mae": 0.009723139779512273,
      "mse": 0.00030455418083780015,
      "rmse": 0.017451480763471052,
      "mape": 0.010492367788641248
    },
    {
      "mae": 0.020706736126381332,
      "mse": 0.001457428275214847,
      "rmse": 0.038176278959778764,
      "mape": 0.022702365637251264
    }
  ],
  "mean": {
    "mae": 0.012217375050368911,
    "mse": 0.0006637058687219751,
    "rmse": 0.02358832350014882,
    "mape": 0.01326572649665323
  },
  "std": {
    "mae": 0.0061706832275674,
    "mse": 0.0005620904147172312,
    "rmse": 0.010358419916874485,
    "mape": 0.006859081156064977
  }
}