{
  "domain": "zn_ion",
  "task": "soh_point",
  "model": "ic2ml",
  "splits": [
    {
      "mae": 0.02959945301214854,
      "mse": 0.0019836862830568216,
      "rmse": 0.04453859318677254,
      "mape": 0.031007535157266192
    },
    {
      "mae": 0.028299416104952495,
      "mse": 0.0013936276165624761,
      "rmse": 0.037331322191458426,
      "mape": 0.030661506492123403
    },
    {
      "mae": 0.02874348560969035,
      "mse": 0.0015180230173553373,
      "rmse": 0.03896181486218702,
      "mape": 0.031610951833124644
    }
  ],
  "mean": {
    "mae": 0.028880784908930462,
    "mse": 0.0016317789723248783,
    "rmse": 0.04027724341347266,
    "mape": 0.031093331160838077
  },
  "std": {
    "mae": 0.0005395444456186063,
    "mse": 0.0002539653788013181,
    "rmse": 0.0030858767533314437,
    "mape": 0.0003923283739920946
  }
}