{
  "domain": "zn_ion",
  "task": "soh_point",
  "model": "ic2ml",
  "splits": [
    {
      "mae": 0.029639484981695812,
      "mse": 0.0038041181582995818,
      "rmse": 0.061677533659344565,
      "mape": 0.03420694027295835
    },
    {
      "mae": 0.04130067924658457,
      "mse": 0.005408184335329895,
      "rmse": 0.07354035854773823,
      "mape": 0.04809695884052013
    },
    {
      "mae": 0.050148305793603264,
      "mse": 0.007560590873794866,
      "rmse": 0.08695165825787836,
      "mape": 0.059391607929240066
    }
  ],
  "mean": {
    "mae": 0.04036282334062788,
    "mse": 0.005590964455808114,
    "rmse": 0.07405651682165372,
    "mape": 0.047231835680906185
  },
  "std": {
    "mae": 0.008398913145916974,
    "mse": 0.001539010124484058,
    "rmse": 0.010324571276921584,
    "mape": 0.010299779926461729
  }
}