{
  "domain": "li_ion",
  "task": "rul",
  "model": "autoformer",
  "splits": [
    {
      "mae": 248.74169373389603,
      "mse": 191685.95031738226,
      "rmse": 437.81954081263007,
      "mape": 0.5512965969465098,
      "acc15": 0.32565217391304346
    },
    {
      "mae": 266.8785419265084,
      "mse": 191756.63357109323,
      "rmse": 437.90025527635083,
      "mape": 0.6032627569584069,
      "acc15": 0.3030434782608696
    },
    {
      "mae": 223.7827019543557,
      "mse": 138729.85740901704,
      "rmse": 372.4645720186244,
      "mape": 0.49532149832249545,
      "acc15": 0.3447101449275362
    }
  ],
  "mean": {
    "mae": 246.4676458715867,
    "mse": 174057.4804324975,
    "rmse": 416.0614560358684,
    "mape": 0.5499602840758041,
    "acc15": 0.3244685990338165
  },
  "std": {
    "mae": 17.667131930723848,
    "mse": 24980.418469906243,
    "rmse": 30.827669938070628,
    "mape": 0.04407696396110251,
    "acc15": 0.01703092119056453
  }
}