{
  "domain": "li_ion",
  "task": "rul",
  "model": "autoformer",
  "splits": [
    {
      "mae": 298.119158092298,
      "mse": 375460.78426150465,
      "rmse": 612.748548967278,
      "mape": 1.1225609392362346,
      "acc15": 0.2236842105263158
    },
    {
      "mae": 267.4159194544742,
      "mse": 305421.77185295365,
      "rmse": 552.6497732316134,
      "mape": 0.9732891992727308,
      "acc15": 0.3026315789473684
    },
    {
      "mae": 245.29747370669716,
      "mse": 236697.1151925514,
      "rmse": 486.51527745030927,
      "mape": 0.5923902593868946,
      "acc15": 0.29605263157894735
    }
  ],
  "mean": {
    "mae": 270.2775170844898,
    "mse": 305859.89043566986,
    "rmse": 550.6378665497335,
    "mape": 0.8960801326319534,
    "acc15": 0.2741228070175438
  },
  "std": {
    "mae": 21.65908802450817,
    "mse": 56650.8777471799,
    "rmse": 51.55414975758745,
    "mape": 0.22322061945025426,
    "acc15": 0.03576646146995633
  }
}