{
  "domain": "li_ion",
  "task": "rul",
  "model": "autoformer",
  "splits": [
    {
      "mae": 165.8701767479164,
      "mse": 133094.5065586334,
      "rmse": 364.82119806644107,
      "mape": 0.3442064960394431,
      "acc15": 0.5278260869565218
    },
    {
      "mae": 132.87509287212205,
      "mse": 64690.39576320835,
      "rmse": 254.34306706338262,
      "mape": 0.19695476777361723,
      "acc15": 0.5978985507246377
    },
    {
      "mae": 137.9175990759808,
      "mse": 121498.85400795206,
      "rmse": 348.5668572999333,
      "mape": 0.20480219002188688,
      "acc15": 0.5557246376811594
    }
  ],
  "mean": {
    "mae": 145.55428956533976,
    "mse": 106427.91877659794,
    "rmse": 322.57704080991897,
    "mape": 0.24865448461164905,
    "acc15": 0.5604830917874396
  },
  "std": {
    "mae": 14.51225163359968,
    "mse": 29890.13672310595,
    "rmse": 48.702890252158554,
    "mape": 0.06764138612274105,
    "acc15": 0.028804162994778622
  }
}