{
  "domain": "li_ion",
  "task": "rul",
  "model": "autoformer",
  "splits": [
    {
      "mae": 140.22385506880912,
      "mse": 55698.89117686257,
      "rmse": 236.0061252952189,
      "mape": 0.629158393433037,
      "acc15": 0.45394736842105265
    },
    {
      "mae": 146.936799902665,
      "mse": 58651.432453354304,
      "rmse": 242.18057819188206,
      "mape": 0.5619362306124922,
      "acc15": 0.4342105263157895
    },
    {
      "mae": 164.1791199132016,
      "mse": 79577.38047548913,
      "rmse": 282.09463035564704,
      "mape": 0.5848044308990636,
      "acc15": 0.46710526315789475
    }
  ],
  "mean": {
    "mae": 150.44659162822524,
    "mse": 64642.56803523534,
    "rmse": 253.42711128091602,
    "mape": 0.5919663516481976,
    "acc15": 0.4517543859649123
  },
  "std": {
    "mae": 10.089686381279146,
    "mse": 10629.074652935584,
    "rmse": 20.427121751376344,
    "mape": 0.027906685282450595,
    "acc15": 0.013518451760896874
  }
}