{
  "domain": "zn_ion",
  "task": "rul",
  "model": "cnn",
  "splits": [
    {
      "mae": 153.6886526743571,
      "mse": 63710.81961700791,
      "rmse": 252.41002281408697,
      "mape": 1.239048316770608,
      "acc15": 0.20833333333333334
    },
    {
      "mae": 202.9666487375895,
      "mse": 90884.86349297251,
      "rmse": 301.4711652761712,
      "mape": 1.4254763665096306,
      "acc15": 0.125
    },
    {
      "mae": 138.36868365605673,
      "mse": 40310.62922646317,
      "rmse": 200.77507122763814,
      "mape": 3.6881508524081483,
      "acc15": 0.125
    }
  ],
  "mean": {
    "mae": 165.00799502266776,
    "mse": 64968.770778814534,
    "rmse": 251.55208643929873,
    "mape": 2.1175585118961293,
    "acc15": 0.1527777777777778
  },
  "std": {
    "mae": 27.559873083493773,
    "mse": 20665.996608842906,
    "rmse": 41.1134842460487,
    "mape": 1.1131813507506736,
    "acc15": 0.03928371006591931
  }
}