{
  "domain": "zn_ion",
  "task": "rul",
  "model": "cnn",
  "splits": [
    {
      "mae": 369.3199625015259,
      "mse": 325329.2511655632,
      "rmse": 570.3764118242998,
      "mape": 2.1394916863320734,
      "acc15": 0.125
    },
    {
      "mae": 359.18908373514813,
      "mse": 272844.7846291555,
      "rmse": 522.3454648306573,
      "mape": 5.937781655303152,
      "acc15": 0.041666666666666664
    },
    {
      "mae": 288.4452368418376,
      "mse": 185808.18745947917,
      "rmse": 431.05473835637065,
      "mape": 9.576288385306867,
      "acc15": 0.0
    }
  ],
  "mean": {
    "mae": 338.9847610261706,
    "mse": 261327.4077513993,
    "rmse": 507.92553833710934,
    "mape": 5.884520575647365,
    "acc15": 0.05555555555555555
  },
  "std": {
    "mae": 35.975374028436384,
    "mse": 57538.504684703636,
    "rmse": 57.78455897864968,
    "mape": 3.0362931174295595,
    "acc15": 0.05196746370519363
  }
}