{
  "domain": "zn_ion",
  "task": "rul",
  "model": "cnn",
  "splits": [
    {
      "mae": 194.1183369686729,
      "mse": 80091.4471569119,
      "rmse": 283.0043235657574,
      "mape": 0.6138584932864934,
      "acc15": 0.21526315789473685
    },
    {
      "mae": 248.67229225158692,
      "mse": 142360.83568152817,
      "rmse": 377.3073490955724,
      "mape": 0.4352091317528477,
      "acc15": 0.2810526315789474
    },
    {
      "mae": 219.96804228531687,
      "mse": 97402.19665570465,
      "rmse": 312.09324993614433,
      "mape": 0.86921169731746,
      "acc15": 0.12157894736842105
    }
  ],
  "mean": {
    "mae": 220.91955716852556,
    "mse": 106618.15983138158,
    "rmse": 324.134974199158,
    "mape": 0.6394264407856004,
    "acc15": 0.20596491228070177
  },
  "std": {
    "mae": 22.281719632653598,
    "mse": 26243.344168874235,
    "rmse": 39.42940948445358,
    "mape": 0.17810080794062333,
    "acc15": 0.065436009543899
  }
}