{
  "domain": "li_ion",
  "task": "rul",
  "model": "micn",
  "splits": [
    {
      "mae": 205.96735012773155,
      "mse": 166758.94584021313,
      "rmse": 408.3612932688566,
      "mape": 0.42795883248867767,
      "acc15": 0.36144927536231886
    },
    {
      "mae": 168.42399991685065,
      "mse": 74340.38635757049,
      "rmse": 272.6543349326588,
      "mape": 0.3600684117547309,
      "acc15": 0.4322463768115942
    },
    {
      "mae": 176.59064923051474,
      "mse": 137256.8471997278,
      "rmse": 370.48191210871255,
      "mape": 0.3156816549671162,
      "acc15": 0.4927536231884058
    }
  ],
  "mean": {
    "mae": 183.6606664250323,
    "mse": 126118.72646583714,
    "rmse": 350.49918010340934,
    "mape": 0.3679029664035083,
    "acc15": 0.42881642512077295
  },
  "std": {
    "mae": 16.12171710483085,
    "mse": 38542.9702567903,
    "rmse": 57.17561729159532,
    "mape": 0.04617052691173281,
    "acc15": 0.05365961464614726
  }
}