{
  "domain": "li_ion",
  "task": "rul",
  "model": "micn",
  "splits": [
    {
      "mae": 164.10875149823616,
      "mse": 133028.36696033005,
      "rmse": 364.73054020787737,
      "mape": 0.2903205439544949,
      "acc15": 0.5183333333333333
    },
    {
      "mae": 158.97535432013913,
      "mse": 70660.35793776157,
      "rmse": 265.82016089409314,
      "mape": 0.3193019463002416,
      "acc15": 0.4934057971014493
    },
    {
      "mae": 159.68839646767879,
      "mse": 115566.1407295647,
      "rmse": 339.95020330860916,
      "mape": 0.2762928106311549,
      "acc15": 0.5036231884057971
    }
  ],
  "mean": {
    "mae": 160.92416742868468,
    "mse": 106418.28854255211,
    "rmse": 323.5003014701932,
    "mape": 0.2953051002952971,
    "acc15": 0.5051207729468599
  },
  "std": {
    "mae": 2.270578347480766,
    "mse": 26270.446476175075,
    "rmse": 42.021940593530495,
    "mape": 0.01790867181351817,
    "acc15": 0.010231571571731475
  }
}