{
  "domain": "li_ion",
  "task": "rul",
  "model": "micn",
  "splits": [
    {
      "mae": 109.44448029367547,
      "mse": 34218.536086004904,
      "rmse": 184.98252913722663,
      "mape": 0.31211542483502613,
      "acc15": 0.4868421052631579
    },
    {
      "mae": 129.6097765470806,
      "mse": 45428.18465073598,
      "rmse": 213.13888582503188,
      "mape": 0.32657084708704615,
      "acc15": 0.45394736842105265
    },
    {
      "mae": 126.67120441637542,
      "mse": 49990.83707366553,
      "rmse": 223.58630788504365,
      "mape": 0.27796450961047686,
      "acc15": 0.5131578947368421
    }
  ],
  "mean": {
    "mae": 121.90848708571049,
    "mse": 43212.51927013547,
    "rmse": 207.2359076157674,
    "mape": 0.3055502605108497,
    "acc15": 0.48464912280701755
  },
  "std": {
    "mae": 8.894657592276417,
    "mse": 6626.877063415505,
    "rmse": 16.30330840058526,
    "mape": 0.02037923858038069,
    "acc15": 0.024222282932428212
  }
}