{
  "domain": "li_ion",
  "task": "rul",
  "model": "micn",
  "splits": [
    {
      "mae": 367.0749898207815,
      "mse": 460071.58014389855,
      "rmse": 678.2857658420222,
      "mape": 1.0195087883261464,
      "acc15": 0.16447368421052633
    },
    {
      "mae": 347.19119754590486,
      "mse": 380667.16041006084,
      "rmse": 616.9823015371355,
      "mape": 1.13379379231137,
      "acc15": 0.2236842105263158
    },
    {
      "mae": 364.3638898949874,
      "mse": 353039.74266375246,
      "rmse": 594.1714758079122,
      "mape": 0.873767017017055,
      "acc15": 0.17763157894736842
    }
  ],
  "mean": {
    "mae": 359.5433590872246,
    "mse": 397926.1610725706,
    "rmse": 629.8131810623566,
    "mape": 1.0090231992181904,
    "acc15": 0.1885964912280702
  },
  "std": {
    "mae": 8.80414435589111,
    "mse": 45367.818157040834,
    "rmse": 35.517855125074284,
    "mape": 0.1064141019843257,
    "acc15": 0.02538560724296102
  }
}