{
  "domain": "calb",
  "task": "soh_point",
  "model": "severson",
  "splits": [
    {
      "mae": 0.02505570386179096,
      "mse": 0.0013847058995545842,
      "rmse": 0.037211636614835744,
      "mape": 0.025084614091622184
    },
    {
      "mae": 0.021982804613082708,
      "mse": 0.00048357936126076397,
      "rmse": 0.021990437950635815,
      "mape": 0.02199253117043364
    },
    {
      "mae": 0.05266295448287423,
      "mse": 0.014554384211915383,
      "rmse": 0.1206415525924438,
      "mape": 0.052736102821997
    }
  ],
  "mean": {
    "mae": 0.033233820985915964,
    "mse": 0.00547422315757691,
    "rmse": 0.05994787571930512,
    "mape": 0.03327108269468427
  },
  "std": {
    "mae": 0.01379562971331011,
    "mse": 0.006431174119814008,
    "rmse": 0.04336444804583195,
    "mape": 0.01382161352412454
  }
}