{
  "domain": "calb",
  "task": "soh_point",
  "model": "severson",
  "splits": [
    {
      "mae": 0.4112549190846888,
      "mse": 0.7352356071265451,
      "rmse": 0.8574588078307582,
      "mape": 0.4112549190846888
    },
    {
      "mae": 0.06261927941266232,
      "mse": 0.003921174154161075,
      "rmse": 0.06261927941266232,
      "mape": 0.06261927941266232
    },
    {
      "mae": 0.0632022198508767,
      "mse": 0.003994520594078553,
      "rmse": 0.0632022198508767,
      "mape": 0.0632022198508767
    }
  ],
  "mean": {
    "mae": 0.1790254727827426,
    "mse": 0.24771710062492824,
    "rmse": 0.32776010236476577,
    "mape": 0.1790254727827426
  },
  "std": {
    "mae": 0.16421118872186105,
    "mse": 0.3447276432017024,
    "rmse": 0.3745536222261995,
    "mape": 0.16421118872186105
  }
}