{
  "domain": "calb",
  "task": "soh_point",
  "model": "severson",
  "splits": [
    {
      "mae": 0.06522269579590179,
      "mse": 0.004254000046884745,
      "rmse": 0.06522269579590179,
      "mape": 0.06522269579590179
    },
    {
      "mae": 0.07605754095553778,
      "mse": 0.005784787579716859,
      "rmse": 0.07605779105204712,
      "mape": 0.07606139580760746
    },
    {
      "mae": 0.07400676461102472,
      "mse": 0.006384093516542761,
      "rmse": 0.07990052262997259,
      "mape": 0.0740084374227441
    }
  ],
  "mean": {
    "mae": 0.0717623337874881,
    "mse": 0.005474293714381455,
    "rmse": 0.07372700315930718,
    "mape": 0.07176417634208444
  },
  "std": {
    "mae": 0.004699402068316979,
    "mse": 0.0008968944113543955,
    "rmse": 0.006214717976623428,
    "mape": 0.004700842855953944
  }
}