{
  "domain": "calb",
  "task": "soh_point",
  "model": "severson",
  "splits": [
    {
      "mae": 0.0209017421228693,
      "mse": 0.00043783932093178324,
      "rmse": 0.02092461041290335,
      "mape": 0.020913554665337192
    },
    {
      "mae": 0.020152877915193122,
      "mse": 0.0004067361676878093,
      "rmse": 0.020167701100715703,
      "mape": 0.02016790613238927
    },
    {
      "mae": 0.020414946400380402,
      "mse": 0.00041774845743464774,
      "rmse": 0.020438895699979677,
      "mape": 0.020442600873829514
    }
  ],
  "mean": {
    "mae": 0.020489855479480942,
    "mse": 0.00042077464868474677,
    "rmse": 0.02051040240453291,
    "mape": 0.020508020557185324
  },
  "std": {
    "mae": 0.00031027721796632665,
    "mse": 1.287685030176669e-05,
    "rmse": 0.00031311641425742584,
    "mape": 0.0003079044601816485
  }
}