{
  "domain": "calb",
  "task": "soh_point",
  "model": "severson",
  "splits": [
    {
      "mae": 0.4112550299390515,
      "mse": 0.7352360591162546,
      "rmse": 0.8574590713942296,
      "mape": 0.4112550299390515
    },
    {
      "mae": 0.06261927941266232,
      "mse": 0.003921174154161075,
      "rmse": 0.06261927941266232,
      "mape": 0.06261927941266232
    },
    {
      "mae": 0.0632022198508767,
      "mse": 0.003994520594078553,
      "rmse": 0.0632022198508767,
      "mape": 0.0632022198508767
    }
  ],
  "mean": {
    "mae": 0.17902550973419684,
    "mse": 0.2477172512881647,
    "rmse": 0.32776019021925623,
    "mape": 0.17902550973419684
  },
  "std": {
    "mae": 0.16421124097905393,
    "mse": 0.344727856271694,
    "rmse": 0.37455374647118633,
    "mape": 0.16421124097905393
  }
}