{
  "domain": "calb",
  "task": "soh_point",
  "model": "transformer",
  "splits": [
    {
      "mae": 0.0009204228719075521,
      "mse": 1.0394152597840077e-06,
      "rmse": 0.001019517169930947,
      "mape": 0.0009208794444923415
    },
    {
      "mae": 0.000781535501441648,
      "mse": 7.078136004122806e-07,
      "rmse": 0.0008413165875057264,
      "mape": 0.0007818765544045583
    },
    {
      "mae": 0.0010192213636456113,
      "mse": 1.7412956706530534e-06,
      "rmse": 0.0013195816271277248,
      "mape": 0.001021365607852423
    }
  ],
  "mean": {
    "mae": 0.0009070599123316038,
    "mse": 1.162841510283114e-06,
    "rmse": 0.0010601384615214662,
    "mape": 0.0009080405355831076
  },
  "std": {
    "mae": 9.749382472540396e-05,
    "mse": 4.3084941442186e-07,
    "rmse": 0.00019735235667711932,
    "mape": 9.819158099288432e-05
  }
}