{
  "domain": "calb",
  "task": "soh_point",
  "model": "transformer",
  "splits": [
    {
      "mae": 0.012129890918731689,
      "mse": 0.0001471750123151594,
      "rmse": 0.012131570892310666,
      "mape": 0.012129890918731689
    },
    {
      "mae": 0.002665555477142334,
      "mse": 7.1052321267472965e-06,
      "rmse": 0.0026655641291755293,
      "mape": 0.002665555477142334
    },
    {
      "mae": 0.000347137451171875,
      "mse": 1.2061452139278118e-07,
      "rmse": 0.00034729601407557385,
      "mape": 0.000347137451171875
    }
  ],
  "mean": {
    "mae": 0.005047527949015299,
    "mse": 5.146695298776649e-05,
    "rmse": 0.005048143678520589,
    "mape": 0.005047527949015299
  },
  "std": {
    "mae": 0.0050966436316392675,
    "mse": 6.773586290848238e-05,
    "rmse": 0.0050973717138128255,
    "mape": 0.0050966436316392675
  }
}