{
  "domain": "calb",
  "task": "soh_point",
  "model": "transformer",
  "splits": [
    {
      "mae": 0.0009611382628932144,
      "mse": 1.0811828206435552e-06,
      "rmse": 0.0010397994136580166,
      "mape": 0.000961917246193475
    },
    {
      "mae": 0.0008193437499229354,
      "mse": 1.1936927621299348e-06,
      "rmse": 0.0010925624751610017,
      "mape": 0.0008204113302448721
    },
    {
      "mae": 0.0010198584710708772,
      "mse": 1.4921894349071743e-06,
      "rmse": 0.0012215520598432038,
      "mape": 0.0010206566266739525
    }
  ],
  "mean": {
    "mae": 0.0009334468279623423,
    "mse": 1.255688339226888e-06,
    "rmse": 0.001117971316220741,
    "mape": 0.0009343284010374332
  },
  "std": {
    "mae": 8.416907597471988e-05,
    "mse": 1.734247155142524e-07,
    "rmse": 7.634445189110022e-05,
    "mape": 8.404523769286638e-05
  }
}