{
  "domain": "calb",
  "task": "soh_point",
  "model": "transformer",
  "splits": [
    {
      "mae": 0.0013210535049438476,
      "mse": 5.578876132972254e-06,
      "rmse": 0.0023619644647987943,
      "mape": 0.0013210535049438476
    },
    {
      "mae": 0.007516407966613769,
      "mse": 6.569632775210721e-05,
      "rmse": 0.008105327121844448,
      "mape": 0.007516407966613769
    },
    {
      "mae": 0.0018700718879699706,
      "mse": 6.541614462918232e-06,
      "rmse": 0.002557658003509897,
      "mape": 0.0018700718879699706
    }
  ],
  "mean": {
    "mae": 0.003569177786509196,
    "mse": 2.593893944933256e-05,
    "rmse": 0.00434164986338438,
    "mape": 0.003569177786509196
  },
  "std": {
    "mae": 0.0028000981967628022,
    "mse": 2.811546620357069e-05,
    "rmse": 0.0026625205939310517,
    "mape": 0.0028000981967628022
  }
}