{
  "domain": "zn_ion",
  "task": "soh_point",
  "model": "cnn",
  "splits": [
    {
      "mae": 0.010293567015764761,
      "mse": 0.0003803388669590163,
      "rmse": 0.019502278506856995,
      "mape": 0.01096427683166206
    },
    {
      "mae": 0.010575251570043638,
      "mse": 0.0002871025394007301,
      "rmse": 0.01694410043055488,
      "mape": 0.011344314916748543
    },
    {
      "mae": 0.010259849204067372,
      "mse": 0.00042842391844206875,
      "rmse": 0.020698403765558076,
      "mape": 0.011147335463777198
    }
  ],
  "mean": {
    "mae": 0.010376222596625257,
    "mse": 0.00036528844160060506,
    "rmse": 0.019048260900989985,
    "mape": 0.011151975737395936
  },
  "std": {
    "mae": 0.00014140632211561148,
    "mse": 5.866753515155413e-05,
    "rmse": 0.0015659496315083997,
    "mape": 0.0001551845903722244
  }
}