{
  "domain": "zn_ion",
  "task": "soh_point",
  "model": "cnn",
  "splits": [
    {
      "mae": 0.03493106613556544,
      "mse": 0.0017568909600309546,
      "rmse": 0.04191528313194311,
      "mape": 0.036849305312466225
    },
    {
      "mae": 0.02996311088403066,
      "mse": 0.0015296377693803838,
      "rmse": 0.03911058385373944,
      "mape": 0.0324679973525289
    },
    {
      "mae": 0.02822736402352651,
      "mse": 0.001432160703213133,
      "rmse": 0.037843899154462575,
      "mape": 0.031717716981893976
    }
  ],
  "mean": {
    "mae": 0.03104051368104087,
    "mse": 0.0015728964775414904,
    "rmse": 0.03962325538004837,
    "mape": 0.03367833988229637
  },
  "std": {
    "mae": 0.002840833573911346,
    "mse": 0.00013605371928535667,
    "rmse": 0.001701208578910348,
    "mape": 0.00226303578969184
  }
}