{
  "domain": "zn_ion",
  "task": "soh_point",
  "model": "cnn",
  "splits": [
    {
      "mae": 0.00912853225281364,
      "mse": 0.00022131476528890727,
      "rmse": 0.014876651682717696,
      "mape": 0.009617541129316134
    },
    {
      "mae": 0.014630447155550907,
      "mse": 0.0006192970820952675,
      "rmse": 0.02488568026185476,
      "mape": 0.015252191835573081
    },
    {
      "mae": 0.010282770458020661,
      "mse": 0.00039397912342432044,
      "rmse": 0.019848907360968775,
      "mape": 0.011114704402603494
    }
  ],
  "mean": {
    "mae": 0.011347249955461736,
    "mse": 0.00041153032360283177,
    "rmse": 0.01987041310184708,
    "mape": 0.011994812455830903
  },
  "std": {
    "mae": 0.0023689103471983214,
    "mse": 0.0001629488970882572,
    "rmse": 0.00408619710302572,
    "mape": 0.002383032351773301
  }
}