{
  "domain": "zn_ion",
  "task": "soh_point",
  "model": "cnn",
  "splits": [
    {
      "mae": 0.028957123557726543,
      "mse": 0.0038789395067878965,
      "rmse": 0.062281132831603955,
      "mape": 0.03357199374016792
    },
    {
      "mae": 0.03944463034470876,
      "mse": 0.005698630131828549,
      "rmse": 0.07548927163397821,
      "mape": 0.04644299382143575
    },
    {
      "mae": 0.050302001337210335,
      "mse": 0.007518186620159313,
      "rmse": 0.08670747730247555,
      "mape": 0.0595185576557655
    }
  ],
  "mean": {
    "mae": 0.03956791841321521,
    "mse": 0.005698585419591919,
    "rmse": 0.07482596058935258,
    "mape": 0.04651118173912305
  },
  "std": {
    "mae": 0.008714445930604817,
    "mse": 0.0014857164129458299,
    "rmse": 0.009983037687626668,
    "mape": 0.0105927500977677
  }
}