{
  "domain": "calb",
  "task": "soh_point",
  "model": "cnn",
  "splits": [
    {
      "mae": 0.003289174792742488,
      "mse": 2.046036577015707e-05,
      "rmse": 0.004523313583000527,
      "mape": 0.0032922149251686204
    },
    {
      "mae": 0.004643847625101766,
      "mse": 3.378566583230629e-05,
      "rmse": 0.0058125438348718104,
      "mape": 0.004646058881047122
    },
    {
      "mae": 0.006035333570807871,
      "mse": 5.748535421685091e-05,
      "rmse": 0.007581909668207008,
      "mape": 0.006044507030096325
    }
  ],
  "mean": {
    "mae": 0.004656118662884041,
    "mse": 3.724379527310476e-05,
    "rmse": 0.005972589028693115,
    "mape": 0.004660926945437356
  },
  "std": {
    "mae": 0.0011211482038108907,
    "mse": 1.5311900312968796e-05,
    "rmse": 0.0012537844980056918,
    "mape": 0.0011236677303117317
  }
}