{
  "domain": "calb",
  "task": "soh_point",
  "model": "cnn",
  "splits": [
    {
      "mae": 0.001520651759523334,
      "mse": 4.2091050647769924e-06,
      "rmse": 0.002051610358907605,
      "mape": 0.0015218069315941689
    },
    {
      "mae": 0.004642172774883231,
      "mse": 4.81548276786352e-05,
      "rmse": 0.0069393679595936685,
      "mape": 0.004647795995958021
    },
    {
      "mae": 0.006932680052940292,
      "mse": 7.050699696142916e-05,
      "rmse": 0.008396844464525299,
      "mape": 0.006941373122552875
    }
  ],
  "mean": {
    "mae": 0.004365168195782285,
    "mse": 4.095697656828045e-05,
    "rmse": 0.0057959409276755235,
    "mape": 0.004370325350035021
  },
  "std": {
    "mae": 0.0022181165005199922,
    "mse": 2.7540387469317015e-05,
    "rmse": 0.0027136774552581283,
    "mape": 0.002221210915102745
  }
}