{
  "domain": "calb",
  "task": "soh_point",
  "model": "cnn",
  "splits": [
    {
      "mae": 0.015154814720153809,
      "mse": 0.0003159961994811056,
      "rmse": 0.017776281936364127,
      "mape": 0.015154814720153809
    },
    {
      "mae": 0.012331843376159668,
      "mse": 0.0002965925900895172,
      "rmse": 0.017221863722881946,
      "mape": 0.012331843376159668
    },
    {
      "mae": 0.030248749256134033,
      "mse": 0.001397864726043707,
      "rmse": 0.03738802918105884,
      "mape": 0.030248749256134033
    }
  ],
  "mean": {
    "mae": 0.01924513578414917,
    "mse": 0.0006701511718714433,
    "rmse": 0.024128724946768303,
    "mape": 0.01924513578414917
  },
  "std": {
    "mae": 0.007865618173752063,
    "mse": 0.000514632158412768,
    "rmse": 0.009378475585863848,
    "mape": 0.007865618173752063
  }
}