{
  "domain": "calb",
  "task": "soh_point",
  "model": "cnn",
  "splits": [
    {
      "mae": 0.01504364013671875,
      "mse": 0.0004741616444462693,
      "rmse": 0.021775253028294972,
      "mape": 0.01504364013671875
    },
    {
      "mae": 0.04476664066314697,
      "mse": 0.002489401309296113,
      "rmse": 0.049893900521968744,
      "mape": 0.04476664066314697
    },
    {
      "mae": 0.015921902656555176,
      "mse": 0.000326369619725142,
      "rmse": 0.018065702857213775,
      "mape": 0.015921902656555176
    }
  ],
  "mean": {
    "mae": 0.0252440611521403,
    "mse": 0.0010966441911558413,
    "rmse": 0.029911618802492494,
    "mape": 0.0252440611521403
  },
  "std": {
    "mae": 0.013809203919514948,
    "mse": 0.0009866745202076817,
    "rmse": 0.014210533127585986,
    "mape": 0.013809203919514948
  }
}