{
  "domain": "na_ion",
  "task": "rul",
  "model": "ic2ml",
  "splits": [
    {
      "mae": 29.52206164042155,
      "mse": 1022.6034363872561,
      "rmse": 31.978171248325882,
      "mape": 0.16728865266795337,
      "acc15": 0.5
    },
    {
      "mae": 10.25369873046875,
      "mse": 180.4166722596693,
      "rmse": 13.431927347170594,
      "mape": 0.07401140778717338,
      "acc15": 0.9116666666666666
    },
    {
      "mae": 48.942128880818686,
      "mse": 3331.2735745887626,
      "rmse": 57.71718612847271,
      "mape": 0.22807461145942728,
      "acc15": 0.3333333333333333
    }
  ],
  "mean": {
    "mae": 29.57262975056966,
    "mse": 1511.4312277452293,
    "rmse": 34.375761574656394,
    "mape": 0.156458223971518,
    "acc15": 0.5816666666666667
  },
  "std": {
    "mae": 15.794525944663011,
    "mse": 1331.96327825799,
    "rmse": 18.158696096019842,
    "mape": 0.06336056250145419,
    "acc15": 0.24306301575852635
  }
}