{
  "domain": "na_ion",
  "task": "rul",
  "model": "ic2ml",
  "splits": [
    {
      "mae": 48.170073075727984,
      "mse": 3812.858460511483,
      "rmse": 61.748347836290186,
      "mape": 2.301310158532851,
      "acc15": 0.36363636363636365
    },
    {
      "mae": 26.4529765735973,
      "mse": 1264.1931678289336,
      "rmse": 35.55549420031922,
      "mape": 0.5522588308944607,
      "acc15": 0.36363636363636365
    },
    {
      "mae": 7.832712346857244,
      "mse": 99.94905492888806,
      "rmse": 9.997452421936703,
      "mape": 0.3735961586431871,
      "acc15": 0.5454545454545454
    }
  ],
  "mean": {
    "mae": 27.48525399872751,
    "mse": 1725.6668944231017,
    "rmse": 35.7670981528487,
    "mape": 1.0757217160234995,
    "acc15": 0.42424242424242425
  },
  "std": {
    "mae": 16.483827734167935,
    "mse": 1550.5144444707068,
    "rmse": 21.127744416941162,
    "mape": 0.8696859051494259,
    "acc15": 0.08570991287109664
  }
}