{
  "domain": "na_ion",
  "task": "rul",
  "model": "ic2ml",
  "splits": [
    {
      "mae": 25.44900790127841,
      "mse": 1140.4718984796273,
      "rmse": 33.770873522602685,
      "mape": 0.6907725639504171,
      "acc15": 0.2727272727272727
    },
    {
      "mae": 33.05244515158913,
      "mse": 1425.6668156840235,
      "rmse": 37.75800333285678,
      "mape": 0.5004617263333526,
      "acc15": 0.09090909090909091
    },
    {
      "mae": 19.00774418223988,
      "mse": 418.79389082608463,
      "rmse": 20.464454325148388,
      "mape": 1.5065510839166505,
      "acc15": 0.2727272727272727
    }
  ],
  "mean": {
    "mae": 25.83639907836914,
    "mse": 994.9775349965785,
    "rmse": 30.66444372686928,
    "mape": 0.8992617914001401,
    "acc15": 0.21212121212121213
  },
  "std": {
    "mae": 5.740264818088434,
    "mse": 423.7331936151948,
    "rmse": 7.3938775969206745,
    "mape": 0.4363903201894148,
    "acc15": 0.08570991287109667
  }
}