{
  "domain": "li_ion",
  "task": "soh_point",
  "model": "ic2ml",
  "splits": [
    {
      "mae": 0.021846856333707507,
      "mse": 0.0009168431757250987,
      "rmse": 0.03027941835182933,
      "mape": 0.02355666807307605
    },
    {
      "mae": 0.0208156912734634,
      "mse": 0.0009549262573995337,
      "rmse": 0.030901881130434985,
      "mape": 0.022491334160284773
    },
    {
      "mae": 0.027062948204969104,
      "mse": 0.0011854769964536956,
      "rmse": 0.03443075654779743,
      "mape": 0.02829850317936699
    }
  ],
  "mean": {
    "mae": 0.02324183193738,
    "mse": 0.0010190821431927761,
    "rmse": 0.03187068534335392,
    "mape": 0.024782168470909267
  },
  "std": {
    "mae": 0.002734534999250952,
    "mse": 0.00011868169100932022,
    "rmse": 0.001827993144872819,
    "mape": 0.002524175300682596
  }
}