{
  "domain": "li_ion",
  "task": "soh_point",
  "model": "ic2ml",
  "splits": [
    {
      "mae": 0.01901377149318394,
      "mse": 0.000612588230389519,
      "rmse": 0.024750519800390437,
      "mape": 0.02015182308535771
    },
    {
      "mae": 0.013633320990361665,
      "mse": 0.000421841759952588,
      "rmse": 0.020538786720558446,
      "mape": 0.01462618091656294
    },
    {
      "mae": 0.016144239980923503,
      "mse": 0.000468197214944814,
      "rmse": 0.021637865304710954,
      "mape": 0.016795629307451775
    }
  ],
  "mean": {
    "mae": 0.01626377748815637,
    "mse": 0.0005008757350956403,
    "rmse": 0.022309057275219948,
    "mape": 0.017191211103124143
  },
  "std": {
    "mae": 0.002198185435771469,
    "mse": 8.122794369539227e-05,
    "rmse": 0.0017837316464637785,
    "mape": 0.002273110066581507
  }
}