{
  "domain": "li_ion",
  "task": "soh_point",
  "model": "ic2ml",
  "splits": [
    {
      "mae": 0.011530844711739084,
      "mse": 0.0003846856791930226,
      "rmse": 0.019613405599054504,
      "mape": 0.012383267849815367
    },
    {
      "mae": 0.011503928718359573,
      "mse": 0.000337271039267713,
      "rmse": 0.018364940491809742,
      "mape": 0.012218454155245815
    },
    {
      "mae": 0.01351953354002773,
      "mse": 0.0005097968083778202,
      "rmse": 0.02257868039496153,
      "mape": 0.014674930141900123
    }
  ],
  "mean": {
    "mae": 0.01218476899004213,
    "mse": 0.00041058450894618524,
    "rmse": 0.020185675495275255,
    "mape": 0.013092217382320434
  },
  "std": {
    "mae": 0.0009438850285208109,
    "mse": 7.277521230334764e-05,
    "rmse": 0.0017672050660942533,
    "mape": 0.0011211677388573277
  }
}