{
  "domain": "li_ion",
  "task": "soh_point",
  "model": "ic2ml",
  "splits": [
    {
      "mae": 0.009654541542561807,
      "mse": 0.00024934668812560983,
      "rmse": 0.015790715250602484,
      "mape": 0.010222835114376983
    },
    {
      "mae": 0.009407923363127473,
      "mse": 0.0002151661873818587,
      "rmse": 0.014668544146637685,
      "mape": 0.009904295395747395
    },
    {
      "mae": 0.009853990929329962,
      "mse": 0.0002430852782226457,
      "rmse": 0.015591192328447677,
      "mape": 0.010441566389064561
    }
  ],
  "mean": {
    "mae": 0.00963881861167308,
    "mse": 0.00023586605124337138,
    "rmse": 0.01535015057522928,
    "mape": 0.01018956563306298
  },
  "std": {
    "mae": 0.00018244538236826156,
    "mse": 1.485854605733917e-05,
    "rmse": 0.0004888031926650658,
    "mape": 0.00022059793570382082
  }
}