{
  "domain": "zn_ion",
  "task": "soh_traj",
  "model": "cnn",
  "splits": [
    {
      "mae": 0.0702942326168856,
      "mse": 0.010487917098046471,
      "rmse": 0.10241053216367188,
      "mape": 0.08954859942398077
    },
    {
      "mae": 0.06277714426829781,
      "mse": 0.0066888693231152985,
      "rmse": 0.08178550802627137,
      "mape": 0.07615362024051513
    },
    {
      "mae": 0.059208851218957914,
      "mse": 0.007768303613518697,
      "rmse": 0.08813798053914497,
      "mape": 0.08613127217279701
    }
  ],
  "mean": {
    "mae": 0.0640934093680471,
    "mse": 0.008315030011560157,
    "rmse": 0.09077800690969606,
    "mape": 0.08394449727909763
  },
  "std": {
    "mae": 0.004620305584698469,
    "mse": 0.0015984103175319564,
    "rmse": 0.008624585385010009,
    "mape": 0.005682889825793149
  }
}