{
  "domain": "zn_ion",
  "task": "soh_traj",
  "model": "cnn",
  "splits": [
    {
      "mae": 0.03761820188307111,
      "mse": 0.002764765055768299,
      "rmse": 0.05258103323222452,
      "mape": 0.04037138334124977
    },
    {
      "mae": 0.03351100840242911,
      "mse": 0.002030257678055595,
      "rmse": 0.04505838077489686,
      "mape": 0.03646465284983569
    },
    {
      "mae": 0.029601962260315518,
      "mse": 0.0018870730641747584,
      "rmse": 0.04344045423536405,
      "mape": 0.032612784560197235
    }
  ],
  "mean": {
    "mae": 0.033577057515271916,
    "mse": 0.0022273652659995508,
    "rmse": 0.04702662274749514,
    "mape": 0.03648294025042756
  },
  "std": {
    "mae": 0.003272949361696031,
    "mse": 0.00038446877545142053,
    "rmse": 0.003982715024242036,
    "mape": 0.003167461084538927
  }
}