{
  "domain": "zn_ion",
  "task": "soh_traj",
  "model": "cnn",
  "splits": [
    {
      "mae": 0.04216827510345641,
      "mse": 0.002969198602335337,
      "rmse": 0.05449035329611414,
      "mape": 0.04482420476697359
    },
    {
      "mae": 0.035770607668880364,
      "mse": 0.002299407128619448,
      "rmse": 0.047952133723322965,
      "mape": 0.03821042523271439
    },
    {
      "mae": 0.029456818266027227,
      "mse": 0.0017395228598930858,
      "rmse": 0.04170758755781837,
      "mape": 0.032386612150525934
    }
  ],
  "mean": {
    "mae": 0.035798567012787996,
    "mse": 0.002336042863615957,
    "rmse": 0.04805002485908516,
    "mape": 0.03847374738340464
  },
  "std": {
    "mae": 0.005189468182523785,
    "mse": 0.0005026809728490999,
    "rmse": 0.005219001308416686,
    "mape": 0.005081038702172447
  }
}