{
  "domain": "zn_ion",
  "task": "soh_traj",
  "model": "cnn",
  "splits": [
    {
      "mae": 0.08977869773152514,
      "mse": 0.016205296516741418,
      "rmse": 0.1273000255959967,
      "mape": 0.11742867659646798
    },
    {
      "mae": 0.09156812369307876,
      "mse": 0.015537090074708862,
      "rmse": 0.12464786430063238,
      "mape": 0.1161027679399199
    },
    {
      "mae": 0.10038567076515925,
      "mse": 0.018368668014709086,
      "rmse": 0.1355310592252163,
      "mape": 0.14673331188665378
    }
  ],
  "mean": {
    "mae": 0.09391083072992105,
    "mse": 0.01670368486871979,
    "rmse": 0.1291596497072818,
    "mape": 0.12675491880768056
  },
  "std": {
    "mae": 0.0046363186854380565,
    "mse": 0.0012085119278448088,
    "rmse": 0.004633546828516067,
    "mape": 0.014137223936705804
  }
}