{
  "domain": "li_ion",
  "task": "soh_traj",
  "model": "patchtst",
  "splits": [
    {
      "mae": 0.030663806443000877,
      "mse": 0.0017144774923269345,
      "rmse": 0.041406249435646,
      "mape": 0.03325887266677675
    },
    {
      "mae": 0.03455962875496863,
      "mse": 0.0019955074610630646,
      "rmse": 0.044671103199530056,
      "mape": 0.03739593797670426
    },
    {
      "mae": 0.031327623449816454,
      "mse": 0.0017125821147741492,
      "rmse": 0.041383355528209036,
      "mape": 0.03420909246066506
    }
  ],
  "mean": {
    "mae": 0.03218368621592865,
    "mse": 0.001807522356054716,
    "rmse": 0.042486902721128365,
    "mape": 0.03495463436804869
  },
  "std": {
    "mae": 0.0017017619234681836,
    "mse": 0.00013292779466754812,
    "rmse": 0.0015444912496001331,
    "mape": 0.0017693128414538663
  }
}