{
  "domain": "li_ion",
  "task": "soh_traj",
  "model": "patchtst",
  "splits": [
    {
      "mae": 0.031082001524956875,
      "mse": 0.0017338510566371334,
      "rmse": 0.04163953718087094,
      "mape": 0.0341040772913058
    },
    {
      "mae": 0.033560309931200294,
      "mse": 0.0018882822042659408,
      "rmse": 0.04345436921951509,
      "mape": 0.03642296764646273
    },
    {
      "mae": 0.03130373038710341,
      "mse": 0.001715035197211715,
      "rmse": 0.041412983437706045,
      "mape": 0.03418773421464103
    }
  ],
  "mean": {
    "mae": 0.031982013947753525,
    "mse": 0.0017790561527049296,
    "rmse": 0.04216896327936403,
    "mape": 0.034904926384136524
  },
  "std": {
    "mae": 0.0011196888200449122,
    "mse": 7.761553494065374e-05,
    "rmse": 0.0009136129643225086,
    "mape": 0.0010739604511027373
  }
}