{
  "domain": "li_ion",
  "task": "soh_traj",
  "model": "patchtst",
  "splits": [
    {
      "mae": 0.05188059451474763,
      "mse": 0.0072205059217364965,
      "rmse": 0.08497356013335264,
      "mape": 0.46604888316548626
    },
    {
      "mae": 0.05774406412271905,
      "mse": 0.011194259782987034,
      "rmse": 0.10580292899058624,
      "mape": 0.3858070446254163
    },
    {
      "mae": 0.04775276209700225,
      "mse": 0.007902509227107538,
      "rmse": 0.08889605855777599,
      "mape": 0.9132983441982909
    }
  ],
  "mean": {
    "mae": 0.052459140244822976,
    "mse": 0.008772424977277022,
    "rmse": 0.09322418256057163,
    "mape": 0.5883847573297312
  },
  "std": {
    "mae": 0.004099395517521615,
    "mse": 0.0017349822279100523,
    "rmse": 0.009037519747709362,
    "mape": 0.2320722837995632
  }
}