{
  "domain": "li_ion",
  "task": "soh_traj",
  "model": "patchtst",
  "splits": [
    {
      "mae": 0.08904457278262154,
      "mse": 0.018760889087417056,
      "rmse": 0.1369703949304997,
      "mape": 0.4323868556335414
    },
    {
      "mae": 0.07897091384650558,
      "mse": 0.01473590313914105,
      "rmse": 0.1213915282840654,
      "mape": 0.2516619631851335
    },
    {
      "mae": 0.07079966032923625,
      "mse": 0.013473049455843966,
      "rmse": 0.11607346576993369,
      "mape": 0.8353276227251758
    }
  ],
  "mean": {
    "mae": 0.07960504898612113,
    "mse": 0.015656613894134024,
    "rmse": 0.12481179632816626,
    "mape": 0.5064588138479502
  },
  "std": {
    "mae": 0.007461939119710319,
    "mse": 0.0022547864958909905,
    "rmse": 0.008867321549959029,
    "mape": 0.24396911249427455
  }
}