{
  "domain": "li_ion",
  "task": "soh_traj",
  "model": "patchtst",
  "splits": [
    {
      "mae": 0.03813659954940173,
      "mse": 0.0024275863942274877,
      "rmse": 0.049270542865159174,
      "mape": 0.04080116564345964
    },
    {
      "mae": 0.04113559621909403,
      "mse": 0.0028296722455641555,
      "rmse": 0.053194663694436074,
      "mape": 0.04376969995898027
    },
    {
      "mae": 0.03933647761605109,
      "mse": 0.002675648681925015,
      "rmse": 0.051726672828677225,
      "mape": 0.04210409509644622
    }
  ],
  "mean": {
    "mae": 0.03953622446151561,
    "mse": 0.002644302440572219,
    "rmse": 0.051397293129424156,
    "mape": 0.042224986899628704
  },
  "std": {
    "mae": 0.0012324553698237644,
    "mse": 0.00016564057090880845,
    "rmse": 0.0016188574799121422,
    "mape": 0.0012149101795780137
  }
}