{
  "domain": "zn_ion",
  "task": "rul",
  "model": "micn",
  "splits": [
    {
      "mae": 367.42811648050946,
      "mse": 312512.256834513,
      "rmse": 559.0279571135177,
      "mape": 2.5023138620559724,
      "acc15": 0.08333333333333333
    },
    {
      "mae": 359.99102147420246,
      "mse": 275869.5149695413,
      "rmse": 525.232819775708,
      "mape": 5.627270156189055,
      "acc15": 0.041666666666666664
    },
    {
      "mae": 288.91021792093915,
      "mse": 188091.09000826825,
      "rmse": 433.6946967721282,
      "mape": 9.15910369213121,
      "acc15": 0.0
    }
  ],
  "mean": {
    "mae": 338.77645195855035,
    "mse": 258824.28727077416,
    "rmse": 505.985157887118,
    "mape": 5.7628959034587455,
    "acc15": 0.041666666666666664
  },
  "std": {
    "mae": 35.39122837044579,
    "mse": 52205.11807015457,
    "rmse": 52.94626775064029,
    "mape": 2.7193146768919703,
    "acc15": 0.034020690871988585
  }
}