{
  "domain": "zn_ion",
  "task": "rul",
  "model": "micn",
  "splits": [
    {
      "mae": 212.27657808002672,
      "mse": 94395.12059077172,
      "rmse": 307.2378892499617,
      "mape": 0.5241164795962223,
      "acc15": 0.1863157894736842
    },
    {
      "mae": 220.90176008525648,
      "mse": 116638.22995871554,
      "rmse": 341.52339591705214,
      "mape": 0.34455778666363146,
      "acc15": 0.3173684210526316
    },
    {
      "mae": 173.89442931225426,
      "mse": 71460.86439426224,
      "rmse": 267.32164969239255,
      "mape": 0.6345723976085025,
      "acc15": 0.18421052631578946
    }
  ],
  "mean": {
    "mae": 202.35758915917916,
    "mse": 94164.73831458318,
    "rmse": 305.36097828646876,
    "mape": 0.501082221289452,
    "acc15": 0.22929824561403508
  },
  "std": {
    "mae": 20.43219750801062,
    "mse": 18444.30168247001,
    "rmse": 30.321795041090557,
    "mape": 0.11951304372935892,
    "acc15": 0.06228094885051057
  }
}