{
  "domain": "zn_ion",
  "task": "rul",
  "model": "micn",
  "splits": [
    {
      "mae": 103.66475018149929,
      "mse": 34992.75357523287,
      "rmse": 187.06350145133302,
      "mape": 0.2718984414225342,
      "acc15": 0.4731578947368421
    },
    {
      "mae": 222.37757720947266,
      "mse": 117742.39575667927,
      "rmse": 343.13611840883095,
      "mape": 0.38775359131533255,
      "acc15": 0.20684210526315788
    },
    {
      "mae": 224.06131542933613,
      "mse": 101341.9756141793,
      "rmse": 318.3425444614328,
      "mape": 1.0073606029508857,
      "acc15": 0.16105263157894736
    }
  ],
  "mean": {
    "mae": 183.3678809401027,
    "mse": 84692.37498203048,
    "rmse": 282.8473881071989,
    "mape": 0.5556708785629175,
    "acc15": 0.2803508771929824
  },
  "std": {
    "mae": 56.36281595248491,
    "mse": 35775.06320699649,
    "rmse": 68.48160353676063,
    "mape": 0.3228759403418282,
    "acc15": 0.1376107517255051
  }
}