{
  "domain": "zn_ion",
  "task": "rul",
  "model": "micn",
  "splits": [
    {
      "mae": 218.7760410308838,
      "mse": 98199.34325860422,
      "rmse": 313.36774444509155,
      "mape": 1.2561097799852126,
      "acc15": 0.0
    },
    {
      "mae": 207.01763470967612,
      "mse": 67178.32258116058,
      "rmse": 259.187813334579,
      "mape": 5.451949502462244,
      "acc15": 0.041666666666666664
    },
    {
      "mae": 126.11687072118123,
      "mse": 33377.52263023046,
      "rmse": 182.6951631276276,
      "mape": 3.523860278223332,
      "acc15": 0.125
    }
  ],
  "mean": {
    "mae": 183.97018215391373,
    "mse": 66251.72948999843,
    "rmse": 251.75024030243276,
    "mape": 3.41063985355693,
    "acc15": 0.05555555555555555
  },
  "std": {
    "mae": 41.189151181698364,
    "mse": 26471.507178621414,
    "rmse": 53.60546611741934,
    "mape": 1.7148142547810172,
    "acc15": 0.05196746370519363
  }
}