{
  "domain": "zn_ion",
  "task": "soh_point",
  "model": "mlp",
  "splits": [
    {
      "mae": 0.016643888197447124,
      "mse": 0.0011511885919487392,
      "rmse": 0.03392917022193056,
      "mape": 0.01803456305041451
    },
    {
      "mae": 0.015643077524084795,
      "mse": 0.0007855392094161685,
      "rmse": 0.028027472405055872,
      "mape": 0.01655337711668831
    },
    {
      "mae": 0.023789297906976,
      "mse": 0.0015338743375962294,
      "rmse": 0.03916470780685373,
      "mape": 0.0257182307932972
    }
  ],
  "mean": {
    "mae": 0.018692087876169303,
    "mse": 0.0011568673796537123,
    "rmse": 0.03370711681128005,
    "mape": 0.020102056986800006
  },
  "std": {
    "mae": 0.003627356068782171,
    "mse": 0.00030553292511000695,
    "rmse": 0.004549467652861597,
    "mape": 0.004017008348772004
  }
}