{
  "domain": "zn_ion",
  "task": "soh_point",
  "model": "mlp",
  "splits": [
    {
      "mae": 0.01843366069240475,
      "mse": 0.0013084300103307332,
      "rmse": 0.036172227057934006,
      "mape": 0.020006027280903692
    },
    {
      "mae": 0.026887530481168466,
      "mse": 0.0021669870435811357,
      "rmse": 0.04655090808546204,
      "mape": 0.02959677703656401
    },
    {
      "mae": 0.025704501699115232,
      "mse": 0.0018768694621933112,
      "rmse": 0.0433228515011802,
      "mape": 0.027968337778966897
    }
  ],
  "mean": {
    "mae": 0.023675230957562816,
    "mse": 0.0017840955053683933,
    "rmse": 0.04201532888152542,
    "mape": 0.0258570473654782
  },
  "std": {
    "mae": 0.003737684970516152,
    "mse": 0.0003565906150706035,
    "rmse": 0.004336778106572841,
    "mape": 0.0041903683709582995
  }
}