{
  "domain": "zn_ion",
  "task": "soh_point",
  "model": "mlp",
  "splits": [
    {
      "mae": 0.04729317128658295,
      "mse": 0.0035406802129533213,
      "rmse": 0.05950361512507724,
      "mape": 0.050844281562439864
    },
    {
      "mae": 0.1504150554537773,
      "mse": 0.03413980526185911,
      "rmse": 0.18476960048086674,
      "mape": 0.1578123118778693
    },
    {
      "mae": 0.08430038144191106,
      "mse": 0.009122351299615842,
      "rmse": 0.09551100093505377,
      "mape": 0.09064070521209382
    }
  ],
  "mean": {
    "mae": 0.09400286939409043,
    "mse": 0.01560094559147609,
    "rmse": 0.11326140551366592,
    "mape": 0.09976576621746765
  },
  "std": {
    "mae": 0.04265469456691102,
    "mse": 0.013305531467239147,
    "rmse": 0.052657379469026176,
    "mape": 0.0441436286920661
  }
}