{
  "domain": "zn_ion",
  "task": "soh_point",
  "model": "mlp",
  "splits": [
    {
      "mae": 0.03149748841921488,
      "mse": 0.0029723229397609074,
      "rmse": 0.054519014478995376,
      "mape": 0.0354864307724395
    },
    {
      "mae": 0.040482776860396065,
      "mse": 0.0045055590576625155,
      "rmse": 0.06712346130573509,
      "mape": 0.04662852690132397
    },
    {
      "mae": 0.04822715371847153,
      "mse": 0.00671917358931351,
      "rmse": 0.08197056538363945,
      "mape": 0.056934698546110885
    }
  ],
  "mean": {
    "mae": 0.040069139666027494,
    "mse": 0.004732351862245645,
    "rmse": 0.06787101372278997,
    "mape": 0.04634988540662479
  },
  "std": {
    "mae": 0.006836117175351898,
    "mse": 0.0015380287556200415,
    "rmse": 0.011219507943154182,
    "mape": 0.008758435112686275
  }
}