{
  "domain": "na_ion",
  "task": "rul",
  "model": "cnn",
  "splits": [
    {
      "mae": 15.747874173251065,
      "mse": 589.0410713670743,
      "rmse": 24.270168342371964,
      "mape": 0.5763410866343546,
      "acc15": 0.6363636363636364
    },
    {
      "mae": 14.245616566051137,
      "mse": 274.8407927185974,
      "rmse": 16.57832297666436,
      "mape": 0.24882011221598388,
      "acc15": 0.7272727272727273
    },
    {
      "mae": 19.57752158425071,
      "mse": 825.361840748207,
      "rmse": 28.7291113811097,
      "mape": 3.482070806562693,
      "acc15": 0.6363636363636364
    }
  ],
  "mean": {
    "mae": 16.523670774517637,
    "mse": 563.0812349446263,
    "rmse": 23.19253423338201,
    "mape": 1.4357440018043437,
    "acc15": 0.6666666666666666
  },
  "std": {
    "mae": 2.244801113042909,
    "mse": 225.49765839318616,
    "rmse": 5.018724018914553,
    "mape": 1.4531362728194435,
    "acc15": 0.04285495643554835
  }
}