{
  "domain": "na_ion",
  "task": "rul",
  "model": "cnn",
  "splits": [
    {
      "mae": 40.45345212300619,
      "mse": 2137.9511831397076,
      "rmse": 46.23798420281433,
      "mape": 0.2374569626578293,
      "acc15": 0.3383333333333333
    },
    {
      "mae": 20.200997111002604,
      "mse": 527.8178023236995,
      "rmse": 22.974285676027,
      "mape": 0.13791054437855488,
      "acc15": 0.765
    },
    {
      "mae": 41.650110702514645,
      "mse": 1920.0489233739306,
      "rmse": 43.81836285592983,
      "mape": 0.2134378624574453,
      "acc15": 0.22
    }
  ],
  "mean": {
    "mae": 34.10151997884115,
    "mse": 1528.605969612446,
    "rmse": 37.676877578257056,
    "mape": 0.1962684564979432,
    "acc15": 0.44111111111111106
  },
  "std": {
    "mae": 9.841287176599561,
    "mse": 713.2335127392869,
    "rmse": 10.44312527768756,
    "mape": 0.04241433502806731,
    "acc15": 0.23406367182699625
  }
}