{
  "domain": "na_ion",
  "task": "rul",
  "model": "cnn",
  "splits": [
    {
      "mae": 49.21204029430043,
      "mse": 4184.817505048218,
      "rmse": 64.69016544304256,
      "mape": 2.3931177375075228,
      "acc15": 0.36363636363636365
    },
    {
      "mae": 63.25750524347479,
      "mse": 4465.953675702863,
      "rmse": 66.827791192758,
      "mape": 0.6932846417081129,
      "acc15": 0.0
    },
    {
      "mae": 50.36889162930575,
      "mse": 3462.862475912219,
      "rmse": 58.846091424258745,
      "mape": 6.518383439352816,
      "acc15": 0.0
    }
  ],
  "mean": {
    "mae": 54.279479055693656,
    "mse": 4037.8778855544333,
    "rmse": 63.45468268668643,
    "mape": 3.2015952728561508,
    "acc15": 0.12121212121212122
  },
  "std": {
    "mae": 6.365966379856178,
    "mse": 422.48584008389514,
    "rmse": 3.37359314179558,
    "mape": 2.4458360458069666,
    "acc15": 0.17141982574219336
  }
}