{
  "domain": "zn_ion",
  "task": "soh_traj",
  "model": "mlp",
  "splits": [
    {
      "mae": 0.04062904382761378,
      "mse": 0.0026609728065113258,
      "rmse": 0.05158461792541771,
      "mape": 0.044260226839684357
    },
    {
      "mae": 0.044645415226156504,
      "mse": 0.0029537960443642426,
      "rmse": 0.05434883664223405,
      "mape": 0.047570926832503864
    },
    {
      "mae": 0.04439413178879827,
      "mse": 0.002748332620348981,
      "rmse": 0.05242454215678932,
      "mape": 0.04749613099481408
    }
  ],
  "mean": {
    "mae": 0.043222863614189526,
    "mse": 0.0027877004904081834,
    "rmse": 0.052785998908147024,
    "mape": 0.0464424282223341
  },
  "std": {
    "mae": 0.0018369742613686786,
    "mse": 0.00012274291303754947,
    "rmse": 0.0011570694349450235,
    "mape": 0.0015433514959685996
  }
}