{
  "domain": "zn_ion",
  "task": "soh_traj",
  "model": "mlp",
  "splits": [
    {
      "mae": 0.12114760592048926,
      "mse": 0.02533670535162252,
      "rmse": 0.15917507767116848,
      "mape": 0.15560971164162476
    },
    {
      "mae": 0.0912705976128173,
      "mse": 0.015574321673187713,
      "rmse": 0.12479712205490844,
      "mape": 0.12265966345213722
    },
    {
      "mae": 0.13780709505105115,
      "mse": 0.02664751754766128,
      "rmse": 0.1632406736927451,
      "mape": 0.1803148476416119
    }
  ],
  "mean": {
    "mae": 0.11674176619478589,
    "mse": 0.022519514857490503,
    "rmse": 0.149070957806274,
    "mape": 0.15286140757845798
  },
  "std": {
    "mae": 0.019252185438214987,
    "mse": 0.004940063321374566,
    "rmse": 0.017244256905143224,
    "mape": 0.02361771859428534
  }
}