{
  "domain": "zn_ion",
  "task": "soh_traj",
  "model": "mlp",
  "splits": [
    {
      "mae": 0.08924934696964563,
      "mse": 0.01547657907203869,
      "rmse": 0.12440489971073763,
      "mape": 0.11586647698865123
    },
    {
      "mae": 0.08850738624658046,
      "mse": 0.014277076649358964,
      "rmse": 0.11948672164453657,
      "mape": 0.11300976895820569
    },
    {
      "mae": 0.0989218665501593,
      "mse": 0.016762195301555507,
      "rmse": 0.1294688970430949,
      "mape": 0.14098704789614044
    }
  ],
  "mean": {
    "mae": 0.09222619992212848,
    "mse": 0.015505283674317721,
    "rmse": 0.1244535061327897,
    "mape": 0.12328776461433244
  },
  "std": {
    "mae": 0.004744230891228998,
    "mse": 0.0010147484563568085,
    "rmse": 0.0040753509754861824,
    "mape": 0.01256950454367153
  }
}