{
  "domain": "zn_ion",
  "task": "soh_traj",
  "model": "mlp",
  "splits": [
    {
      "mae": 0.049862112584116096,
      "mse": 0.0034345221472619715,
      "rmse": 0.05860479628206186,
      "mape": 0.0532026560976143
    },
    {
      "mae": 0.04517458990491304,
      "mse": 0.0031822370054542877,
      "rmse": 0.05641131983435849,
      "mape": 0.048155524476898436
    },
    {
      "mae": 0.043223967342956394,
      "mse": 0.002746393200004837,
      "rmse": 0.05240604163648345,
      "mape": 0.046496792213576124
    }
  ],
  "mean": {
    "mae": 0.04608688994399518,
    "mse": 0.0031210507842403656,
    "rmse": 0.0558073859176346,
    "mape": 0.04928499092936295
  },
  "std": {
    "mae": 0.00278573288760962,
    "mse": 0.00028423954365186684,
    "rmse": 0.0025664101933566114,
    "mape": 0.002851774121284734
  }
}