{
  "domain": "calb",
  "task": "soh_traj",
  "model": "bigru",
  "splits": [
    {
      "mae": 0.06482730357333867,
      "mse": 0.0059676892627158066,
      "rmse": 0.07725082046629542,
      "mape": 0.06482730357333867
    },
    {
      "mae": 0.015394458746669268,
      "mse": 0.0003881899317226765,
      "rmse": 0.01970253617488562,
      "mape": 0.015395847114053935
    },
    {
      "mae": 0.03806245375161219,
      "mse": 0.0026858638920447824,
      "rmse": 0.05182532095457569,
      "mape": 0.03806363853645622
    }
  ],
  "mean": {
    "mae": 0.03942807202387338,
    "mse": 0.0030139143621610884,
    "rmse": 0.04959289253191892,
    "mape": 0.039428929741282946
  },
  "std": {
    "mae": 0.020203963668276318,
    "mse": 0.0022896020075325817,
    "rmse": 0.0235469610030388,
    "mape": 0.0202033864649308
  }
}