{
  "domain": "calb",
  "task": "soh_traj",
  "model": "bigru",
  "splits": [
    {
      "mae": 0.005643068508366624,
      "mse": 6.179953933128998e-05,
      "rmse": 0.007861268302970582,
      "mape": 0.005954565057412057
    },
    {
      "mae": 0.0069592553844586,
      "mse": 0.00014632334918014407,
      "rmse": 0.01209641885766792,
      "mape": 0.007205583702622354
    },
    {
      "mae": 0.006315134274825709,
      "mse": 0.00017220396768023776,
      "rmse": 0.013122650939510575,
      "mape": 0.006527493656006752
    }
  ],
  "mean": {
    "mae": 0.006305819389216978,
    "mse": 0.00012677561873055727,
    "rmse": 0.011026779366716359,
    "mape": 0.006562547472013721
  },
  "std": {
    "mae": 0.0005373714100567788,
    "mse": 4.714424513527084e-05,
    "rmse": 0.0022772254012977384,
    "mape": 0.000511327351233004
  }
}