{
  "domain": "calb",
  "task": "soh_traj",
  "model": "bigru",
  "splits": [
    {
      "mae": 0.007110658732806535,
      "mse": 0.0001779989351739046,
      "rmse": 0.013341624158021564,
      "mape": 0.00738097432680186
    },
    {
      "mae": 0.00685965892496323,
      "mse": 0.0001013897794545431,
      "rmse": 0.010069249200141146,
      "mape": 0.007092847533552998
    },
    {
      "mae": 0.005927442167423458,
      "mse": 7.800633952690657e-05,
      "rmse": 0.008832119764071736,
      "mape": 0.006194570436070107
    }
  ],
  "mean": {
    "mae": 0.006632586608397741,
    "mse": 0.00011913168471845143,
    "rmse": 0.010747664374078147,
    "mape": 0.006889464098808321
  },
  "std": {
    "mae": 0.0005090328986500085,
    "mse": 4.270605888201451e-05,
    "rmse": 0.0019024708199136167,
    "mape": 0.0005052472425339676
  }
}