{
  "domain": "calb",
  "task": "soh_traj",
  "model": "bigru",
  "splits": [
    {
      "mae": 0.009395921350729586,
      "mse": 0.00013984794281804162,
      "rmse": 0.011825732231791891,
      "mape": 0.009395921350729586
    },
    {
      "mae": 0.010911185572845768,
      "mse": 0.00018232689781737835,
      "rmse": 0.013502847766948213,
      "mape": 0.010911711998696472
    },
    {
      "mae": 0.012728705550685074,
      "mse": 0.00027745159192124787,
      "rmse": 0.016656878216558105,
      "mape": 0.012729418501601442
    }
  ],
  "mean": {
    "mae": 0.011011937491420142,
    "mse": 0.00019987547751888928,
    "rmse": 0.013995152738432737,
    "mape": 0.011012350617009165
  },
  "std": {
    "mae": 0.0013624673311534356,
    "mse": 5.75306037327658e-05,
    "rmse": 0.002002792387350215,
    "mape": 0.0013627538081252026
  }
}