{
  "domain": "li_ion",
  "task": "soh_point",
  "model": "bilstm",
  "splits": [
    {
      "mae": 0.013060490943883596,
      "mse": 0.00034465776907902237,
      "rmse": 0.018564960788512924,
      "mape": 0.014058014765891934
    },
    {
      "mae": 0.010977018820612054,
      "mse": 0.00038586439499643213,
      "rmse": 0.019643431344763373,
      "mape": 0.011975811460354983
    },
    {
      "mae": 0.007188375843198676,
      "mse": 0.00010268049720043699,
      "rmse": 0.010133138566132262,
      "mape": 0.0076111767050181175
    }
  ],
  "mean": {
    "mae": 0.010408628535898109,
    "mse": 0.0002777342204252972,
    "rmse": 0.016113843566469523,
    "mape": 0.011215000977088344
  },
  "std": {
    "mae": 0.002430738512707728,
    "mse": 0.0001249195768378968,
    "rmse": 0.004251854411976739,
    "mape": 0.002686330171984217
  }
}