{
  "domain": "li_ion",
  "task": "soh_point",
  "model": "bilstm",
  "splits": [
    {
      "mae": 0.010108574923207339,
      "mse": 0.00022062797508256633,
      "rmse": 0.014853550925033593,
      "mape": 0.010676286357725124
    },
    {
      "mae": 0.008924534460185197,
      "mse": 0.0001769012659368013,
      "rmse": 0.013300423524715343,
      "mape": 0.009400830713170345
    },
    {
      "mae": 0.009849092235293367,
      "mse": 0.0002122480122928973,
      "rmse": 0.01456873406624259,
      "mape": 0.010341643618868529
    }
  ],
  "mean": {
    "mae": 0.009627400539561968,
    "mse": 0.00020325908443742167,
    "rmse": 0.014240902838663841,
    "mape": 0.010139586896587999
  },
  "std": {
    "mae": 0.0005081655638901031,
    "mse": 1.8949175728296505e-05,
    "rmse": 0.000675107974443927,
    "mape": 0.0005399487411293318
  }
}