{
  "domain": "li_ion",
  "task": "soh_point",
  "model": "bilstm",
  "splits": [
    {
      "mae": 0.012466299028500267,
      "mse": 0.0003435198058528996,
      "rmse": 0.018534287303613797,
      "mape": 0.013320071106130281
    },
    {
      "mae": 0.012135497910389002,
      "mse": 0.00028125570848187696,
      "rmse": 0.016770680024431835,
      "mape": 0.012814589886577984
    },
    {
      "mae": 0.014087153033933777,
      "mse": 0.0004331636446464987,
      "rmse": 0.020812583805152562,
      "mape": 0.015171755930744206
    }
  ],
  "mean": {
    "mae": 0.012896316657607682,
    "mse": 0.0003526463863270917,
    "rmse": 0.01870585037773273,
    "mape": 0.013768805641150824
  },
  "std": {
    "mae": 0.0008528093969627739,
    "mse": 6.235102843745577e-05,
    "rmse": 0.0016545537080941155,
    "mape": 0.0010132719122172605
  }
}