{
  "domain": "li_ion",
  "task": "soh_point",
  "model": "bilstm",
  "splits": [
    {
      "mae": 0.018910474290973263,
      "mse": 0.0006547691782927572,
      "rmse": 0.025588457911581097,
      "mape": 0.020364839426659107
    },
    {
      "mae": 0.022760075566015746,
      "mse": 0.0010266916747206512,
      "rmse": 0.03204202981586297,
      "mape": 0.02424508803495713
    },
    {
      "mae": 0.01916379285486121,
      "mse": 0.0007442406195845925,
      "rmse": 0.027280773808391,
      "mape": 0.020333769655457985
    }
  ],
  "mean": {
    "mae": 0.020278114237283405,
    "mse": 0.000808567157532667,
    "rmse": 0.02830375384527835,
    "mape": 0.02164789903902474
  },
  "std": {
    "mae": 0.0017580560479678808,
    "mse": 0.0001585034457050866,
    "rmse": 0.0027321558884071282,
    "mape": 0.001836533753771824
  }
}