{
  "domain": "zn_ion",
  "task": "soh_point",
  "model": "lstm",
  "splits": [
    {
      "mae": 0.0152751739715275,
      "mse": 0.0013765699759251933,
      "rmse": 0.03710215594713053,
      "mape": 0.01680318222024653
    },
    {
      "mae": 0.01251483672543576,
      "mse": 0.00090333827584809,
      "rmse": 0.030055586433275428,
      "mape": 0.013512655486012359
    },
    {
      "mae": 0.02263457006529758,
      "mse": 0.0020040835539246217,
      "rmse": 0.044766991789985416,
      "mape": 0.02489906488651198
    }
  ],
  "mean": {
    "mae": 0.01680819358742028,
    "mse": 0.0014279972685659684,
    "rmse": 0.03730824472346379,
    "mape": 0.018404967530923622
  },
  "std": {
    "mae": 0.004271210802142779,
    "mse": 0.0004508463275686556,
    "rmse": 0.006007673777769936,
    "mape": 0.004784479553380369
  }
}