{
  "domain": "zn_ion",
  "task": "soh_point",
  "model": "lstm",
  "splits": [
    {
      "mae": 0.01613089857859837,
      "mse": 0.001420790030143355,
      "rmse": 0.03769336851680087,
      "mape": 0.01778499769524689
    },
    {
      "mae": 0.02582570261271425,
      "mse": 0.002587302015358018,
      "rmse": 0.050865528753351395,
      "mape": 0.02883041469137683
    },
    {
      "mae": 0.020750459150654647,
      "mse": 0.00219377349156227,
      "rmse": 0.04683773576468305,
      "mape": 0.023264883879932696
    }
  ],
  "mean": {
    "mae": 0.020902353447322424,
    "mse": 0.0020672885123545477,
    "rmse": 0.04513221101161177,
    "mape": 0.02329343208885214
  },
  "std": {
    "mae": 0.003959344240569604,
    "mse": 0.0004845522953450584,
    "rmse": 0.005511083519408552,
    "mape": 0.0045093177905882395
  }
}