{
  "domain": "zn_ion",
  "task": "soh_point",
  "model": "lstm",
  "splits": [
    {
      "mae": 0.029823665817578632,
      "mse": 0.0037730077960773656,
      "rmse": 0.06142481417210284,
      "mape": 0.03437117793873088
    },
    {
      "mae": 0.04039450983206431,
      "mse": 0.005336338372305072,
      "rmse": 0.07305024553213406,
      "mape": 0.047149021935751774
    },
    {
      "mae": 0.04947056124607722,
      "mse": 0.0076647636030293675,
      "rmse": 0.08754863564344888,
      "mape": 0.05877919407548251
    }
  ],
  "mean": {
    "mae": 0.03989624563190672,
    "mse": 0.005591369923803935,
    "rmse": 0.0740078984492286,
    "mape": 0.04676646464998838
  },
  "std": {
    "mae": 0.008028545962354522,
    "mse": 0.0015990041972909462,
    "rmse": 0.010686481691024563,
    "mape": 0.00996820196058948
  }
}