{
  "domain": "zn_ion",
  "task": "soh_point",
  "model": "lstm",
  "splits": [
    {
      "mae": 0.028995364904403687,
      "mse": 0.003875389511550272,
      "rmse": 0.062252626543385876,
      "mape": 0.03360802638925691
    },
    {
      "mae": 0.0386519655585289,
      "mse": 0.005852303857706224,
      "rmse": 0.07650035201034192,
      "mape": 0.04574775266552924
    },
    {
      "mae": 0.049895199636618294,
      "mse": 0.007667600067970219,
      "rmse": 0.08756483351191972,
      "mape": 0.059204899126005406
    }
  ],
  "mean": {
    "mae": 0.039180843366516956,
    "mse": 0.005798431145742238,
    "rmse": 0.07543927068854916,
    "mape": 0.046186892726930516
  },
  "std": {
    "mae": 0.008540513519311264,
    "mse": 0.0015486320690373783,
    "rmse": 0.010360867903898993,
    "mape": 0.010454492063876027
  }
}