{
  "domain": "na_ion",
  "task": "rul",
  "model": "itransformer",
  "splits": [
    {
      "mae": 38.68879264831543,
      "mse": 1935.2761267402034,
      "rmse": 43.9917733984458,
      "mape": 0.22784973284354582,
      "acc15": 0.33166666666666667
    },
    {
      "mae": 18.143596700032553,
      "mse": 490.8435510014197,
      "rmse": 22.154989302669946,
      "mape": 0.12070904211947105,
      "acc15": 0.63
    },
    {
      "mae": 46.1569208908081,
      "mse": 2505.257522421479,
      "rmse": 50.052547611699836,
      "mape": 0.2285555678454388,
      "acc15": 0.17166666666666666
    }
  ],
  "mean": {
    "mae": 34.32977007971869,
    "mse": 1643.7924000543674,
    "rmse": 38.733103437605195,
    "mape": 0.19237144760281855,
    "acc15": 0.37777777777777777
  },
  "std": {
    "mae": 11.844475262600264,
    "mse": 847.8160115870585,
    "rmse": 11.980780364656724,
    "mape": 0.0506737921777274,
    "acc15": 0.18993338663337916
  }
}