{
  "domain": "na_ion",
  "task": "rul",
  "model": "itransformer",
  "splits": [
    {
      "mae": 42.8367524580522,
      "mse": 2381.7559265509744,
      "rmse": 48.80323684501853,
      "mape": 1.5975688775652557,
      "acc15": 0.2727272727272727
    },
    {
      "mae": 60.25552714954723,
      "mse": 4007.974671845679,
      "rmse": 63.308567128356955,
      "mape": 0.7057451357636186,
      "acc15": 0.0
    },
    {
      "mae": 38.16237952492454,
      "mse": 1757.170105095409,
      "rmse": 41.9186128717949,
      "mape": 3.046227855862403,
      "acc15": 0.18181818181818182
    }
  ],
  "mean": {
    "mae": 47.08488637750799,
    "mse": 2715.6335678306873,
    "rmse": 51.34347228172346,
    "mape": 1.7831806230637592,
    "acc15": 0.15151515151515152
  },
  "std": {
    "mae": 9.50655122670908,
    "mse": 948.7310855157522,
    "rmse": 8.915235380324063,
    "mape": 0.9644700205537762,
    "acc15": 0.11338355717496791
  }
}