{
  "domain": "na_ion",
  "task": "rul",
  "model": "itransformer",
  "splits": [
    {
      "mae": 18.622941450639203,
      "mse": 624.7620569158938,
      "rmse": 24.99524068529635,
      "mape": 0.6032857019337695,
      "acc15": 0.45454545454545453
    },
    {
      "mae": 60.03547529740767,
      "mse": 3976.8757699058306,
      "rmse": 63.0624751330443,
      "mape": 0.7058948829741502,
      "acc15": 0.0
    },
    {
      "mae": 51.72352322665128,
      "mse": 3749.502812856491,
      "rmse": 61.233183918987024,
      "mape": 6.843916630856461,
      "acc15": 0.09090909090909091
    }
  ],
  "mean": {
    "mae": 43.46064665823272,
    "mse": 2783.713546559405,
    "rmse": 49.763633245775885,
    "mape": 2.7176990719214604,
    "acc15": 0.1818181818181818
  },
  "std": {
    "mae": 17.887720868259066,
    "mse": 1529.4287095458862,
    "rmse": 17.529813254547626,
    "mape": 2.9179771153724614,
    "acc15": 0.19638608176993513
  }
}