{
  "domain": "zn_ion",
  "task": "soh_traj",
  "model": "dlinear",
  "splits": [
    {
      "mae": 0.04886150808787454,
      "mse": 0.0033576478757216905,
      "rmse": 0.057945214433304935,
      "mape": 0.05246528294313058
    },
    {
      "mae": 0.04305495342119579,
      "mse": 0.0028088980439084396,
      "rmse": 0.05299903814135158,
      "mape": 0.04591957456198613
    },
    {
      "mae": 0.041462188692293116,
      "mse": 0.0026548368519454957,
      "rmse": 0.05152510894646896,
      "mape": 0.04466025744056624
    }
  ],
  "mean": {
    "mae": 0.04445955006712115,
    "mse": 0.002940460923858542,
    "rmse": 0.05415645384037515,
    "mape": 0.047681704981894314
  },
  "std": {
    "mae": 0.0031798480763253916,
    "mse": 0.00030162606797259147,
    "rmse": 0.0027458024863155554,
    "mape": 0.0034213480273613695
  }
}