{
  "domain": "zn_ion",
  "task": "soh_traj",
  "model": "dlinear",
  "splits": [
    {
      "mae": 0.04791760069234705,
      "mse": 0.0033202702503788246,
      "rmse": 0.05762178624772773,
      "mape": 0.051619559764171145
    },
    {
      "mae": 0.042765264862124924,
      "mse": 0.0028090983729420916,
      "rmse": 0.05300092803849846,
      "mape": 0.04560266839905516
    },
    {
      "mae": 0.04025402425239756,
      "mse": 0.0025847386158380377,
      "rmse": 0.05084032470232697,
      "mape": 0.04339485983962854
    }
  ],
  "mean": {
    "mae": 0.043645629935623174,
    "mse": 0.0029047024130529845,
    "rmse": 0.053821012996184386,
    "mape": 0.04687236266761829
  },
  "std": {
    "mae": 0.003189972095981815,
    "mse": 0.00030779516534724233,
    "rmse": 0.002828599144017449,
    "mape": 0.003475678817527046
  }
}