{
  "domain": "zn_ion",
  "task": "soh_traj",
  "model": "dlinear",
  "splits": [
    {
      "mae": 0.04271604899820808,
      "mse": 0.0026651771898195484,
      "rmse": 0.05162535413747346,
      "mape": 0.04603230593687857
    },
    {
      "mae": 0.04258787301588045,
      "mse": 0.0028750688603874047,
      "rmse": 0.05361966859639665,
      "mape": 0.045578700562856525
    },
    {
      "mae": 0.04349160905898819,
      "mse": 0.0027320216930091725,
      "rmse": 0.05226874489605784,
      "mape": 0.04673388980237583
    }
  ],
  "mean": {
    "mae": 0.042931843691025574,
    "mse": 0.002757422581072042,
    "rmse": 0.05250458920997598,
    "mape": 0.04611496543403698
  },
  "std": {
    "mae": 0.0003992578289686644,
    "mse": 8.755010823990337e-05,
    "rmse": 0.0008310793967578801,
    "mape": 0.00047521222566214894
  }
}