{
  "domain": "zn_ion",
  "task": "soh_traj",
  "model": "dlinear",
  "splits": [
    {
      "mae": 0.26725245636258904,
      "mse": 0.08576352771798362,
      "rmse": 0.292854106541096,
      "mape": 0.2980597983090467
    },
    {
      "mae": 0.26040280184831965,
      "mse": 0.07977712503437628,
      "rmse": 0.2824484466843043,
      "mape": 0.28896072981082216
    },
    {
      "mae": 0.24681148928614075,
      "mse": 0.0730986652006043,
      "rmse": 0.27036764821369497,
      "mape": 0.28440068519186573
    }
  ],
  "mean": {
    "mae": 0.25815558249901643,
    "mse": 0.07954643931765475,
    "rmse": 0.2818900671463651,
    "mape": 0.29047373777057817
  },
  "std": {
    "mae": 0.008494931032014435,
    "mse": 0.005172980931143049,
    "rmse": 0.009188545144500217,
    "mape": 0.005678012422300624
  }
}