{
  "domain": "zn_ion",
  "task": "soh_traj",
  "model": "dlinear",
  "splits": [
    {
      "mae": 0.09036210333364159,
      "mse": 0.01512493563512538,
      "rmse": 0.12298347708178274,
      "mape": 0.11598054782287665
    },
    {
      "mae": 0.08915873001691255,
      "mse": 0.013630625177182908,
      "rmse": 0.11675026842445763,
      "mape": 0.11415424619286758
    },
    {
      "mae": 0.0943219540430809,
      "mse": 0.015737407924307178,
      "rmse": 0.12544882591840856,
      "mape": 0.13753611936756724
    }
  ],
  "mean": {
    "mae": 0.09128092913121168,
    "mse": 0.014830989578871823,
    "rmse": 0.12172752380821632,
    "mape": 0.12255697112777049
  },
  "std": {
    "mae": 0.0022057351338137846,
    "mse": 0.0008848489885795529,
    "rmse": 0.0036605363530434675,
    "mape": 0.010618066550406686
  }
}