{
  "domain": "na_ion",
  "task": "soh_traj",
  "model": "autoformer",
  "splits": [
    {
      "mae": 0.011890001503782019,
      "mse": 0.0002170847459392502,
      "rmse": 0.01473379604647934,
      "mape": 0.014345973851468422
    },
    {
      "mae": 0.016288971727102145,
      "mse": 0.00041813437095924034,
      "rmse": 0.02044833418543526,
      "mape": 0.01976596594736463
    },
    {
      "mae": 0.014064520865275548,
      "mse": 0.00028628088973003127,
      "rmse": 0.016919837166179563,
      "mape": 0.0167689309471758
    }
  ],
  "mean": {
    "mae": 0.014081164698719903,
    "mse": 0.00030716666887617395,
    "rmse": 0.017367322466031388,
    "mape": 0.016960290248669616
  },
  "std": {
    "mae": 0.0017959106361041602,
    "mse": 8.339624195400232e-05,
    "rmse": 0.0023543107775005766,
    "mape": 0.0022168359383883895
  }
}