{
  "domain": "na_ion",
  "task": "soh_traj",
  "model": "autoformer",
  "splits": [
    {
      "mae": 0.015850730700076678,
      "mse": 0.0004705504639537254,
      "rmse": 0.021692175178015815,
      "mape": 0.018927520265246477
    },
    {
      "mae": 0.019229772888125763,
      "mse": 0.000588752731101988,
      "rmse": 0.024264227395529987,
      "mape": 0.02234496936631419
    },
    {
      "mae": 0.021452637682934306,
      "mse": 0.0007588077224628699,
      "rmse": 0.02754646479065635,
      "mape": 0.024831891841826773
    }
  ],
  "mean": {
    "mae": 0.01884438042371225,
    "mse": 0.0006060369725061945,
    "rmse": 0.024500955788067384,
    "mape": 0.02203479382446248
  },
  "std": {
    "mae": 0.0023031479869759864,
    "mse": 0.00011831348337218686,
    "rmse": 0.002395858505288201,
    "mape": 0.002420407345696804
  }
}