{
  "domain": "na_ion",
  "task": "soh_traj",
  "model": "autoformer",
  "splits": [
    {
      "mae": 0.04033989901323199,
      "mse": 0.002427190710883746,
      "rmse": 0.0492665272866248,
      "mape": 0.04821671487326939
    },
    {
      "mae": 0.0334016900024532,
      "mse": 0.002763968121066317,
      "rmse": 0.052573454528557634,
      "mape": 0.038609560210017116
    },
    {
      "mae": 0.04249499905846182,
      "mse": 0.002455567944833813,
      "rmse": 0.04955368749986032,
      "mape": 0.050546364231324505
    }
  ],
  "mean": {
    "mae": 0.03874552935804901,
    "mse": 0.0025489089255946256,
    "rmse": 0.05046455643834758,
    "mape": 0.045790879771537
  },
  "std": {
    "mae": 0.003879740398965573,
    "mse": 0.00015251045870007886,
    "rmse": 0.0014958171931946465,
    "mape": 0.005166257802082844
  }
}