{
  "domain": "na_ion",
  "task": "soh_traj",
  "model": "autoformer",
  "splits": [
    {
      "mae": 0.011200774904816822,
      "mse": 0.0002124811214962823,
      "rmse": 0.014576732195395589,
      "mape": 0.01353358898795028
    },
    {
      "mae": 0.00931312560550263,
      "mse": 0.00013703466469049962,
      "rmse": 0.011706180619249799,
      "mape": 0.011246750415711639
    },
    {
      "mae": 0.014380662953926088,
      "mse": 0.00030012664851036076,
      "rmse": 0.017324163717488957,
      "mape": 0.017009506435504064
    }
  ],
  "mean": {
    "mae": 0.011631521154748513,
    "mse": 0.00021654747823238087,
    "rmse": 0.014535692177378115,
    "mape": 0.013929948613055326
  },
  "std": {
    "mae": 0.0020911146060238347,
    "mse": 6.66440807044075e-05,
    "rmse": 0.0022937155789002216,
    "mape": 0.0023692706261946974
  }
}