{
  "domain": "na_ion",
  "task": "soh_traj",
  "model": "autoformer",
  "splits": [
    {
      "mae": 0.04235003608041229,
      "mse": 0.002663382598261671,
      "rmse": 0.05160797029782968,
      "mape": 0.050849035590716025
    },
    {
      "mae": 0.03715283377881624,
      "mse": 0.003101531180510364,
      "rmse": 0.05569139233768863,
      "mape": 0.04270717932587274
    },
    {
      "mae": 0.04006992053222317,
      "mse": 0.002033672234198049,
      "rmse": 0.045096255212578894,
      "mape": 0.047341335775753605
    }
  ],
  "mean": {
    "mae": 0.03985759679715056,
    "mse": 0.0025995286709900277,
    "rmse": 0.05079853928269907,
    "mape": 0.046965850230780794
  },
  "std": {
    "mae": 0.0021270541393024,
    "mse": 0.00043828352720267055,
    "rmse": 0.004363149978410949,
    "mape": 0.003334486257801902
  }
}