{
  "domain": "li_ion",
  "task": "soh_traj",
  "model": "ic2ml",
  "splits": [
    {
      "mae": 0.019189409424326044,
      "mse": 0.0007657723274851754,
      "rmse": 0.027672591629357295,
      "mape": 0.021430356768469012
    },
    {
      "mae": 0.020235435978042397,
      "mse": 0.0008044393826751678,
      "rmse": 0.028362640615344117,
      "mape": 0.022475775460358106
    },
    {
      "mae": 0.021421368580367167,
      "mse": 0.0009820522529690213,
      "rmse": 0.03133771295051733,
      "mape": 0.02384961586791643
    }
  ],
  "mean": {
    "mae": 0.020282071327578536,
    "mse": 0.0008507546543764548,
    "rmse": 0.029124315065072914,
    "mape": 0.02258524936558118
  },
  "std": {
    "mae": 0.0009117900198432821,
    "mse": 9.417388115041069e-05,
    "rmse": 0.0015902598425483207,
    "mape": 0.0009906873201666196
  }
}