{
  "domain": "li_ion",
  "task": "soh_traj",
  "model": "ic2ml",
  "splits": [
    {
      "mae": 0.060965597235614885,
      "mse": 0.010128461927057417,
      "rmse": 0.1006402599711339,
      "mape": 0.4266670796613195
    },
    {
      "mae": 0.05695977591622762,
      "mse": 0.008900925195758766,
      "rmse": 0.09434471472085103,
      "mape": 0.1917308782178261
    },
    {
      "mae": 0.05235103024042232,
      "mse": 0.008977815799608903,
      "rmse": 0.09475133666396957,
      "mape": 0.8446902021311298
    }
  ],
  "mean": {
    "mae": 0.05675880113075494,
    "mse": 0.009335734307475028,
    "rmse": 0.09657877045198483,
    "mape": 0.4876960533367585
  },
  "std": {
    "mae": 0.003519752290238818,
    "mse": 0.0005614213215145286,
    "rmse": 0.0028767004463186286,
    "mape": 0.27003996172447975
  }
}