{
  "domain": "li_ion",
  "task": "soh_traj",
  "model": "ic2ml",
  "splits": [
    {
      "mae": 0.0774952257533377,
      "mse": 0.024108440725560943,
      "rmse": 0.15526893032915806,
      "mape": 0.6212739100831572
    },
    {
      "mae": 0.07939778792709806,
      "mse": 0.022697592665332812,
      "rmse": 0.15065720250068634,
      "mape": 0.2255552786529783
    },
    {
      "mae": 0.06040440033122023,
      "mse": 0.01154758496551977,
      "rmse": 0.1074596899563728,
      "mape": 1.0762463777740914
    }
  ],
  "mean": {
    "mae": 0.07243247133721865,
    "mse": 0.01945120611880451,
    "rmse": 0.1377952742620724,
    "mape": 0.6410251888367423
  },
  "std": {
    "mae": 0.008540523200220664,
    "mse": 0.005618306005861545,
    "rmse": 0.02153296333170969,
    "mape": 0.34757389745709544
  }
}