{
  "domain": "li_ion",
  "task": "soh_traj",
  "model": "ic2ml",
  "splits": [
    {
      "mae": 0.020105876178349222,
      "mse": 0.0008523916623282953,
      "rmse": 0.029195747332930105,
      "mape": 0.02264603940864002
    },
    {
      "mae": 0.021987818098284612,
      "mse": 0.0008932086687194326,
      "rmse": 0.029886596807255132,
      "mape": 0.024560397224216456
    },
    {
      "mae": 0.019732613741001645,
      "mse": 0.0007400117660907022,
      "rmse": 0.027203157281659462,
      "mape": 0.02216273132231615
    }
  ],
  "mean": {
    "mae": 0.020608769339211828,
    "mse": 0.00082853736571281,
    "rmse": 0.028761833807281565,
    "mape": 0.023123055985057542
  },
  "std": {
    "mae": 0.0009869693753130696,
    "mse": 6.477701929966543e-05,
    "rmse": 0.0011376650452243073,
    "mape": 0.001035328950919037
  }
}