{
  "domain": "calb",
  "task": "rul",
  "model": "timemixer",
  "splits": [
    {
      "mae": 135.67310680042613,
      "mse": 28621.794989195827,
      "rmse": 169.179771217471,
      "mape": 0.11432755894753642,
      "acc15": 0.6828282828282828
    },
    {
      "mae": 259.00610056231096,
      "mse": 151391.28302581428,
      "rmse": 389.0903275922113,
      "mape": 0.2677756874488034,
      "acc15": 0.6008064516129032
    },
    {
      "mae": 288.42092864681973,
      "mse": 89243.31370658652,
      "rmse": 298.73619416901346,
      "mape": 0.21708627956030954,
      "acc15": 0.09898989898989899
    }
  ],
  "mean": {
    "mae": 227.7000453365189,
    "mse": 89752.13057386554,
    "rmse": 285.6687643262319,
    "mape": 0.1997298419855498,
    "acc15": 0.4608748778103617
  },
  "std": {
    "mae": 66.17162579260416,
    "mse": 50121.7249579905,
    "rmse": 90.25235543845552,
    "mape": 0.06383581272347696,
    "acc15": 0.2580729207296471
  }
}