{
  "domain": "calb",
  "task": "rul",
  "model": "timemixer",
  "splits": [
    {
      "mae": 0.9468002319335938,
      "mse": 1.6734559621545486,
      "rmse": 1.293621259161486,
      "mape": 0.013721742491791214,
      "acc15": 1.0
    },
    {
      "mae": 0.8656158447265625,
      "mse": 1.301412249309942,
      "rmse": 1.1407945692849095,
      "mape": 0.01254515716995018,
      "acc15": 1.0
    },
    {
      "mae": 0.8285751342773438,
      "mse": 1.2556858890340663,
      "rmse": 1.120573910562827,
      "mape": 0.012008335279381794,
      "acc15": 1.0
    }
  ],
  "mean": {
    "mae": 0.8803304036458334,
    "mse": 1.4101847001661856,
    "rmse": 1.1849965796697408,
    "mape": 0.012758411647041062,
    "acc15": 1.0
  },
  "std": {
    "mae": 0.04937396150535882,
    "mse": 0.18709452699589896,
    "rmse": 0.07725157821819134,
    "mape": 0.0007155646594979539,
    "acc15": 0.0
  }
}