{
  "domain": "calb",
  "task": "rul",
  "model": "timemixer",
  "splits": [
    {
      "mae": 0.03253173828125,
      "mse": 0.0010790753643959762,
      "rmse": 0.03284928255527016,
      "mape": 0.0004714744678442028,
      "acc15": 1.0
    },
    {
      "mae": 0.20508575439453125,
      "mse": 0.05685353238368407,
      "rmse": 0.23843978775297564,
      "mape": 0.0029722573100656705,
      "acc15": 1.0
    },
    {
      "mae": 1.3591064453125,
      "mse": 1.928396275639534,
      "rmse": 1.3886670859639232,
      "mape": 0.019697194859601447,
      "acc15": 1.0
    }
  ],
  "mean": {
    "mae": 0.5322413126627604,
    "mse": 0.6621096277958713,
    "rmse": 0.5533187187573897,
    "mape": 0.007713642212503774,
    "acc15": 1.0
  },
  "std": {
    "mae": 0.5889103965874091,
    "mse": 0.8956893447300072,
    "rmse": 0.5966137974171835,
    "mape": 0.008534933283875492,
    "acc15": 0.0
  }
}