{
  "domain": "li_ion",
  "task": "soh_traj",
  "model": "micn",
  "splits": [
    {
      "mae": 0.11386121553676608,
      "mse": 0.02536900114706911,
      "rmse": 0.1592764927635874,
      "mape": 0.5072744761797942
    },
    {
      "mae": 0.09360963314791816,
      "mse": 0.01787563022313926,
      "rmse": 0.13369977645134362,
      "mape": 0.3366017939042888
    },
    {
      "mae": 0.10504596201761826,
      "mse": 0.021748987790591336,
      "rmse": 0.14747538028630858,
      "mape": 0.8902172900807361
    }
  ],
  "mean": {
    "mae": 0.10417227023410085,
    "mse": 0.02166453972026657,
    "rmse": 0.1468172165004132,
    "mape": 0.5780311867216064
  },
  "std": {
    "mae": 0.008290723744543784,
    "mse": 0.003059738611748341,
    "rmse": 0.010452016998520667,
    "mape": 0.23148421611663123
  }
}