{
  "domain": "li_ion",
  "task": "soh_traj",
  "model": "micn",
  "splits": [
    {
      "mae": 0.021137006096307035,
      "mse": 0.0008911316321919564,
      "rmse": 0.029851827953945406,
      "mape": 0.023731471463043538
    },
    {
      "mae": 0.022438239404629547,
      "mse": 0.0008808389621735281,
      "rmse": 0.029678931284221274,
      "mape": 0.02485996051809098
    },
    {
      "mae": 0.020881969236278768,
      "mse": 0.0008134254000908867,
      "rmse": 0.028520613599480757,
      "mape": 0.023586392362330847
    }
  ],
  "mean": {
    "mae": 0.02148573824573845,
    "mse": 0.0008617986648187904,
    "rmse": 0.029350457612549147,
    "mape": 0.024059274781155122
  },
  "std": {
    "mae": 0.000681520258079896,
    "mse": 3.446219493255328e-05,
    "rmse": 0.0005910184030521723,
    "mape": 0.0005692598840396711
  }
}