{
  "domain": "li_ion",
  "task": "soh_traj",
  "model": "micn",
  "splits": [
    {
      "mae": 0.020116424667698328,
      "mse": 0.0007989943254719739,
      "rmse": 0.028266487674841634,
      "mape": 0.022311612064370094
    },
    {
      "mae": 0.023039148972987266,
      "mse": 0.0010064046260656646,
      "rmse": 0.031723881005729176,
      "mape": 0.025412517869283953
    },
    {
      "mae": 0.023368822322367127,
      "mse": 0.0010402294161510428,
      "rmse": 0.03225258774348258,
      "mape": 0.025792905149903064
    }
  ],
  "mean": {
    "mae": 0.022174798654350906,
    "mse": 0.0009485427892295604,
    "rmse": 0.03074765214135113,
    "mape": 0.024505678361185706
  },
  "std": {
    "mae": 0.001461699634220122,
    "mse": 0.00010664453842952796,
    "rmse": 0.0017676755992052534,
    "mape": 0.0015591918434306113
  }
}