{
  "domain": "li_ion",
  "task": "soh_traj",
  "model": "micn",
  "splits": [
    {
      "mae": 0.020611637111240224,
      "mse": 0.0008285773381278362,
      "rmse": 0.02878501933519997,
      "mape": 0.02309378370464461
    },
    {
      "mae": 0.021446763810465497,
      "mse": 0.0008113434022839664,
      "rmse": 0.028484090336255544,
      "mape": 0.023931412498441208
    },
    {
      "mae": 0.020962386929062257,
      "mse": 0.0008234215657535813,
      "rmse": 0.02869532306410892,
      "mape": 0.023599252662510794
    }
  ],
  "mean": {
    "mae": 0.021006929283589326,
    "mse": 0.0008211141020551281,
    "rmse": 0.028654810911854813,
    "mape": 0.02354148295519887
  },
  "std": {
    "mae": 0.00034239077766964497,
    "mse": 7.222438540521481e-06,
    "rmse": 0.00012614935978597934,
    "mape": 0.0003443917375716834
  }
}