{
  "domain": "li_ion",
  "task": "soh_traj",
  "model": "micn",
  "splits": [
    {
      "mae": 0.054371042648116076,
      "mse": 0.006600343593183881,
      "rmse": 0.08124249868870283,
      "mape": 0.40987380299621584
    },
    {
      "mae": 0.0589665322160213,
      "mse": 0.010136348196107396,
      "rmse": 0.1006794328356462,
      "mape": 0.3670129117948015
    },
    {
      "mae": 0.0588410670675186,
      "mse": 0.008723987456711815,
      "rmse": 0.09340228828413047,
      "mape": 0.857572704528047
    }
  ],
  "mean": {
    "mae": 0.05739288064388532,
    "mse": 0.008486893082001032,
    "rmse": 0.09177473993615985,
    "mape": 0.5448198064396882
  },
  "std": {
    "mae": 0.0021373759660509323,
    "mse": 0.0014532704370634059,
    "rmse": 0.008018116465309038,
    "mape": 0.22184085203233034
  }
}