{
  "domain": "na_ion",
  "task": "soh_traj",
  "model": "bilstm",
  "splits": [
    {
      "mae": 0.035534383013657446,
      "mse": 0.0018472786721452112,
      "rmse": 0.04297997989931139,
      "mape": 0.0425710062320068
    },
    {
      "mae": 0.03308857746263284,
      "mse": 0.002625309044363431,
      "rmse": 0.05123776970520313,
      "mape": 0.038076056806862574
    },
    {
      "mae": 0.039544406706834165,
      "mse": 0.002038252431497098,
      "rmse": 0.04514700910909933,
      "mape": 0.046538758209506266
    }
  ],
  "mean": {
    "mae": 0.03605578906104149,
    "mse": 0.0021702800493352465,
    "rmse": 0.046454919571204616,
    "mape": 0.04239527374945854
  },
  "std": {
    "mae": 0.0026612441961430667,
    "mse": 0.00033106523418355445,
    "rmse": 0.0034957827404112443,
    "mape": 0.0034571173142416214
  }
}