{
  "domain": "na_ion",
  "task": "soh_traj",
  "model": "bilstm",
  "splits": [
    {
      "mae": 0.040718578544121906,
      "mse": 0.0024706768046272123,
      "rmse": 0.049705903116503296,
      "mape": 0.04866284171042963
    },
    {
      "mae": 0.03669102169079485,
      "mse": 0.003013932647473383,
      "rmse": 0.05489929550980944,
      "mape": 0.042182577899987805
    },
    {
      "mae": 0.044001215561170905,
      "mse": 0.0026739956521396797,
      "rmse": 0.05171069185516357,
      "mape": 0.0525357713928612
    }
  ],
  "mean": {
    "mae": 0.04047027193202921,
    "mse": 0.0027195350347467583,
    "rmse": 0.052105296827158774,
    "mape": 0.04779373033442621
  },
  "std": {
    "mae": 0.002989534605455909,
    "mse": 0.00022410875964257661,
    "rmse": 0.0021384754617335884,
    "mape": 0.0042711177157853265
  }
}