{
  "domain": "na_ion",
  "task": "soh_traj",
  "model": "bilstm",
  "splits": [
    {
      "mae": 0.009653030568044408,
      "mse": 0.0001372020784992018,
      "rmse": 0.011713329095487833,
      "mape": 0.011668276473992432
    },
    {
      "mae": 0.017368993083587504,
      "mse": 0.0004589250805955349,
      "rmse": 0.02142253674510876,
      "mape": 0.02107040731722019
    },
    {
      "mae": 0.008907267400839643,
      "mse": 0.00017448366687280756,
      "rmse": 0.013209226581174523,
      "mape": 0.010647686445266275
    }
  ],
  "mean": {
    "mae": 0.011976430350823852,
    "mse": 0.00025687027532251476,
    "rmse": 0.015448364140590372,
    "mape": 0.014462123412159633
  },
  "std": {
    "mae": 0.0038252529585622056,
    "mse": 0.00014368272329071282,
    "rmse": 0.004268292480868233,
    "mape": 0.004691301392229071
  }
}