{
  "domain": "na_ion",
  "task": "soh_traj",
  "model": "bilstm",
  "splits": [
    {
      "mae": 0.017401429909333976,
      "mse": 0.0005124849234801629,
      "rmse": 0.0226381298582759,
      "mape": 0.020539640802189254
    },
    {
      "mae": 0.020968081838097723,
      "mse": 0.0006947803359974661,
      "rmse": 0.026358686158408313,
      "mape": 0.02431689341562048
    },
    {
      "mae": 0.02252907066457785,
      "mse": 0.0007983459175430616,
      "rmse": 0.028255015794422442,
      "mape": 0.026008378521997833
    }
  ],
  "mean": {
    "mae": 0.020299527470669848,
    "mse": 0.0006685370590068969,
    "rmse": 0.02575061060370222,
    "mape": 0.023621637579935854
  },
  "std": {
    "mae": 0.002146065956638589,
    "mse": 0.00011816840855902777,
    "rmse": 0.002333047908508459,
    "mape": 0.0022860896118050474
  }
}