{
  "domain": "li_ion",
  "task": "soh_traj",
  "model": "itransformer",
  "splits": [
    {
      "mae": 0.02103245644822937,
      "mse": 0.0008871414317099116,
      "rmse": 0.029784919535058536,
      "mape": 0.023555485817741768
    },
    {
      "mae": 0.024192006586190973,
      "mse": 0.0010324835332147786,
      "rmse": 0.03213228179284469,
      "mape": 0.02696047064129538
    },
    {
      "mae": 0.02698636640786736,
      "mse": 0.0013224742641538211,
      "rmse": 0.03636583924720865,
      "mape": 0.030497835038339006
    }
  ],
  "mean": {
    "mae": 0.024070276480762567,
    "mse": 0.0010806997430261704,
    "rmse": 0.03276101352503729,
    "mape": 0.027004597165792052
  },
  "std": {
    "mae": 0.0024321971707072904,
    "mse": 0.00018096458385982855,
    "rmse": 0.0027231848704217555,
    "mape": 0.0028343739506053053
  }
}