{
  "domain": "li_ion",
  "task": "soh_traj",
  "model": "itransformer",
  "splits": [
    {
      "mae": 0.022400343968462008,
      "mse": 0.0009412843147436264,
      "rmse": 0.03068035714824106,
      "mape": 0.02488204678264987
    },
    {
      "mae": 0.022778679680007335,
      "mse": 0.0009473022043576989,
      "rmse": 0.030778274876245078,
      "mape": 0.02512797426819839
    },
    {
      "mae": 0.022155699731193156,
      "mse": 0.0009763406417741438,
      "rmse": 0.031246450066753886,
      "mape": 0.024637493299706555
    }
  ],
  "mean": {
    "mae": 0.022444907793220836,
    "mse": 0.000954975720291823,
    "rmse": 0.030901694030413342,
    "mape": 0.024882504783518267
  },
  "std": {
    "mae": 0.00025627518414649616,
    "mse": 1.530574295944914e-05,
    "rmse": 0.00024703510386083367,
    "mape": 0.00020023827878599894
  }
}