{
  "domain": "li_ion",
  "task": "soh_traj",
  "model": "itransformer",
  "splits": [
    {
      "mae": 0.05919985133859551,
      "mse": 0.008863106766566549,
      "rmse": 0.09414407451649068,
      "mape": 0.43681576150056856
    },
    {
      "mae": 0.06315230436397022,
      "mse": 0.010142752120463821,
      "rmse": 0.10071123135213779,
      "mape": 0.2504652522781326
    },
    {
      "mae": 0.06459158067594002,
      "mse": 0.010645421251515874,
      "rmse": 0.10317665070894613,
      "mape": 0.92984855642402
    }
  ],
  "mean": {
    "mae": 0.06231457879283525,
    "mse": 0.009883760046182083,
    "rmse": 0.09934398552585821,
    "mape": 0.5390431900675737
  },
  "std": {
    "mae": 0.002279477193158617,
    "mse": 0.0007503194438462477,
    "rmse": 0.0038121629057738765,
    "mape": 0.28662199712235675
  }
}