{
  "domain": "li_ion",
  "task": "soh_traj",
  "model": "itransformer",
  "splits": [
    {
      "mae": 0.07087667901841525,
      "mse": 0.01438092770092712,
      "rmse": 0.11992050575663496,
      "mape": 0.41667306177378305
    },
    {
      "mae": 0.06228768281769688,
      "mse": 0.008893699809084362,
      "rmse": 0.09430641446415171,
      "mape": 0.16585152177856868
    },
    {
      "mae": 0.059199656982427844,
      "mse": 0.010180116563380883,
      "rmse": 0.10089656368470079,
      "mape": 0.8774944107556787
    }
  ],
  "mean": {
    "mae": 0.06412133960618,
    "mse": 0.011151581357797457,
    "rmse": 0.10504116130182915,
    "mape": 0.4866729981026768
  },
  "std": {
    "mae": 0.004940305916350831,
    "mse": 0.002343106964317166,
    "rmse": 0.010859824591611233,
    "mape": 0.2947132998610217
  }
}