{
  "domain": "na_ion",
  "task": "rul",
  "model": "micn",
  "splits": [
    {
      "mae": 18.672705910422586,
      "mse": 615.2480946340048,
      "rmse": 24.80419510151468,
      "mape": 0.5688982572932572,
      "acc15": 0.36363636363636365
    },
    {
      "mae": 23.21411895751953,
      "mse": 811.6619231928701,
      "rmse": 28.489680994929902,
      "mape": 0.2582655091460447,
      "acc15": 0.45454545454545453
    },
    {
      "mae": 19.53860126842152,
      "mse": 943.0989358897416,
      "rmse": 30.709915921241816,
      "mape": 3.977430159605783,
      "acc15": 0.6363636363636364
    }
  ],
  "mean": {
    "mae": 20.475142045454547,
    "mse": 790.0029845722056,
    "rmse": 28.001264005895464,
    "mape": 1.601531308681695,
    "acc15": 0.48484848484848486
  },
  "std": {
    "mae": 1.9687457236135242,
    "mse": 134.7179170084758,
    "rmse": 2.435610528050101,
    "mape": 1.6847936942787531,
    "acc15": 0.11338355717496791
  }
}