{
  "domain": "na_ion",
  "task": "rul",
  "model": "micn",
  "splits": [
    {
      "mae": 34.8464161936442,
      "mse": 1463.715306396176,
      "rmse": 38.25853246527075,
      "mape": 0.19685957164441864,
      "acc15": 0.19833333333333333
    },
    {
      "mae": 25.978075612386068,
      "mse": 791.3049893927564,
      "rmse": 28.13014378549737,
      "mape": 0.1779754267809762,
      "acc15": 0.5083333333333333
    },
    {
      "mae": 38.805605023701986,
      "mse": 1661.7735547082732,
      "rmse": 40.76485685867514,
      "mape": 0.1948548088204301,
      "acc15": 0.17
    }
  ],
  "mean": {
    "mae": 33.210032276577415,
    "mse": 1305.597950165735,
    "rmse": 35.71784436981442,
    "mape": 0.18989660241527498,
    "acc15": 0.2922222222222222
  },
  "std": {
    "mae": 5.363126696406979,
    "mse": 372.54056115327154,
    "rmse": 5.46200913029735,
    "mape": 0.008469182954412265,
    "acc15": 0.15325078293155894
  }
}