{
  "domain": "na_ion",
  "task": "rul",
  "model": "micn",
  "splits": [
    {
      "mae": 39.28707824707031,
      "mse": 2206.2002158665146,
      "rmse": 46.97020561873787,
      "mape": 0.23871923141648702,
      "acc15": 0.3566666666666667
    },
    {
      "mae": 30.480460357666015,
      "mse": 1158.3128308016414,
      "rmse": 34.03399522244841,
      "mape": 0.20490835450267525,
      "acc15": 0.3283333333333333
    },
    {
      "mae": 42.21387823740641,
      "mse": 1986.2545820116613,
      "rmse": 44.56741614690784,
      "mape": 0.21411504724145886,
      "acc15": 0.17
    }
  ],
  "mean": {
    "mae": 37.32713894738092,
    "mse": 1783.589209559939,
    "rmse": 41.85720566269804,
    "mape": 0.2192475443868737,
    "acc15": 0.28500000000000003
  },
  "std": {
    "mae": 4.986601737255753,
    "mse": 451.16289211900016,
    "rmse": 5.618144148252008,
    "mape": 0.0142723682835284,
    "acc15": 0.08213584051007389
  }
}