{
  "domain": "na_ion",
  "task": "rul",
  "model": "micn",
  "splits": [
    {
      "mae": 31.77183116566051,
      "mse": 1869.742915563444,
      "rmse": 43.24052399732737,
      "mape": 1.565339285776428,
      "acc15": 0.45454545454545453
    },
    {
      "mae": 46.678822950883344,
      "mse": 2607.118667782759,
      "rmse": 51.059951701727634,
      "mape": 0.6224758340434102,
      "acc15": 0.09090909090909091
    },
    {
      "mae": 45.91083318536932,
      "mse": 3484.0886860852,
      "rmse": 59.02616950205392,
      "mape": 6.833550601875854,
      "acc15": 0.36363636363636365
    }
  ],
  "mean": {
    "mae": 41.453829100637726,
    "mse": 2653.6500898104678,
    "rmse": 51.10888173370298,
    "mape": 3.007121907231897,
    "acc15": 0.30303030303030304
  },
  "std": {
    "mae": 6.853381894104586,
    "mse": 659.8747086264741,
    "rmse": 6.444555666671685,
    "mape": 2.7329367950429524,
    "acc15": 0.154515742836145
  }
}