{
  "domain": "zn_ion",
  "task": "rul",
  "model": "bilstm",
  "splits": [
    {
      "mae": 257.932789258455,
      "mse": 94928.06043357037,
      "rmse": 308.1039766597802,
      "mape": 0.9148866089826944,
      "acc15": 0.0
    },
    {
      "mae": 424.76297106291116,
      "mse": 306331.713366019,
      "rmse": 553.4724142773684,
      "mape": 0.8152059232877527,
      "acc15": 0.0
    },
    {
      "mae": 297.7576108832108,
      "mse": 188737.6956405788,
      "rmse": 434.4395189673458,
      "mape": 1.1286893554353186,
      "acc15": 0.053157894736842105
    }
  ],
  "mean": {
    "mae": 326.81779040152566,
    "mse": 196665.82314672275,
    "rmse": 432.00530330149815,
    "mape": 0.9529272959019218,
    "acc15": 0.017719298245614034
  },
  "std": {
    "mae": 71.14046160216884,
    "mse": 86487.0607764,
    "rmse": 100.18603229045111,
    "mape": 0.130775344143355,
    "acc15": 0.02505887189468116
  }
}