{
  "domain": "zn_ion",
  "task": "rul",
  "model": "bilstm",
  "splits": [
    {
      "mae": 314.9349721272786,
      "mse": 202726.38777840894,
      "rmse": 450.2514717115414,
      "mape": 2.170217215905033,
      "acc15": 0.125
    },
    {
      "mae": 356.9926045735677,
      "mse": 190968.53657913124,
      "rmse": 436.9994697698514,
      "mape": 18.084234053408732,
      "acc15": 0.041666666666666664
    },
    {
      "mae": 281.4656448364258,
      "mse": 160725.57368106456,
      "rmse": 400.9059411895321,
      "mape": 15.229781906533162,
      "acc15": 0.041666666666666664
    }
  ],
  "mean": {
    "mae": 317.797740512424,
    "mse": 184806.8326795349,
    "rmse": 429.38562755697495,
    "mape": 11.828077725282307,
    "acc15": 0.06944444444444443
  },
  "std": {
    "mae": 30.900129383809002,
    "mse": 17691.656082640504,
    "rmse": 20.852230744879908,
    "mape": 6.927850868229505,
    "acc15": 0.039283710065919304
  }
}