{
  "domain": "zn_ion",
  "task": "rul",
  "model": "bilstm",
  "splits": [
    {
      "mae": 368.5899353027344,
      "mse": 322479.704894955,
      "rmse": 567.8729654552636,
      "mape": 2.2154027976432893,
      "acc15": 0.125
    },
    {
      "mae": 360.58099365234375,
      "mse": 278107.4558855444,
      "rmse": 527.3589440651826,
      "mape": 5.4081613867585006,
      "acc15": 0.08333333333333333
    },
    {
      "mae": 289.8471374511719,
      "mse": 192602.98116212664,
      "rmse": 438.86556160415074,
      "mape": 8.416629440530917,
      "acc15": 0.0
    }
  ],
  "mean": {
    "mae": 339.6726888020833,
    "mse": 264396.7139808754,
    "rmse": 511.365823708199,
    "mape": 5.346731208310902,
    "acc15": 0.06944444444444443
  },
  "std": {
    "mae": 35.383376154691405,
    "mse": 53901.01529393604,
    "rmse": 53.86750712730732,
    "mape": 2.532012798708163,
    "acc15": 0.05196746370519363
  }
}