{
  "domain": "na_ion",
  "task": "soh_traj",
  "model": "batlinet",
  "splits": [
    {
      "mae": 0.4712034009365856,
      "mse": 0.22748489795189974,
      "rmse": 0.4769537691977072,
      "mape": 0.5476564470614119
    },
    {
      "mae": 0.1841797779971996,
      "mse": 0.03743027847891055,
      "rmse": 0.19346906336391498,
      "mape": 0.21172621715730414
    },
    {
      "mae": 0.11004154307940844,
      "mse": 0.01814255689439357,
      "rmse": 0.1346943090646133,
      "mape": 0.12534130213387348
    }
  ],
  "mean": {
    "mae": 0.25514157400439785,
    "mse": 0.09435257777506796,
    "rmse": 0.2683723805420785,
    "mape": 0.2949079887841965
  },
  "std": {
    "mae": 0.1557479893120879,
    "mse": 0.09446750784522087,
    "rmse": 0.14942838798985209,
    "mape": 0.18216645457206312
  }
}