{
  "domain": "na_ion",
  "task": "soh_traj",
  "model": "batlinet",
  "splits": [
    {
      "mae": 0.4542438489747347,
      "mse": 0.2115603616691978,
      "rmse": 0.45995691283988527,
      "mape": 0.5279050440759305
    },
    {
      "mae": 0.10185088842388208,
      "mse": 0.01290725070928311,
      "rmse": 0.11361008189981693,
      "mape": 0.11650301774173966
    },
    {
      "mae": 0.09259827383998873,
      "mse": 0.012754474820727611,
      "rmse": 0.1129357110073143,
      "mape": 0.10544530576294937
    }
  ],
  "mean": {
    "mae": 0.21623100374620186,
    "mse": 0.07907402906640285,
    "rmse": 0.22883423524900548,
    "mape": 0.2499511225268732
  },
  "std": {
    "mae": 0.16834288142458073,
    "mse": 0.0936820049601197,
    "rmse": 0.163428644503972,
    "mape": 0.19659493911242323
  }
}