{
  "domain": "na_ion",
  "task": "soh_traj",
  "model": "batlinet",
  "splits": [
    {
      "mae": 0.011910864314901608,
      "mse": 0.0002479674911431082,
      "rmse": 0.015746983556958083,
      "mape": 0.014234686793858036
    },
    {
      "mae": 0.012884639805488374,
      "mse": 0.00024854074413803277,
      "rmse": 0.01576517504305083,
      "mape": 0.01511553897590604
    },
    {
      "mae": 0.01430219089727062,
      "mse": 0.0003741243438729886,
      "rmse": 0.01934229417295137,
      "mape": 0.016965633986714267
    }
  ],
  "mean": {
    "mae": 0.013032565005886869,
    "mse": 0.00029021085971804323,
    "rmse": 0.01695148425765343,
    "mape": 0.015438619918826113
  },
  "std": {
    "mae": 0.0009818425211715863,
    "mse": 5.933625520155309e-05,
    "rmse": 0.001690574216226898,
    "mape": 0.0011380697442895506
  }
}