{
  "domain": "na_ion",
  "task": "soh_traj",
  "model": "batlinet",
  "splits": [
    {
      "mae": 0.016834537543897913,
      "mse": 0.0003553900195131926,
      "rmse": 0.018851790883446396,
      "mape": 0.020280826311952976
    },
    {
      "mae": 0.007246502115753123,
      "mse": 8.358520974846383e-05,
      "rmse": 0.00914249472236456,
      "mape": 0.00878429158896578
    },
    {
      "mae": 0.010292961464471378,
      "mse": 0.00014880055555684614,
      "rmse": 0.012198383317343579,
      "mape": 0.012249427846030276
    }
  ],
  "mean": {
    "mae": 0.011458000374707471,
    "mse": 0.00019592526160616753,
    "rmse": 0.01339755630771818,
    "mape": 0.013771515248983011
  },
  "std": {
    "mae": 0.004000049382162924,
    "mse": 0.0001158591590192918,
    "rmse": 0.004053485733006642,
    "mape": 0.004815263246932135
  }
}