{
  "domain": "na_ion",
  "task": "soh_traj",
  "model": "batlinet",
  "splits": [
    {
      "mae": 0.07301086625222661,
      "mse": 0.007863410183749572,
      "rmse": 0.08867587148570671,
      "mape": 0.08707946823992403
    },
    {
      "mae": 0.023013638744668323,
      "mse": 0.0007220837235789462,
      "rmse": 0.026871615574411343,
      "mape": 0.027830058571939452
    },
    {
      "mae": 0.059809442348162885,
      "mse": 0.006306204339199518,
      "rmse": 0.07941161337738654,
      "mape": 0.07092063092013451
    }
  ],
  "mean": {
    "mae": 0.051944649115019274,
    "mse": 0.004963899415509346,
    "rmse": 0.06498636681250153,
    "mape": 0.061943385910666
  },
  "std": {
    "mae": 0.021155329022269416,
    "mse": 0.0030660477038912753,
    "rmse": 0.027215281442975102,
    "mape": 0.02500754995957803
  }
}