{
  "domain": "na_ion",
  "task": "soh_point",
  "model": "cnn",
  "splits": [
    {
      "mae": 0.006523270587844542,
      "mse": 8.890109671402131e-05,
      "rmse": 0.009428737811288493,
      "mape": 0.007615406660082663
    },
    {
      "mae": 0.005952240632667701,
      "mse": 8.109268375925985e-05,
      "rmse": 0.009005147625622795,
      "mape": 0.006720178641151037
    },
    {
      "mae": 0.007694259271882369,
      "mse": 0.0001027525122016232,
      "rmse": 0.010136691383366824,
      "mape": 0.00882007286335847
    }
  ],
  "mean": {
    "mae": 0.006723256830798205,
    "mse": 9.091543089163478e-05,
    "rmse": 0.009523525606759372,
    "mape": 0.007718552721530723
  },
  "std": {
    "mae": 0.0007250991232794183,
    "mse": 8.956569234272666e-06,
    "rmse": 0.0004667878629884896,
    "mape": 0.0008603752160575931
  }
}