{
  "domain": "na_ion",
  "task": "soh_point",
  "model": "cnn",
  "splits": [
    {
      "mae": 0.0042650612195332845,
      "mse": 3.2863153079638606e-05,
      "rmse": 0.0057326392769507665,
      "mape": 0.00493436764664558
    },
    {
      "mae": 0.005344376464684804,
      "mse": 5.676411726090791e-05,
      "rmse": 0.007534196523910689,
      "mape": 0.0062942616676978334
    },
    {
      "mae": 0.006065959334373474,
      "mse": 6.823082791723797e-05,
      "rmse": 0.008260195392194906,
      "mape": 0.006878758860508218
    }
  ],
  "mean": {
    "mae": 0.005225132339530521,
    "mse": 5.261936608592816e-05,
    "rmse": 0.00717567706435212,
    "mape": 0.006035796058283877
  },
  "std": {
    "mae": 0.0007400328263199299,
    "mse": 1.4733235163656619e-05,
    "rmse": 0.0010625557651526305,
    "mape": 0.0008145623166559455
  }
}