{
  "domain": "na_ion",
  "task": "soh_point",
  "model": "cnn",
  "splits": [
    {
      "mae": 0.03836510398171165,
      "mse": 0.0020162305120905444,
      "rmse": 0.04490245552406399,
      "mape": 0.045580929325737936
    },
    {
      "mae": 0.018192654306238346,
      "mse": 0.0005711470277563923,
      "rmse": 0.02389868255273483,
      "mape": 0.02061877939004461
    },
    {
      "mae": 0.02457469159906561,
      "mse": 0.0010222976123721785,
      "rmse": 0.031973389128651636,
      "mape": 0.029364759140999418
    }
  ],
  "mean": {
    "mae": 0.027044149962338535,
    "mse": 0.0012032250507397052,
    "rmse": 0.03359150906848348,
    "mape": 0.031854822618927324
  },
  "std": {
    "mae": 0.008418455912787873,
    "mse": 0.0006036652619012791,
    "rmse": 0.00865075541451132,
    "mape": 0.010341745321627014
  }
}