{
  "domain": "na_ion",
  "task": "soh_point",
  "model": "cnn",
  "splits": [
    {
      "mae": 0.017196286808360706,
      "mse": 0.0003704898959665829,
      "rmse": 0.019248114088569374,
      "mape": 0.02033565327113751
    },
    {
      "mae": 0.013088432225314054,
      "mse": 0.0002337039303923079,
      "rmse": 0.015287378139900509,
      "mape": 0.014830127219035129
    },
    {
      "mae": 0.014741919257424095,
      "mse": 0.00024663259067510393,
      "rmse": 0.015704540447752807,
      "mape": 0.017594800443757174
    }
  ],
  "mean": {
    "mae": 0.015008879430366285,
    "mse": 0.0002836088056779982,
    "rmse": 0.0167466775587409,
    "mape": 0.017586860311309935
  },
  "std": {
    "mae": 0.00168761530358024,
    "mse": 6.166052465706554e-05,
    "rmse": 0.001776962695602324,
    "mape": 0.0022476286113549348
  }
}