{
  "domain": "zn_ion",
  "task": "soh_traj",
  "model": "gru",
  "splits": [
    {
      "mae": 0.0887584288804507,
      "mse": 0.015803667393261663,
      "rmse": 0.1257126381604557,
      "mape": 0.11439327373787297
    },
    {
      "mae": 0.09101533060700649,
      "mse": 0.015273834708302085,
      "rmse": 0.12358735658756556,
      "mape": 0.1181967829824774
    },
    {
      "mae": 0.10229580143595506,
      "mse": 0.01854049503778407,
      "rmse": 0.13616348643371345,
      "mape": 0.14739526695904867
    }
  ],
  "mean": {
    "mae": 0.09402318697447075,
    "mse": 0.01653933237978261,
    "rmse": 0.12848782706057824,
    "mape": 0.12666177455979968
  },
  "std": {
    "mae": 0.005921740390127556,
    "mse": 0.001431472355385062,
    "rmse": 0.005496424022357051,
    "mape": 0.014742793741253937
  }
}