{
  "domain": "zn_ion",
  "task": "soh_traj",
  "model": "gru",
  "splits": [
    {
      "mae": 0.047240640351716344,
      "mse": 0.0032280988036405022,
      "rmse": 0.056816360351931224,
      "mape": 0.05090714547607617
    },
    {
      "mae": 0.04050704058180672,
      "mse": 0.0026419126895411947,
      "rmse": 0.05139953977946879,
      "mape": 0.043484521383548656
    },
    {
      "mae": 0.04013098462584203,
      "mse": 0.0025449383041819236,
      "rmse": 0.050447381539401266,
      "mape": 0.04362394191805688
    }
  ],
  "mean": {
    "mae": 0.0426262218531217,
    "mse": 0.0028049832657878735,
    "rmse": 0.052887760556933755,
    "mape": 0.046005202925893905
  },
  "std": {
    "mae": 0.0032664963983482843,
    "mse": 0.0003017958213021861,
    "rmse": 0.002805004288822949,
    "mape": 0.0034666641117291445
  }
}