{
  "domain": "zn_ion",
  "task": "soh_traj",
  "model": "gru",
  "splits": [
    {
      "mae": 0.0884488805088507,
      "mse": 0.01590590522218864,
      "rmse": 0.12611861568455562,
      "mape": 0.11424195167727871
    },
    {
      "mae": 0.09067176365450941,
      "mse": 0.015259397574912618,
      "rmse": 0.12352893416083788,
      "mape": 0.11745639986980794
    },
    {
      "mae": 0.10006931631929958,
      "mse": 0.018393605446377952,
      "rmse": 0.1356230269769037,
      "mape": 0.14668882556800053
    }
  ],
  "mean": {
    "mae": 0.09306332016088655,
    "mse": 0.016519636081159736,
    "rmse": 0.1284235256074324,
    "mape": 0.12612905903836238
  },
  "std": {
    "mae": 0.0050364199585675815,
    "mse": 0.0013511264240943222,
    "rmse": 0.005199437634676506,
    "mape": 0.01459705835914746
  }
}