{
  "domain": "zn_ion",
  "task": "soh_traj",
  "model": "gru",
  "splits": [
    {
      "mae": 0.03990532221995996,
      "mse": 0.002603700891781831,
      "rmse": 0.0510264724606927,
      "mape": 0.043838580619782984
    },
    {
      "mae": 0.039831674367303206,
      "mse": 0.002683177220420219,
      "rmse": 0.051799394015955624,
      "mape": 0.04314240033788824
    },
    {
      "mae": 0.0413958888715076,
      "mse": 0.002663757554676241,
      "rmse": 0.051611602907449414,
      "mape": 0.04460659614682294
    }
  ],
  "mean": {
    "mae": 0.04037762848625692,
    "mse": 0.00265021188895943,
    "rmse": 0.051479156461365916,
    "mape": 0.04386252570149806
  },
  "std": {
    "mae": 0.0007206463120830647,
    "mse": 3.383031676118274e-05,
    "rmse": 0.0003291488806580041,
    "mape": 0.0005979951877895786
  }
}