{
  "domain": "na_ion",
  "task": "soh_point",
  "model": "dlinear",
  "splits": [
    {
      "mae": 0.2847503423690796,
      "mse": 0.08557615949782357,
      "rmse": 0.2925340313498988,
      "mape": 0.3346820951261282
    },
    {
      "mae": 0.32283510945060034,
      "mse": 0.13751811544861942,
      "rmse": 0.3708343504162194,
      "mape": 0.3710383041991022
    },
    {
      "mae": 2.093364366076209,
      "mse": 5.950403594543354,
      "rmse": 2.4393449109429675,
      "mape": 2.4029936945835475
    }
  ],
  "mean": {
    "mae": 0.9003166059652964,
    "mse": 2.0578326231632658,
    "rmse": 1.034237764236362,
    "mape": 1.0362380313029258
  },
  "std": {
    "mae": 0.8437554269653276,
    "mse": 2.752545012301669,
    "rmse": 0.9940748815811801,
    "mape": 0.9665561635058697
  }
}