{
  "domain": "na_ion",
  "task": "soh_point",
  "model": "dlinear",
  "splits": [
    {
      "mae": 0.01068933443589644,
      "mse": 0.0001507643831353469,
      "rmse": 0.012278614870389367,
      "mape": 0.012684217535382479
    },
    {
      "mae": 0.01134137131951072,
      "mse": 0.0001761196362137179,
      "rmse": 0.013271007354896534,
      "mape": 0.012846708365465415
    },
    {
      "mae": 0.007353229956193404,
      "mse": 6.385273440721242e-05,
      "rmse": 0.007990790599634834,
      "mape": 0.008759823371865184
    }
  ],
  "mean": {
    "mae": 0.009794645237200188,
    "mse": 0.00013024558458542575,
    "rmse": 0.011180137608306912,
    "mape": 0.011430249757571025
  },
  "std": {
    "mae": 0.001746743533006192,
    "mse": 4.807445704846508e-05,
    "rmse": 0.0022913113373671306,
    "mape": 0.0018894414745405117
  }
}