{
  "domain": "na_ion",
  "task": "soh_point",
  "model": "dlinear",
  "splits": [
    {
      "mae": 0.026715099715803523,
      "mse": 0.001014975919579269,
      "rmse": 0.03185868672088146,
      "mape": 0.031397841738892165
    },
    {
      "mae": 0.024515108034700528,
      "mse": 0.0008373117959809112,
      "rmse": 0.028936340404082047,
      "mape": 0.028231183708057345
    },
    {
      "mae": 0.024443991447146717,
      "mse": 0.0008267892472733463,
      "rmse": 0.028753943160431863,
      "mape": 0.02810983315648323
    }
  ],
  "mean": {
    "mae": 0.02522473306588359,
    "mse": 0.0008930256542778423,
    "rmse": 0.02984965676179846,
    "mape": 0.029246286201144247
  },
  "std": {
    "mae": 0.0010542482173414695,
    "mse": 8.633879550214597e-05,
    "rmse": 0.0014225489378793716,
    "mape": 0.0015221859091675007
  }
}