{
  "domain": "na_ion",
  "task": "soh_point",
  "model": "dlinear",
  "splits": [
    {
      "mae": 4.619578292866548,
      "mse": 32.25564417868098,
      "rmse": 5.679405266282815,
      "mape": 5.337198175470227
    },
    {
      "mae": 3.5236489633470773,
      "mse": 22.167798597852002,
      "rmse": 4.7082691721960845,
      "mape": 4.114489802957661
    },
    {
      "mae": 3.8743199424942336,
      "mse": 23.353829833986147,
      "rmse": 4.832580039066725,
      "mape": 4.46867350784352
    }
  ],
  "mean": {
    "mae": 4.005849066235952,
    "mse": 25.92575753683971,
    "rmse": 5.073418159181875,
    "mape": 4.640120495423802
  },
  "std": {
    "mae": 0.45697571534269177,
    "mse": 4.502019265262488,
    "rmse": 0.43149243205797366,
    "mape": 0.513679208076952
  }
}