{
  "domain": "na_ion",
  "task": "soh_point",
  "model": "dlinear",
  "splits": [
    {
      "mae": 0.00922554055849711,
      "mse": 0.00018207458709644205,
      "rmse": 0.013493501661779348,
      "mape": 0.01078354986867836
    },
    {
      "mae": 0.01680355767409007,
      "mse": 0.00045953276834937405,
      "rmse": 0.02143671542819408,
      "mape": 0.019873642947420892
    },
    {
      "mae": 0.013160003423690796,
      "mse": 0.0002651523064768095,
      "rmse": 0.016283497980372937,
      "mape": 0.01508080887126848
    }
  ],
  "mean": {
    "mae": 0.013063033885425991,
    "mse": 0.0003022532206408752,
    "rmse": 0.017071238356782124,
    "mape": 0.01524600056245591
  },
  "std": {
    "mae": 0.0030944722942227616,
    "mse": 0.00011627014222606263,
    "rmse": 0.0032902950637907933,
    "mape": 0.003712852835415443
  }
}