{
  "domain": "li_ion",
  "task": "soh_point",
  "model": "dlinear",
  "splits": [
    {
      "mae": 0.03313379217317139,
      "mse": 0.0017862671920540673,
      "rmse": 0.04226425430613993,
      "mape": 0.03566957076555246
    },
    {
      "mae": 0.028745935019375623,
      "mse": 0.0014861312046192314,
      "rmse": 0.0385503723019536,
      "mape": 0.030799859319711183
    },
    {
      "mae": 0.03571055744005286,
      "mse": 0.002185584498764464,
      "rmse": 0.04675023528031131,
      "mape": 0.03889142543079533
    }
  ],
  "mean": {
    "mae": 0.03253009487753329,
    "mse": 0.0018193276318125874,
    "rmse": 0.04252162062946827,
    "mape": 0.03512028517201966
  },
  "std": {
    "mae": 0.0028751613501646106,
    "mse": 0.0002865059303405131,
    "rmse": 0.003352523058260053,
    "mape": 0.0033261235224565718
  }
}