{
  "domain": "li_ion",
  "task": "soh_point",
  "model": "dlinear",
  "splits": [
    {
      "mae": 1.7726275364382436,
      "mse": 8.177626362479701,
      "rmse": 2.859654937659385,
      "mape": 1.8673040385364805
    },
    {
      "mae": 1.730703028841619,
      "mse": 6.209562528824476,
      "rmse": 2.4918993817617268,
      "mape": 1.805064109663502
    },
    {
      "mae": 1.6866786289052782,
      "mse": 6.418882100233102,
      "rmse": 2.5335512823373247,
      "mape": 1.7768332080290423
    }
  ],
  "mean": {
    "mae": 1.7300030647283802,
    "mse": 6.935356997179093,
    "rmse": 2.628368533919479,
    "mape": 1.8164004520763417
  },
  "std": {
    "mae": 0.03509198520885193,
    "mse": 0.8825638986184721,
    "rmse": 0.16442581026427303,
    "mape": 0.03779442011419377
  }
}