{
  "domain": "li_ion",
  "task": "soh_point",
  "model": "dlinear",
  "splits": [
    {
      "mae": 1.6356776171657992,
      "mse": 3.3091449612543102,
      "rmse": 1.8191055387894102,
      "mape": 1.7195732700608317
    },
    {
      "mae": 1.3246406075593673,
      "mse": 2.3629638429205633,
      "rmse": 1.5371934956018267,
      "mape": 1.3894791290789927
    },
    {
      "mae": 0.9088845158878126,
      "mse": 1.475482452822195,
      "rmse": 1.2146943865936795,
      "mape": 0.9497567390519208
    }
  ],
  "mean": {
    "mae": 1.289734246870993,
    "mse": 2.382530418999023,
    "rmse": 1.5236644736616387,
    "mape": 1.3529363793972484
  },
  "std": {
    "mae": 0.2977369012273516,
    "mse": 0.7487174308473412,
    "rmse": 0.24693519534571043,
    "mape": 0.31533675361363056
  }
}