{
  "domain": "li_ion",
  "task": "soh_point",
  "model": "dlinear",
  "splits": [
    {
      "mae": 0.028392097275508076,
      "mse": 0.002133657072626086,
      "rmse": 0.04619152598286926,
      "mape": 0.030399217937994178
    },
    {
      "mae": 0.028852853335832294,
      "mse": 0.0013926521919676727,
      "rmse": 0.03731825547862162,
      "mape": 0.03091922132532543
    },
    {
      "mae": 0.030837005690524454,
      "mse": 0.001345764701842468,
      "rmse": 0.036684665758903515,
      "mape": 0.0323671076466277
    }
  ],
  "mean": {
    "mae": 0.02936065210062161,
    "mse": 0.0016240246554787422,
    "rmse": 0.04006481574013147,
    "mape": 0.031228515636649103
  },
  "std": {
    "mae": 0.0010607509851030508,
    "mse": 0.00036087256258328777,
    "rmse": 0.004339953362428701,
    "mape": 0.0008326242468241894
  }
}