{
  "domain": "li_ion",
  "task": "soh_point",
  "model": "dlinear",
  "splits": [
    {
      "mae": 0.029575380609705812,
      "mse": 0.001570608266135574,
      "rmse": 0.03963090039521653,
      "mape": 0.031712966208809666
    },
    {
      "mae": 0.02858703836491742,
      "mse": 0.0013471244832410436,
      "rmse": 0.036703194455538116,
      "mape": 0.03026502932853833
    },
    {
      "mae": 0.03143825318487013,
      "mse": 0.001788592668132988,
      "rmse": 0.042291756503283096,
      "mape": 0.03388113075927006
    }
  ],
  "mean": {
    "mae": 0.029866890719831122,
    "mse": 0.0015687751391698687,
    "rmse": 0.03954195045134592,
    "mape": 0.03195304209887268
  },
  "std": {
    "mae": 0.0011821139526595127,
    "mse": 0.00018023329295443964,
    "rmse": 0.0022823877131576964,
    "mape": 0.001485995673855788
  }
}