{
  "domain": "li_ion",
  "task": "soh_traj",
  "model": "gru",
  "splits": [
    {
      "mae": 0.020351189973047797,
      "mse": 0.0008626980653014545,
      "rmse": 0.029371722205234315,
      "mape": 0.022802184814844213
    },
    {
      "mae": 0.018979358068016202,
      "mse": 0.0006400257046423855,
      "rmse": 0.025298729308848408,
      "mape": 0.021140074589949546
    },
    {
      "mae": 0.019946875125604183,
      "mse": 0.0007941499545868325,
      "rmse": 0.02818066632616824,
      "mape": 0.022528854990118325
    }
  ],
  "mean": {
    "mae": 0.01975914105555606,
    "mse": 0.0007656245748435575,
    "rmse": 0.02761703928008365,
    "mape": 0.02215703813163736
  },
  "std": {
    "mae": 0.0005755656665161551,
    "mse": 9.311647909113319e-05,
    "rmse": 0.0017098877875094693,
    "mape": 0.0007277080147572193
  }
}