{
  "domain": "li_ion",
  "task": "soh_traj",
  "model": "gru",
  "splits": [
    {
      "mae": 0.01931131854458741,
      "mse": 0.0007777452628973334,
      "rmse": 0.027888084604313246,
      "mape": 0.021464227509184187
    },
    {
      "mae": 0.019652578934165478,
      "mse": 0.0007743749670442631,
      "rmse": 0.02782759362654743,
      "mape": 0.021713893695135805
    },
    {
      "mae": 0.019777831834191375,
      "mse": 0.0008494827191743182,
      "rmse": 0.029145886831151976,
      "mape": 0.021883072749173966
    }
  ],
  "mean": {
    "mae": 0.019580576437648087,
    "mse": 0.0008005343163719716,
    "rmse": 0.028287188354004216,
    "mape": 0.021687064651164652
  },
  "std": {
    "mae": 0.00019714112030527878,
    "mse": 3.4639085113109714e-05,
    "rmse": 0.0006076935058561876,
    "mape": 0.0001720420141822503
  }
}