{
  "domain": "li_ion",
  "task": "soh_traj",
  "model": "gru",
  "splits": [
    {
      "mae": 0.045802241774865145,
      "mse": 0.005167556720540644,
      "rmse": 0.07188571986521831,
      "mape": 0.3945872494021884
    },
    {
      "mae": 0.047366602527675834,
      "mse": 0.006222288254040371,
      "rmse": 0.07888148232659152,
      "mape": 0.156807735879153
    },
    {
      "mae": 0.047881699813167415,
      "mse": 0.007265322704128339,
      "rmse": 0.08523686235501832,
      "mape": 0.8469225978816832
    }
  ],
  "mean": {
    "mae": 0.04701684803856946,
    "mse": 0.006218389226236451,
    "rmse": 0.07866802151560938,
    "mape": 0.46610586105434154
  },
  "std": {
    "mae": 0.0008842256820716172,
    "mse": 0.0008564138144175297,
    "rmse": 0.005452670635208929,
    "mape": 0.28624094110694165
  }
}