{
  "domain": "li_ion",
  "task": "soh_traj",
  "model": "gru",
  "splits": [
    {
      "mae": 0.055186488493341915,
      "mse": 0.008554147340249858,
      "rmse": 0.09248863357326595,
      "mape": 0.4191394944290473
    },
    {
      "mae": 0.05369693633217245,
      "mse": 0.00847865784368573,
      "rmse": 0.09207962773429164,
      "mape": 0.19187042853223893
    },
    {
      "mae": 0.05623166824343783,
      "mse": 0.009020237581660808,
      "rmse": 0.09497493133275121,
      "mape": 0.8703519804508865
    }
  ],
  "mean": {
    "mae": 0.0550383643563174,
    "mse": 0.008684347588532133,
    "rmse": 0.09318106421343626,
    "mape": 0.49378730113739094
  },
  "std": {
    "mae": 0.0010400871872023377,
    "mse": 0.00023950119225293111,
    "rmse": 0.0012793985241506389,
    "mape": 0.28197343297819005
  }
}