{
  "domain": "zn_ion",
  "task": "soh_traj",
  "model": "micn",
  "splits": [
    {
      "mae": 0.308286185082789,
      "mse": 0.13845249730007836,
      "rmse": 0.3720920548736272,
      "mape": 0.35808705967046395
    },
    {
      "mae": 0.2664760739815007,
      "mse": 0.10768758191493422,
      "rmse": 0.32815786127248914,
      "mape": 0.3177266505938023
    },
    {
      "mae": 0.31715773976877704,
      "mse": 0.15945267864359194,
      "rmse": 0.39931526222220953,
      "mape": 0.4197446469436632
    }
  ],
  "mean": {
    "mae": 0.2973066662776889,
    "mse": 0.13519758595286815,
    "rmse": 0.3665217261227753,
    "mape": 0.3651861190693098
  },
  "std": {
    "mae": 0.02209932407166871,
    "mse": 0.02125797333928254,
    "rmse": 0.02931569942623739,
    "mape": 0.041950092396174095
  }
}