{
  "domain": "zn_ion",
  "task": "soh_traj",
  "model": "micn",
  "splits": [
    {
      "mae": 0.042808895035520496,
      "mse": 0.002960024844796535,
      "rmse": 0.05440611036268385,
      "mape": 0.04619123423201972
    },
    {
      "mae": 0.04148705680079956,
      "mse": 0.0028827109538661073,
      "rmse": 0.05369088334034101,
      "mape": 0.044369814486960445
    },
    {
      "mae": 0.03330189778509814,
      "mse": 0.0021828944788680315,
      "rmse": 0.046721456300805,
      "mape": 0.03634742203187028
    }
  ],
  "mean": {
    "mae": 0.0391992832071394,
    "mse": 0.0026752100925102247,
    "rmse": 0.05160615000127663,
    "mape": 0.04230282358361681
  },
  "std": {
    "mae": 0.004204852767281401,
    "mse": 0.0003495476667634115,
    "rmse": 0.0034663200308052617,
    "mape": 0.004276252113228103
  }
}