{
  "domain": "zn_ion",
  "task": "soh_traj",
  "model": "micn",
  "splits": [
    {
      "mae": 0.14087595827133442,
      "mse": 0.03051117479228315,
      "rmse": 0.17467448237302194,
      "mape": 0.16794389951782399
    },
    {
      "mae": 0.09224108208890384,
      "mse": 0.013660783501093307,
      "rmse": 0.1168793544690135,
      "mape": 0.11030820446023971
    },
    {
      "mae": 0.0953773870039819,
      "mse": 0.015548785822170333,
      "rmse": 0.12469477062880517,
      "mape": 0.13353265059491107
    }
  ],
  "mean": {
    "mae": 0.10949814245474006,
    "mse": 0.019906914705182265,
    "rmse": 0.13874953582361355,
    "mape": 0.13726158485765827
  },
  "std": {
    "mae": 0.022224379949283554,
    "mse": 0.007537855008212825,
    "rmse": 0.02560236344390977,
    "mape": 0.02367695151048277
  }
}