{
  "domain": "zn_ion",
  "task": "soh_traj",
  "model": "micn",
  "splits": [
    {
      "mae": 0.040871001367726124,
      "mse": 0.0028863429502383646,
      "rmse": 0.05372469590642989,
      "mape": 0.0445067969450709
    },
    {
      "mae": 0.03634792136904148,
      "mse": 0.0022575390878201806,
      "rmse": 0.047513567407848685,
      "mape": 0.03926779115755555
    },
    {
      "mae": 0.0333861811021957,
      "mse": 0.0018253313378225962,
      "rmse": 0.04272389656647198,
      "mape": 0.03627927385499541
    }
  ],
  "mean": {
    "mae": 0.036868367946321104,
    "mse": 0.0023230711252937137,
    "rmse": 0.04798738662691685,
    "mape": 0.040017953985873954
  },
  "std": {
    "mae": 0.003077746153889812,
    "mse": 0.0004356277052498319,
    "rmse": 0.004503537499845604,
    "mape": 0.003400499203663518
  }
}