{
  "domain": "zn_ion",
  "task": "soh_traj",
  "model": "micn",
  "splits": [
    {
      "mae": 0.04786912685386087,
      "mse": 0.00359629310598399,
      "rmse": 0.05996910126043236,
      "mape": 0.051081893888422845
    },
    {
      "mae": 0.03719359620287647,
      "mse": 0.0024641910220537756,
      "rmse": 0.049640618671142445,
      "mape": 0.03958060980424483
    },
    {
      "mae": 0.030457648419926882,
      "mse": 0.0017945951825905431,
      "rmse": 0.04236266260034351,
      "mape": 0.033169551214374364
    }
  ],
  "mean": {
    "mae": 0.03850679049222141,
    "mse": 0.0026183597702094364,
    "rmse": 0.050657460843972775,
    "mape": 0.041277351635680685
  },
  "std": {
    "mae": 0.007168600734918599,
    "mse": 0.000743574633766276,
    "rmse": 0.007223671576892299,
    "mape": 0.007410452287143378
  }
}