{
  "domain": "na_ion",
  "task": "soh_traj",
  "model": "cnn",
  "splits": [
    {
      "mae": 0.009048336085383333,
      "mse": 0.00011892220811446294,
      "rmse": 0.010905145946499889,
      "mape": 0.010924016366531657
    },
    {
      "mae": 0.014123367568026712,
      "mse": 0.0003024052532752695,
      "rmse": 0.017389803140785393,
      "mape": 0.017137713102506107
    },
    {
      "mae": 0.009730759197529587,
      "mse": 0.00018662772668108344,
      "rmse": 0.01366117588939852,
      "mape": 0.011644601402709969
    }
  ],
  "mean": {
    "mae": 0.010967487616979877,
    "mse": 0.00020265172935693865,
    "rmse": 0.013985374992227934,
    "mape": 0.013235443623915912
  },
  "std": {
    "mae": 0.0022488677188105682,
    "mse": 7.57587551010333e-05,
    "rmse": 0.0026572571730459505,
    "mape": 0.0027749583794168245
  }
}