{
  "domain": "na_ion",
  "task": "soh_traj",
  "model": "cnn",
  "splits": [
    {
      "mae": 0.020611193339694994,
      "mse": 0.0007794555709341449,
      "rmse": 0.02791873154235602,
      "mape": 0.02482247373774937
    },
    {
      "mae": 0.01555331707646091,
      "mse": 0.0014195552028924828,
      "rmse": 0.03767698505576691,
      "mape": 0.018218396602189397
    },
    {
      "mae": 0.016775189982143283,
      "mse": 0.00045598951668135326,
      "rmse": 0.02135391103946425,
      "mape": 0.01992456721983801
    }
  ],
  "mean": {
    "mae": 0.017646566799433064,
    "mse": 0.0008850000968359936,
    "rmse": 0.02898320921252906,
    "mape": 0.02098847918659226
  },
  "std": {
    "mae": 0.0021548397066184525,
    "mse": 0.00040039101148899085,
    "rmse": 0.006706241911738969,
    "mape": 0.0027990939257622484
  }
}