{
  "domain": "na_ion",
  "task": "soh_traj",
  "model": "cnn",
  "splits": [
    {
      "mae": 0.032912247076194154,
      "mse": 0.001667916456706839,
      "rmse": 0.040840132917350294,
      "mape": 0.03900923748276809
    },
    {
      "mae": 0.030970843108366168,
      "mse": 0.0024695687045602575,
      "rmse": 0.049694755302348126,
      "mape": 0.03571958312573495
    },
    {
      "mae": 0.021544731209255843,
      "mse": 0.0007627511787361286,
      "rmse": 0.027617950299327586,
      "mape": 0.025529021158833074
    }
  ],
  "mean": {
    "mae": 0.028475940464605387,
    "mse": 0.0016334121133344086,
    "rmse": 0.039384279506342,
    "mape": 0.03341928058911204
  },
  "std": {
    "mae": 0.00496477650706501,
    "mse": 0.0006972323519453048,
    "rmse": 0.00907141891330886,
    "mape": 0.005738617827492167
  }
}