{
  "domain": "na_ion",
  "task": "soh_traj",
  "model": "cnn",
  "splits": [
    {
      "mae": 0.012619311031778591,
      "mse": 0.00028359602887666614,
      "rmse": 0.016840309643135015,
      "mape": 0.015130082461812496
    },
    {
      "mae": 0.01179562903237275,
      "mse": 0.0002743540531163753,
      "rmse": 0.01656363647018297,
      "mape": 0.01371649470615311
    },
    {
      "mae": 0.013049567426272366,
      "mse": 0.0002966666249688252,
      "rmse": 0.0172240130332285,
      "mape": 0.015230738177190357
    }
  ],
  "mean": {
    "mae": 0.01248816916347457,
    "mse": 0.00028487223565395553,
    "rmse": 0.01687598638218216,
    "mape": 0.014692438448385322
  },
  "std": {
    "mae": 0.0005202493095562223,
    "mse": 9.153660232259879e-06,
    "rmse": 0.00027077533557882217,
    "mape": 0.0006913188045377315
  }
}