{
  "domain": "na_ion",
  "task": "soh_point",
  "model": "patchtst",
  "splits": [
    {
      "mae": 0.036524209109219635,
      "mse": 0.0018572213137107692,
      "rmse": 0.04309549064241837,
      "mape": 0.043472602477489054
    },
    {
      "mae": 0.03258588639172641,
      "mse": 0.001472146481470689,
      "rmse": 0.038368561107639795,
      "mape": 0.03687295491387095
    },
    {
      "mae": 0.041993141174316406,
      "mse": 0.002046422388891694,
      "rmse": 0.04523740033303963,
      "mape": 0.05009985178146139
    }
  ],
  "mean": {
    "mae": 0.037034412225087486,
    "mse": 0.0017919300613577175,
    "rmse": 0.0422338173610326,
    "mape": 0.043481803057607134
  },
  "std": {
    "mae": 0.00385740336242932,
    "mse": 0.00023894966720549763,
    "rmse": 0.002869622357150668,
    "mape": 0.005399861953449941
  }
}