{
  "domain": "na_ion",
  "task": "soh_point",
  "model": "patchtst",
  "splits": [
    {
      "mae": 0.035656007853421295,
      "mse": 0.0017109484741146214,
      "rmse": 0.041363612923856416,
      "mape": 0.04234207880507956
    },
    {
      "mae": 0.037386953830718994,
      "mse": 0.0018682458273676548,
      "rmse": 0.0432232093598758,
      "mape": 0.042320176447379905
    },
    {
      "mae": 0.04181923107667403,
      "mse": 0.00201773450180715,
      "rmse": 0.044919199701320925,
      "mape": 0.04983013692808062
    }
  ],
  "mean": {
    "mae": 0.0382873975869381,
    "mse": 0.0018656429344298085,
    "rmse": 0.043168673995017705,
    "mape": 0.044830797393513366
  },
  "std": {
    "mae": 0.002595435653025767,
    "mse": 0.00012525839422456453,
    "rmse": 0.0014520743581821758,
    "mape": 0.003535078194772463
  }
}