{
  "domain": "na_ion",
  "task": "soh_point",
  "model": "patchtst",
  "splits": [
    {
      "mae": 0.015787041783332824,
      "mse": 0.0004088009853263704,
      "rmse": 0.020218827496330503,
      "mape": 0.018125718519016662
    },
    {
      "mae": 0.01742695301771164,
      "mse": 0.00044682702951067316,
      "rmse": 0.02113828350435941,
      "mape": 0.020150498006057848
    },
    {
      "mae": 0.015103531082471212,
      "mse": 0.0003935170007344387,
      "rmse": 0.01983726293454918,
      "mape": 0.01714185795189703
    }
  ],
  "mean": {
    "mae": 0.01610584196117189,
    "mse": 0.00041638167185716074,
    "rmse": 0.020398124645079698,
    "mape": 0.018472691492323848
  },
  "std": {
    "mae": 0.0009749521483408846,
    "mse": 2.2414130933250068e-05,
    "rmse": 0.0005460611879203813,
    "mape": 0.0012525364737282568
  }
}