{
  "domain": "na_ion",
  "task": "soh_point",
  "model": "patchtst",
  "splits": [
    {
      "mae": 0.021274464005926048,
      "mse": 0.0007297429766288384,
      "rmse": 0.027013755322591457,
      "mape": 0.02473893026790957
    },
    {
      "mae": 0.021548138552629797,
      "mse": 0.0007309880394858796,
      "rmse": 0.02703679048048935,
      "mape": 0.024826670256117452
    },
    {
      "mae": 0.023485042990433733,
      "mse": 0.0009236970858404848,
      "rmse": 0.03039238532659924,
      "mape": 0.02706371776020198
    }
  ],
  "mean": {
    "mae": 0.022102548516329857,
    "mse": 0.0007948093673184009,
    "rmse": 0.02814764370989335,
    "mape": 0.025543106094743
  },
  "std": {
    "mae": 0.0009839351833578554,
    "mse": 9.113879720788667e-05,
    "rmse": 0.001587299876930082,
    "mape": 0.0010758312922976125
  }
}