{
  "domain": "na_ion",
  "task": "soh_point",
  "model": "patchtst",
  "splits": [
    {
      "mae": 0.012146975795427959,
      "mse": 0.00023935947457228934,
      "rmse": 0.015471246703879081,
      "mape": 0.014108826041872531
    },
    {
      "mae": 0.02104486326376597,
      "mse": 0.0006832884439912353,
      "rmse": 0.026139786609519888,
      "mape": 0.02486260338153741
    },
    {
      "mae": 0.01914424498875936,
      "mse": 0.0005392874096366995,
      "rmse": 0.02322256251227886,
      "mape": 0.02178569305715851
    }
  ],
  "mean": {
    "mae": 0.01744536134931776,
    "mse": 0.00048731177606674134,
    "rmse": 0.021611198608559274,
    "mape": 0.020252374160189483
  },
  "std": {
    "mae": 0.003826029671001294,
    "mse": 0.0001849222040680725,
    "rmse": 0.004501985203012881,
    "mape": 0.004522111003917248
  }
}