{
  "domain": "li_ion",
  "task": "rul",
  "model": "cnn",
  "splits": [
    {
      "mae": 244.69285543341385,
      "mse": 175287.8966273861,
      "rmse": 418.6739741462157,
      "mape": 1.0135783615922882,
      "acc15": 0.32894736842105265
    },
    {
      "mae": 222.52678389298288,
      "mse": 138658.73168677092,
      "rmse": 372.36907992846415,
      "mape": 1.0133052355458159,
      "acc15": 0.32894736842105265
    },
    {
      "mae": 198.58332222386412,
      "mse": 84892.402140465,
      "rmse": 291.3630075017503,
      "mape": 0.574392939769377,
      "acc15": 0.3026315789473684
    }
  ],
  "mean": {
    "mae": 221.93432051675362,
    "mse": 132946.343484874,
    "rmse": 360.80202052547673,
    "mape": 0.8670921789691604,
    "acc15": 0.3201754385964912
  },
  "std": {
    "mae": 18.828799268492443,
    "mse": 37124.20495319843,
    "rmse": 52.614118538729535,
    "mape": 0.20696964692205203,
    "acc15": 0.012405382126079794
  }
}