{
  "domain": "li_ion",
  "task": "rul",
  "model": "cnn",
  "splits": [
    {
      "mae": 146.0583486055073,
      "mse": 60196.41925588281,
      "rmse": 245.34958580744092,
      "mape": 0.3346793049371774,
      "acc15": 0.35526315789473684
    },
    {
      "mae": 249.66382799650492,
      "mse": 271630.42732579913,
      "rmse": 521.1817603541006,
      "mape": 0.5805650958118741,
      "acc15": 0.34210526315789475
    },
    {
      "mae": 190.88078528956362,
      "mse": 128692.0760942189,
      "rmse": 358.7367782848852,
      "mape": 0.723512677538859,
      "acc15": 0.4473684210526316
    }
  ],
  "mean": {
    "mae": 195.5343206305253,
    "mse": 153506.3075586336,
    "rmse": 375.08937481547554,
    "mape": 0.5462523594293035,
    "acc15": 0.3815789473684211
  },
  "std": {
    "mae": 42.424563508552396,
    "mse": 88082.89468640518,
    "rmse": 113.20012570297477,
    "mape": 0.1605840814459191,
    "acc15": 0.0468292905790847
  }
}