{
  "domain": "li_ion",
  "task": "rul",
  "model": "cnn",
  "splits": [
    {
      "mae": 168.7795718688032,
      "mse": 141386.7407825513,
      "rmse": 376.0142826842503,
      "mape": 0.32389185144613536,
      "acc15": 0.5302173913043479
    },
    {
      "mae": 145.76777128924493,
      "mse": 64013.93208139138,
      "rmse": 253.00974700867036,
      "mape": 0.23766619896894553,
      "acc15": 0.524927536231884
    },
    {
      "mae": 139.43319582718007,
      "mse": 76161.8471052263,
      "rmse": 275.9743595068685,
      "mape": 0.27430384598524915,
      "acc15": 0.5289855072463768
    }
  ],
  "mean": {
    "mae": 151.3268463284094,
    "mse": 93854.17332305633,
    "rmse": 301.66612973326306,
    "mape": 0.27862063213344335,
    "acc15": 0.5280434782608695
  },
  "std": {
    "mae": 12.608989733846883,
    "mse": 33974.51679151261,
    "rmse": 53.40149337621963,
    "mape": 0.035333570140082635,
    "acc15": 0.002259971331539359
  }
}