{
  "domain": "calb",
  "task": "rul",
  "model": "bigru",
  "splits": [
    {
      "mae": 122.83882378472222,
      "mse": 20653.343242429903,
      "rmse": 143.71271078937278,
      "mape": 0.10257269683897205,
      "acc15": 0.6
    },
    {
      "mae": 264.20799501480593,
      "mse": 97721.24074126425,
      "rmse": 312.603967891107,
      "mape": 0.3025012935024319,
      "acc15": 0.3971774193548387
    },
    {
      "mae": 223.78439004300822,
      "mse": 53660.5862300554,
      "rmse": 231.64754742939843,
      "mape": 0.1679989875456227,
      "acc15": 0.39595959595959596
    }
  ],
  "mean": {
    "mae": 203.61040294751214,
    "mse": 57345.056737916515,
    "rmse": 229.32140870329272,
    "mape": 0.1910243259623422,
    "acc15": 0.4643790051048115
  },
  "std": {
    "mae": 59.450556263543426,
    "mse": 31570.521043268443,
    "rmse": 68.96918332308925,
    "mape": 0.08322854317223327,
    "acc15": 0.09589981392309388
  }
}