{
  "domain": "calb",
  "task": "rul",
  "model": "bigru",
  "splits": [
    {
      "mae": 0.0510711669921875,
      "mse": 0.005137792089954019,
      "rmse": 0.07167839346660902,
      "mape": 0.0007401618404664855,
      "acc15": 1.0
    },
    {
      "mae": 0.21769256591796876,
      "mse": 0.04739005410810933,
      "rmse": 0.21769256787522473,
      "mape": 0.0031549647234488227,
      "acc15": 1.0
    },
    {
      "mae": 1.0656204223632812,
      "mse": 1.1355469436268322,
      "rmse": 1.0656204500791229,
      "mape": 0.015443774237149006,
      "acc15": 1.0
    }
  ],
  "mean": {
    "mae": 0.44479471842447915,
    "mse": 0.39602492994163185,
    "rmse": 0.45166380380698556,
    "mape": 0.006446300267021438,
    "acc15": 1.0
  },
  "std": {
    "mae": 0.4442289864835687,
    "mse": 0.5232054535617743,
    "rmse": 0.43820627365686676,
    "mape": 0.006438101253385053,
    "acc15": 0.0
  }
}