{
  "domain": "calb",
  "task": "rul",
  "model": "bigru",
  "splits": [
    {
      "mae": 0.23291778564453125,
      "mse": 0.23084807324921713,
      "rmse": 0.4804665162622856,
      "mape": 0.0033756200818048005,
      "acc15": 1.0
    },
    {
      "mae": 0.11314544677734376,
      "mse": 0.01282626778120175,
      "rmse": 0.11325311378148395,
      "mape": 0.0016397890837296192,
      "acc15": 1.0
    },
    {
      "mae": 1.000579833984375,
      "mse": 1.067612462094985,
      "rmse": 1.0332533387775646,
      "mape": 0.014501157014266306,
      "acc15": 1.0
    }
  ],
  "mean": {
    "mae": 0.4488810221354167,
    "mse": 0.4370956010418013,
    "rmse": 0.5423243229404447,
    "mape": 0.006505522059933575,
    "acc15": 1.0
  },
  "std": {
    "mae": 0.3931624240574484,
    "mse": 0.4546405253744641,
    "rmse": 0.37812686996428785,
    "mape": 0.005698006145760123,
    "acc15": 0.0
  }
}