{
  "domain": "na_ion",
  "task": "soh_traj",
  "model": "bigru",
  "splits": [
    {
      "mae": 0.00897132606073853,
      "mse": 0.00012416479827482635,
      "rmse": 0.011142925929702053,
      "mape": 0.010810660084962547
    },
    {
      "mae": 0.01646787561199408,
      "mse": 0.0004126865462681008,
      "rmse": 0.020314687944147723,
      "mape": 0.019970238881091062
    },
    {
      "mae": 0.009459484727001354,
      "mse": 0.0002295540120200624,
      "rmse": 0.01515103996496816,
      "mape": 0.011291845962938162
    }
  ],
  "mean": {
    "mae": 0.011632895466577989,
    "mse": 0.0002554684521876632,
    "rmse": 0.015536217946272647,
    "mape": 0.014024248309663923
  },
  "std": {
    "mae": 0.0034246507827599723,
    "mse": 0.00011920533663437993,
    "rmse": 0.0037542488081610923,
    "mape": 0.004209036934099146
  }
}