{
  "domain": "na_ion",
  "task": "soh_traj",
  "model": "bigru",
  "splits": [
    {
      "mae": 0.040463731902413785,
      "mse": 0.0024726754519958294,
      "rmse": 0.04972600378067626,
      "mape": 0.04791708482067737
    },
    {
      "mae": 0.03532743028826951,
      "mse": 0.0029188653029507176,
      "rmse": 0.05402652406874532,
      "mape": 0.04084455589142613
    },
    {
      "mae": 0.044744260976875345,
      "mse": 0.0028412772723449657,
      "rmse": 0.0533036328250239,
      "mape": 0.053123133706353604
    }
  ],
  "mean": {
    "mae": 0.04017847438918621,
    "mse": 0.0027442726757638375,
    "rmse": 0.05235205355814849,
    "mape": 0.04729492480615236
  },
  "std": {
    "mae": 0.0038496929696714547,
    "mse": 0.00019464286028893517,
    "rmse": 0.001880203182794129,
    "mape": 0.005031976457421251
  }
}