{
  "domain": "na_ion",
  "task": "soh_traj",
  "model": "bigru",
  "splits": [
    {
      "mae": 0.017682042802142695,
      "mse": 0.0005400398401405511,
      "rmse": 0.02323875728477216,
      "mape": 0.02086045806460812
    },
    {
      "mae": 0.018664604248162672,
      "mse": 0.000626552702303708,
      "rmse": 0.025031034782919143,
      "mape": 0.021641082012338424
    },
    {
      "mae": 0.024180238581049597,
      "mse": 0.0008879404962758112,
      "rmse": 0.0297983304276567,
      "mape": 0.027889457750828
    }
  ],
  "mean": {
    "mae": 0.020175628543784987,
    "mse": 0.0006848443462400233,
    "rmse": 0.026022707498449333,
    "mape": 0.023463665942591513
  },
  "std": {
    "mae": 0.0028599572154983433,
    "mse": 0.00014788994432670703,
    "rmse": 0.0027682197691245914,
    "mape": 0.0031456921108432715
  }
}