{
  "domain": "na_ion",
  "task": "soh_traj",
  "model": "bigru",
  "splits": [
    {
      "mae": 0.049075470135301724,
      "mse": 0.003733265493796159,
      "rmse": 0.061100454121030545,
      "mape": 0.05807097969056336
    },
    {
      "mae": 0.038022667214054826,
      "mse": 0.0030791516160416296,
      "rmse": 0.05549010376672249,
      "mape": 0.04387771356413212
    },
    {
      "mae": 0.04424907096813604,
      "mse": 0.0027874575249165075,
      "rmse": 0.05279637795262576,
      "mape": 0.052239864468879
    }
  ],
  "mean": {
    "mae": 0.04378240277249753,
    "mse": 0.003199958211584765,
    "rmse": 0.05646231194679293,
    "mape": 0.05139618590785816
  },
  "std": {
    "mae": 0.004524337705314549,
    "mse": 0.00039546078915960386,
    "rmse": 0.003459124341189446,
    "mape": 0.0058250062071308695
  }
}