{
  "domain": "zn_ion",
  "task": "rul",
  "model": "batterymformer",
  "splits": [
    {
      "mae": 369.2353712717692,
      "mse": 263088.1898123398,
      "rmse": 512.9212315866246,
      "mape": 4.356428355562761,
      "acc15": 0.08333333333333333
    },
    {
      "mae": 355.76267369588214,
      "mse": 202265.9357239199,
      "rmse": 449.7398533862881,
      "mape": 15.559300854180693,
      "acc15": 0.041666666666666664
    },
    {
      "mae": 291.6438573201497,
      "mse": 202060.658121808,
      "rmse": 449.51157729452086,
      "mape": 6.950954694365259,
      "acc15": 0.041666666666666664
    }
  ],
  "mean": {
    "mae": 338.88063409593366,
    "mse": 222471.59455268923,
    "rmse": 470.72422075581125,
    "mape": 8.95556130136957,
    "acc15": 0.05555555555555555
  },
  "std": {
    "mae": 33.85127476788983,
    "mse": 28720.392204705742,
    "rmse": 29.837938040748902,
    "mape": 4.788174585490557,
    "acc15": 0.019641855032959652
  }
}