{
  "domain": "zn_ion",
  "task": "rul",
  "model": "batterymformer",
  "splits": [
    {
      "mae": 367.6839345296224,
      "mse": 315903.456018752,
      "rmse": 562.0528943246819,
      "mape": 2.4031536220099743,
      "acc15": 0.08333333333333333
    },
    {
      "mae": 358.6476516723633,
      "mse": 270837.90610629733,
      "rmse": 520.4208932261438,
      "mape": 6.140550871222686,
      "acc15": 0.041666666666666664
    },
    {
      "mae": 289.63059425354004,
      "mse": 191522.50325983306,
      "rmse": 437.6328407007786,
      "mape": 8.59355054654581,
      "acc15": 0.0
    }
  ],
  "mean": {
    "mae": 338.65406015184186,
    "mse": 259421.28846162747,
    "rmse": 506.70220941720146,
    "mape": 5.712418346592823,
    "acc15": 0.041666666666666664
  },
  "std": {
    "mae": 34.86056758459881,
    "mse": 51416.0138552024,
    "rmse": 51.712275460996985,
    "mape": 2.5452867048474963,
    "acc15": 0.034020690871988585
  }
}