{
  "domain": "zn_ion",
  "task": "rul",
  "model": "batterymformer",
  "splits": [
    {
      "mae": 247.4371124669125,
      "mse": 136997.7348099765,
      "rmse": 370.13205050356896,
      "mape": 0.44417194694315065,
      "acc15": 0.20157894736842105
    },
    {
      "mae": 401.6608012631065,
      "mse": 358777.2614928483,
      "rmse": 598.98018455776,
      "mape": 0.4734410690549512,
      "acc15": 0.24789473684210525
    },
    {
      "mae": 202.0061689196135,
      "mse": 143649.70053199382,
      "rmse": 379.0114781005897,
      "mape": 0.4681996402145118,
      "acc15": 0.24105263157894738
    }
  ],
  "mean": {
    "mae": 283.70136088321084,
    "mse": 213141.56561160623,
    "rmse": 449.3745710539729,
    "mape": 0.4619375520708712,
    "acc15": 0.23017543859649123
  },
  "std": {
    "mae": 85.44711752092866,
    "mse": 103015.78875137522,
    "rmse": 105.84923477127293,
    "mape": 0.012743120712444973,
    "acc15": 0.020412791480276186
  }
}