{
  "domain": "zn_ion",
  "task": "rul",
  "model": "transformer",
  "splits": [
    {
      "mae": 368.21392726898193,
      "mse": 319721.0335586889,
      "rmse": 565.4387973589086,
      "mape": 2.293348037390192,
      "acc15": 0.125
    },
    {
      "mae": 359.04271602630615,
      "mse": 272301.30044758815,
      "rmse": 521.8249710847384,
      "mape": 5.990920825180873,
      "acc15": 0.041666666666666664
    },
    {
      "mae": 288.9404703776042,
      "mse": 188167.18482413772,
      "rmse": 433.78241645338477,
      "mape": 9.157765366603327,
      "acc15": 0.0
    }
  ],
  "mean": {
    "mae": 338.7323712242974,
    "mse": 260063.17294347158,
    "rmse": 507.0153949656772,
    "mape": 5.814011409724796,
    "acc15": 0.05555555555555555
  },
  "std": {
    "mae": 35.406711429328794,
    "mse": 54399.34192508553,
    "rmse": 54.75912902219923,
    "mape": 2.8051772401945363,
    "acc15": 0.05196746370519363
  }
}