{
  "domain": "zn_ion",
  "task": "rul",
  "model": "transformer",
  "splits": [
    {
      "mae": 143.66583923339843,
      "mse": 43358.04173206556,
      "rmse": 208.22593914319503,
      "mape": 0.43493479814265595,
      "acc15": 0.2984210526315789
    },
    {
      "mae": 198.1909030593069,
      "mse": 99532.65003788796,
      "rmse": 315.48795545612825,
      "mape": 0.25690395846843256,
      "acc15": 0.3726315789473684
    },
    {
      "mae": 234.62167498136822,
      "mse": 130888.54188928551,
      "rmse": 361.785215133628,
      "mape": 0.910577730161788,
      "acc15": 0.13789473684210526
    }
  ],
  "mean": {
    "mae": 192.1594724246912,
    "mse": 91259.74455307967,
    "rmse": 295.1663699109838,
    "mape": 0.5341388289242922,
    "acc15": 0.2696491228070175
  },
  "std": {
    "mae": 37.37668284530745,
    "mse": 36209.83143027778,
    "rmse": 64.31608373223585,
    "mape": 0.2759268378181037,
    "acc15": 0.09796670937878141
  }
}