{
  "domain": "zn_ion",
  "task": "rul",
  "model": "transformer",
  "splits": [
    {
      "mae": 152.63361994425455,
      "mse": 50368.98260502067,
      "rmse": 224.4303513454022,
      "mape": 0.82876706403429,
      "acc15": 0.08333333333333333
    },
    {
      "mae": 179.0859057108561,
      "mse": 84574.68907471735,
      "rmse": 290.8172778132643,
      "mape": 4.742206573865489,
      "acc15": 0.25
    },
    {
      "mae": 169.08281962076822,
      "mse": 42880.09364109541,
      "rmse": 207.07509179303872,
      "mape": 12.654742222916196,
      "acc15": 0.08333333333333333
    }
  ],
  "mean": {
    "mae": 166.93411509195963,
    "mse": 59274.58844027781,
    "rmse": 240.7742403172351,
    "mape": 6.075238620271992,
    "acc15": 0.13888888888888887
  },
  "std": {
    "mae": 10.905458997938595,
    "mse": 18149.236596674,
    "rmse": 36.08813710814323,
    "mape": 4.919088868356484,
    "acc15": 0.07856742013183861
  }
}