{
  "domain": "zn_ion",
  "task": "soh_point",
  "model": "micn",
  "splits": [
    {
      "mae": 0.10256163527568181,
      "mse": 0.012012497027517425,
      "rmse": 0.10960153752351025,
      "mape": 0.10364646539805722
    },
    {
      "mae": 0.06850178788105647,
      "mse": 0.0051389972107182364,
      "rmse": 0.07168679941745368,
      "mape": 0.07285455390933235
    },
    {
      "mae": 0.053109673162301384,
      "mse": 0.008176633693416147,
      "rmse": 0.09042474049404924,
      "mape": 0.0627158198587615
    }
  ],
  "mean": {
    "mae": 0.07472436543967989,
    "mse": 0.008442709310550602,
    "rmse": 0.09057102581167105,
    "mape": 0.07973894638871702
  },
  "std": {
    "mae": 0.020662598946254173,
    "mse": 0.0028123948405122316,
    "rmse": 0.015478972639429883,
    "mape": 0.017404512459388673
  }
}