{
  "domain": "zn_ion",
  "task": "soh_point",
  "model": "micn",
  "splits": [
    {
      "mae": 0.18509519596894583,
      "mse": 0.05427473422666651,
      "rmse": 0.23296938474114257,
      "mape": 0.18763611897704313
    },
    {
      "mae": 0.17925898730754852,
      "mse": 0.0533509991818919,
      "rmse": 0.23097835219321292,
      "mape": 0.19083567013039815
    },
    {
      "mae": 0.06742798537015915,
      "mse": 0.008116490217393283,
      "rmse": 0.09009156573949241,
      "mape": 0.0762699647052766
    }
  ],
  "mean": {
    "mae": 0.1439273895488845,
    "mse": 0.038580741208650564,
    "rmse": 0.18467976755794932,
    "mape": 0.1515805846042393
  },
  "std": {
    "mae": 0.054145695197678326,
    "mse": 0.02154477915028722,
    "rmse": 0.0668888979083404,
    "mape": 0.05326866736378438
  }
}