{
  "domain": "zn_ion",
  "task": "soh_point",
  "model": "micn",
  "splits": [
    {
      "mae": 0.016707137828142517,
      "mse": 0.001199379209067086,
      "rmse": 0.034632054646917584,
      "mape": 0.018215465182202684
    },
    {
      "mae": 0.018733624316925226,
      "mse": 0.0011413620099738103,
      "rmse": 0.03378404963845824,
      "mape": 0.020585947741615034
    },
    {
      "mae": 0.020412260566014966,
      "mse": 0.0014888807124150318,
      "rmse": 0.03858601705819133,
      "mape": 0.022439900117711957
    }
  ],
  "mean": {
    "mae": 0.01861767423702757,
    "mse": 0.0012765406438186428,
    "rmse": 0.03566737378118905,
    "mape": 0.020413771013843226
  },
  "std": {
    "mae": 0.0015148304506767004,
    "mse": 0.0001520037881025703,
    "rmse": 0.0020926278626623145,
    "mape": 0.001728910302334482
  }
}