{
  "domain": "zn_ion",
  "task": "soh_point",
  "model": "micn",
  "splits": [
    {
      "mae": 0.018577128021340622,
      "mse": 0.001184879317178472,
      "rmse": 0.03442207601494239,
      "mape": 0.019981265809779082
    },
    {
      "mae": 0.014692542301981073,
      "mse": 0.0006919674718789836,
      "rmse": 0.026305274601854733,
      "mape": 0.015517114659729717
    },
    {
      "mae": 0.022882915641132155,
      "mse": 0.0016231580159990337,
      "rmse": 0.040288435263720945,
      "mape": 0.0248969013387919
    }
  ],
  "mean": {
    "mae": 0.01871752865481795,
    "mse": 0.0011666682683521632,
    "rmse": 0.033671928626839355,
    "mape": 0.0201317606027669
  },
  "std": {
    "mae": 0.003345179428379474,
    "mse": 0.00038037498085368717,
    "rmse": 0.005733192034216137,
    "mape": 0.0038307602420594813
  }
}