{
  "domain": "zn_ion",
  "task": "soh_point",
  "model": "micn",
  "splits": [
    {
      "mae": 0.014793130912278829,
      "mse": 0.001064856196259487,
      "rmse": 0.03263213441164226,
      "mape": 0.016141637059951537
    },
    {
      "mae": 0.01465032370466935,
      "mse": 0.0007495952927028856,
      "rmse": 0.027378737967680058,
      "mape": 0.01552353149683798
    },
    {
      "mae": 0.02213971777966148,
      "mse": 0.0016593183340334412,
      "rmse": 0.04073473129938924,
      "mape": 0.024165250804248067
    }
  ],
  "mean": {
    "mae": 0.017194390798869887,
    "mse": 0.001157923274331938,
    "rmse": 0.03358186789290385,
    "mape": 0.018610139787012526
  },
  "std": {
    "mae": 0.0034973602125837025,
    "mse": 0.00037717821936730534,
    "rmse": 0.0054937622041267235,
    "mape": 0.003936153573574649
  }
}