{
  "domain": "calb",
  "task": "soh_point",
  "model": "patchtst",
  "splits": [
    {
      "mae": 0.014598485676929205,
      "mse": 0.0006876828934681808,
      "rmse": 0.026223708613927605,
      "mape": 0.014617864589981018
    },
    {
      "mae": 0.014248702554933487,
      "mse": 0.0003399947133317282,
      "rmse": 0.018438945559107446,
      "mape": 0.014252893445120875
    },
    {
      "mae": 0.0009911733444290932,
      "mse": 1.511366935014079e-06,
      "rmse": 0.0012293766448953222,
      "mape": 0.000992930567114331
    }
  ],
  "mean": {
    "mae": 0.009946120525430596,
    "mse": 0.0003430629912449744,
    "rmse": 0.015297343605976793,
    "mape": 0.009954562867405408
  },
  "std": {
    "mae": 0.006333713829921238,
    "mse": 0.00028013675434595484,
    "rmse": 0.010442905239714443,
    "mape": 0.006338582443962288
  }
}