{
  "domain": "calb",
  "task": "soh_point",
  "model": "patchtst",
  "splits": [
    {
      "mae": 5.6815147399902346e-05,
      "mse": 3.4755629485516693e-09,
      "rmse": 5.895390528668707e-05,
      "mape": 5.6815147399902346e-05
    },
    {
      "mae": 0.004979062080383301,
      "mse": 2.4791161635562275e-05,
      "rmse": 0.00497907236697382,
      "mape": 0.004979062080383301
    },
    {
      "mae": 0.005833971500396729,
      "mse": 3.4039056485113405e-05,
      "rmse": 0.005834299999581218,
      "mape": 0.005833971500396729
    }
  ],
  "mean": {
    "mae": 0.0036232829093933105,
    "mse": 1.9611231227874744e-05,
    "rmse": 0.0036241087572805746,
    "mape": 0.0036232829093933105
  },
  "std": {
    "mae": 0.0025459100209434776,
    "mse": 1.4369619606393495e-05,
    "rmse": 0.002545008240316127,
    "mape": 0.0025459100209434776
  }
}