{
  "domain": "calb",
  "task": "soh_point",
  "model": "patchtst",
  "splits": [
    {
      "mae": 0.0042779902015069515,
      "mse": 3.0254476767184582e-05,
      "rmse": 0.005500406963778642,
      "mape": 0.004279745914598153
    },
    {
      "mae": 0.004511482893459259,
      "mse": 5.1616681478515046e-05,
      "rmse": 0.007184475031518659,
      "mape": 0.004512634949209997
    },
    {
      "mae": 0.022718590076523597,
      "mse": 0.0009974913779153957,
      "rmse": 0.03158308689655582,
      "mape": 0.02273935066544432
    }
  ],
  "mean": {
    "mae": 0.010502687723829937,
    "mse": 0.0003597875120536984,
    "rmse": 0.014755989630617708,
    "mape": 0.01051057717641749
  },
  "std": {
    "mae": 0.008638473338393718,
    "mse": 0.0004510090548601343,
    "rmse": 0.011918400986491485,
    "mape": 0.008647571339594129
  }
}