{
  "domain": "calb",
  "task": "soh_point",
  "model": "patchtst",
  "splits": [
    {
      "mae": 0.004577372772525055,
      "mse": 3.4430312102629596e-05,
      "rmse": 0.0058677348357462095,
      "mape": 0.0045786553111073465
    },
    {
      "mae": 0.012666435434360697,
      "mse": 0.0002517640733567917,
      "rmse": 0.01586707513553748,
      "mape": 0.012673037027552103
    },
    {
      "mae": 0.007813597207117563,
      "mse": 0.00012508737131510788,
      "rmse": 0.0111842465689517,
      "mape": 0.00781987736122871
    }
  ],
  "mean": {
    "mae": 0.008352468471334439,
    "mse": 0.00013709391892484306,
    "rmse": 0.010973018846745128,
    "mape": 0.00835718989996272
  },
  "std": {
    "mae": 0.0033242563445403245,
    "mse": 8.913139676660485e-05,
    "rmse": 0.004084945080881657,
    "mape": 0.0033262874616293943
  }
}