{
  "domain": "calb",
  "task": "soh_point",
  "model": "patchtst",
  "splits": [
    {
      "mae": 0.0007463574409484863,
      "mse": 1.270097003924775e-06,
      "rmse": 0.001126985804668708,
      "mape": 0.0007463574409484863
    },
    {
      "mae": 0.00424349308013916,
      "mse": 2.06226377628127e-05,
      "rmse": 0.004541215449944288,
      "mape": 0.00424349308013916
    },
    {
      "mae": 0.004384481906890869,
      "mse": 2.2108507514673193e-05,
      "rmse": 0.004701968472318077,
      "mape": 0.004384481906890869
    }
  ],
  "mean": {
    "mae": 0.003124777475992839,
    "mse": 1.4667080760470225e-05,
    "rmse": 0.0034567232423103576,
    "mape": 0.003124777475992839
  },
  "std": {
    "mae": 0.0016827815979586676,
    "mse": 9.492499936256006e-06,
    "rmse": 0.0016486798314231878,
    "mape": 0.0016827815979586676
  }
}