{
  "domain": "calb",
  "task": "rul",
  "model": "itransformer",
  "splits": [
    {
      "mae": 0.0823944091796875,
      "mse": 0.0067960779881104825,
      "rmse": 0.08243832839226231,
      "mape": 0.0011941218721693843,
      "acc15": 1.0
    },
    {
      "mae": 0.07439727783203125,
      "mse": 0.010750531766097993,
      "rmse": 0.1036847711387646,
      "mape": 0.0010782214178555257,
      "acc15": 1.0
    },
    {
      "mae": 0.77412109375,
      "mse": 0.6004054983844981,
      "rmse": 0.7748583731137569,
      "mape": 0.011219146286231883,
      "acc15": 1.0
    }
  ],
  "mean": {
    "mae": 0.3103042602539063,
    "mse": 0.20598403604623552,
    "rmse": 0.3203271575482613,
    "mape": 0.004497163192085598,
    "acc15": 1.0
  },
  "std": {
    "mae": 0.3279842778784834,
    "mse": 0.2789027630925166,
    "rmse": 0.32151912568817265,
    "mape": 0.004753395331572222,
    "acc15": 0.0
  }
}