{
  "domain": "calb",
  "task": "rul",
  "model": "itransformer",
  "splits": [
    {
      "mae": 0.34633941650390626,
      "mse": 0.126751615118701,
      "rmse": 0.3560219306709925,
      "mape": 0.005019411833389945,
      "acc15": 1.0
    },
    {
      "mae": 0.09966278076171875,
      "mse": 0.009979330224450678,
      "rmse": 0.09989659766203592,
      "mape": 0.0014443881269814312,
      "acc15": 1.0
    },
    {
      "mae": 1.0242599487304687,
      "mse": 1.0492217843071558,
      "rmse": 1.024315275834133,
      "mape": 0.014844347083050272,
      "acc15": 1.0
    }
  ],
  "mean": {
    "mae": 0.4900873819986979,
    "mse": 0.3953175765501025,
    "rmse": 0.4934112680557205,
    "mape": 0.007102715681140549,
    "acc15": 1.0
  },
  "std": {
    "mae": 0.3909114042353476,
    "mse": 0.46483113516031516,
    "rmse": 0.3896959033730641,
    "mape": 0.005665382670077503,
    "acc15": 0.0
  }
}