{
  "domain": "calb",
  "task": "rul",
  "model": "itransformer",
  "splits": [
    {
      "mae": 135.67459260574495,
      "mse": 22987.39725526011,
      "rmse": 151.61595316872203,
      "mape": 0.1115724210249511,
      "acc15": 0.6
    },
    {
      "mae": 260.2826323970672,
      "mse": 91220.368152645,
      "rmse": 302.02709837470707,
      "mape": 0.2947765487122079,
      "acc15": 0.39919354838709675
    },
    {
      "mae": 238.76125463620582,
      "mse": 60592.23354189191,
      "rmse": 246.154897456646,
      "mape": 0.17937074912089437,
      "acc15": 0.2
    }
  ],
  "mean": {
    "mae": 211.57282654633931,
    "mse": 58266.666316599,
    "rmse": 233.26598300002505,
    "mape": 0.19523990628601776,
    "acc15": 0.3997311827956989
  },
  "std": {
    "mae": 54.3825882776054,
    "mse": 27904.48920347597,
    "rmse": 62.07775359684846,
    "mape": 0.07562984733670833,
    "acc15": 0.16329975870173635
  }
}