{
  "domain": "calb",
  "task": "soh_traj",
  "model": "ic2ml",
  "splits": [
    {
      "mae": 0.017226172818077937,
      "mse": 0.00043074735129531753,
      "rmse": 0.020754453770102394,
      "mape": 0.017226172818077937
    },
    {
      "mae": 0.02482744250634704,
      "mse": 0.00097958322326779,
      "rmse": 0.0312982942549237,
      "mape": 0.024829483409310876
    },
    {
      "mae": 0.0213728889070376,
      "mse": 0.0006253857684188615,
      "rmse": 0.02500771417820632,
      "mape": 0.02137441403002513
    }
  ],
  "mean": {
    "mae": 0.021142168077154192,
    "mse": 0.000678572114327323,
    "rmse": 0.025686820734410806,
    "mape": 0.021143356752471313
  },
  "std": {
    "mae": 0.003107490873620949,
    "mse": 0.0002271956486294972,
    "rmse": 0.0043312070933593195,
    "mape": 0.0031083354158157476
  }
}