{
  "domain": "calb",
  "task": "soh_traj",
  "model": "ic2ml",
  "splits": [
    {
      "mae": 0.0228920082853298,
      "mse": 0.0007868491888139318,
      "rmse": 0.028050832230326637,
      "mape": 0.0228920082853298
    },
    {
      "mae": 0.031632425568320535,
      "mse": 0.0015243969205222282,
      "rmse": 0.039043525974509885,
      "mape": 0.03163558070868877
    },
    {
      "mae": 0.019422354963090686,
      "mse": 0.0005600257574801867,
      "rmse": 0.02366486335223989,
      "mape": 0.019423600058398233
    }
  ],
  "mean": {
    "mae": 0.02464892960558034,
    "mse": 0.0009570906222721156,
    "rmse": 0.030253073852358803,
    "mape": 0.0246503963508056
  },
  "std": {
    "mae": 0.005137219445078416,
    "mse": 0.0004116953115077443,
    "rmse": 0.006468550436986595,
    "mape": 0.005138226950506917
  }
}