{
  "domain": "calb",
  "task": "soh_traj",
  "model": "ic2ml",
  "splits": [
    {
      "mae": 0.005349751339263995,
      "mse": 8.467596423679674e-05,
      "rmse": 0.009201954370501777,
      "mape": 0.005555742972284974
    },
    {
      "mae": 0.007534702807305007,
      "mse": 0.0001242068518115358,
      "rmse": 0.01114481277597501,
      "mape": 0.007802019168423964
    },
    {
      "mae": 0.005813158995482792,
      "mse": 8.636837835820646e-05,
      "rmse": 0.00929345890173333,
      "mape": 0.006067169448235701
    }
  ],
  "mean": {
    "mae": 0.006232537714017265,
    "mse": 9.841706480217967e-05,
    "rmse": 0.009880075349403371,
    "mape": 0.00647497719631488
  },
  "std": {
    "mae": 0.0009400042948814489,
    "mse": 1.8249217369165044e-05,
    "rmse": 0.0008950842934000736,
    "mape": 0.0009613079828650897
  }
}