{
  "domain": "calb",
  "task": "soh_traj",
  "model": "ic2ml",
  "splits": [
    {
      "mae": 0.0056567768107485695,
      "mse": 6.233895057889313e-05,
      "rmse": 0.007895501920644003,
      "mape": 0.005973569442404178
    },
    {
      "mae": 0.00706651048655194,
      "mse": 0.00010985095898564158,
      "rmse": 0.010480980821738086,
      "mape": 0.007331075550719358
    },
    {
      "mae": 0.0048897824960589765,
      "mse": 6.233654456770992e-05,
      "rmse": 0.007895349553231314,
      "mape": 0.005107928501717618
    }
  ],
  "mean": {
    "mae": 0.005871023264453163,
    "mse": 7.81754847107482e-05,
    "rmse": 0.008757277431871135,
    "mape": 0.006137524498280385
  },
  "std": {
    "mae": 0.0009014663400418341,
    "mse": 2.2397942678615166e-05,
    "rmse": 0.0012188423573164476,
    "mape": 0.0009149705443826461
  }
}