{
  "domain": "zn_ion",
  "task": "soh_point",
  "model": "patchtst",
  "splits": [
    {
      "mae": 0.02828918645779292,
      "mse": 0.003969894933612957,
      "rmse": 0.0630071022473892,
      "mape": 0.032958614757231115
    },
    {
      "mae": 0.039031535387039185,
      "mse": 0.005770806112937343,
      "rmse": 0.07596582200527645,
      "mape": 0.04607631652067254
    },
    {
      "mae": 0.049685883025328316,
      "mse": 0.00782520812979722,
      "rmse": 0.08846020647611681,
      "mape": 0.0590905783989123
    }
  ],
  "mean": {
    "mae": 0.03900220162338681,
    "mse": 0.005855303058782506,
    "rmse": 0.07581104357626083,
    "mape": 0.04604183655893865
  },
  "std": {
    "mae": 0.008735189421837123,
    "mse": 0.0015750586783907451,
    "rmse": 0.010391762634932994,
    "mape": 0.010668357342888913
  }
}