{
  "domain": "zn_ion",
  "task": "soh_point",
  "model": "patchtst",
  "splits": [
    {
      "mae": 0.02852194756269455,
      "mse": 0.0039311340692494605,
      "rmse": 0.06269875652075933,
      "mape": 0.03316853254622045
    },
    {
      "mae": 0.038998877008756004,
      "mse": 0.005753186637647604,
      "rmse": 0.07584976359651759,
      "mape": 0.04603281837714138
    },
    {
      "mae": 0.05014829089244207,
      "mse": 0.007826451294573081,
      "rmse": 0.08846723288638049,
      "mape": 0.05955344885105094
    }
  ],
  "mean": {
    "mae": 0.03922303848796421,
    "mse": 0.005836924000490048,
    "rmse": 0.0756719176678858,
    "mape": 0.04625159992480426
  },
  "std": {
    "mae": 0.008830340413619374,
    "mse": 0.0015913585455887647,
    "rmse": 0.01052068804569176,
    "mape": 0.010772707834381777
  }
}