{
  "domain": "zn_ion",
  "task": "soh_point",
  "model": "patchtst",
  "splits": [
    {
      "mae": 0.005543765520710602,
      "mse": 0.00017235460618710008,
      "rmse": 0.013128389321889417,
      "mape": 0.005939845420613893
    },
    {
      "mae": 0.006350100571795027,
      "mse": 0.00013385509947248602,
      "rmse": 0.011569576460375982,
      "mape": 0.006758321118398859
    },
    {
      "mae": 0.0066888125852925156,
      "mse": 0.0002091346411783506,
      "rmse": 0.014461488207592972,
      "mape": 0.0069847188735248505
    }
  ],
  "mean": {
    "mae": 0.006194226225932715,
    "mse": 0.0001717814489459789,
    "rmse": 0.013053151329952791,
    "mape": 0.0065609618041792
  },
  "std": {
    "mae": 0.0004802817255184134,
    "mse": 3.0735416398443215e-05,
    "rmse": 0.0011818161038548252,
    "mape": 0.0004488155948950208
  }
}