{
  "domain": "zn_ion",
  "task": "soh_point",
  "model": "patchtst",
  "splits": [
    {
      "mae": 0.022293607874920494,
      "mse": 0.0010900969350752076,
      "rmse": 0.033016616045185604,
      "mape": 0.023535866949251024
    },
    {
      "mae": 0.0219295366814262,
      "mse": 0.0007978290578256108,
      "rmse": 0.02824586797791158,
      "mape": 0.02270434074852829
    },
    {
      "mae": 0.02675500474478069,
      "mse": 0.0016424774967769308,
      "rmse": 0.04052749063015043,
      "mape": 0.028721166465453595
    }
  ],
  "mean": {
    "mae": 0.023659383100375797,
    "mse": 0.0011768011632259164,
    "rmse": 0.03392999155108254,
    "mape": 0.024987124721077638
  },
  "std": {
    "mae": 0.002193975384617938,
    "mse": 0.00035023417284262167,
    "rmse": 0.0050553769957723226,
    "mape": 0.002662099392982762
  }
}