{
  "domain": "zn_ion",
  "task": "soh_point",
  "model": "patchtst",
  "splits": [
    {
      "mae": 0.006017241509337174,
      "mse": 0.00010979858241328568,
      "rmse": 0.010478481875409514,
      "mape": 0.0062694648382095675
    },
    {
      "mae": 0.006893935925082156,
      "mse": 0.00020159111024436864,
      "rmse": 0.014198278425371458,
      "mape": 0.007243484637069501
    },
    {
      "mae": 0.010558295249938964,
      "mse": 0.00037829147571917965,
      "rmse": 0.019449716597400066,
      "mape": 0.01132230597894941
    }
  ],
  "mean": {
    "mae": 0.007823157561452765,
    "mse": 0.000229893722792278,
    "rmse": 0.014708825632727013,
    "mape": 0.008278418484742827
  },
  "std": {
    "mae": 0.0019668726286303393,
    "mse": 0.00011142377617821776,
    "rmse": 0.0036802406576623165,
    "mape": 0.0021887769720680722
  }
}