{
  "domain": "calb",
  "task": "soh_point",
  "model": "batlinet",
  "splits": [
    {
      "mae": 0.005365833850822063,
      "mse": 3.640402328972131e-05,
      "rmse": 0.006033574669275363,
      "mape": 0.005369075692481964
    },
    {
      "mae": 0.0041295862005602925,
      "mse": 2.2778752786624436e-05,
      "rmse": 0.004772709166356613,
      "mape": 0.00413134827497235
    },
    {
      "mae": 0.008747112871420503,
      "mse": 0.00011638703960245505,
      "rmse": 0.010788282514026736,
      "mape": 0.00876154443586266
    }
  ],
  "mean": {
    "mae": 0.006080844307600954,
    "mse": 5.85232718929336e-05,
    "rmse": 0.007198188783219571,
    "mape": 0.0060873228011056576
  },
  "std": {
    "mae": 0.001951720284604279,
    "mse": 4.12922406692164e-05,
    "rmse": 0.0025902413273796608,
    "mape": 0.0019573090888369443
  }
}