{
  "domain": "calb",
  "task": "soh_point",
  "model": "batlinet",
  "splits": [
    {
      "mae": 0.00528289151914192,
      "mse": 3.843036785174016e-05,
      "rmse": 0.006199223165182889,
      "mape": 0.005286315176031192
    },
    {
      "mae": 0.003028166655338172,
      "mse": 1.5458549574082718e-05,
      "rmse": 0.003931736203521634,
      "mape": 0.003030931291663138
    },
    {
      "mae": 0.006381138286205253,
      "mse": 5.542561443116461e-05,
      "rmse": 0.007444838106444264,
      "mape": 0.006392540460604853
    }
  ],
  "mean": {
    "mae": 0.004897398820228448,
    "mse": 3.6438177285662495e-05,
    "rmse": 0.005858599158382928,
    "mape": 0.004903262309433061
  },
  "std": {
    "mae": 0.0013957215947402876,
    "mse": 1.6377183025197468e-05,
    "rmse": 0.0014543016148850724,
    "mape": 0.0013988450414860198
  }
}