{
  "domain": "calb",
  "task": "soh_point",
  "model": "batlinet",
  "splits": [
    {
      "mae": 0.08828533887863159,
      "mse": 0.009640568554362261,
      "rmse": 0.09818639699246663,
      "mape": 0.08828533887863159
    },
    {
      "mae": 0.10278548002243042,
      "mse": 0.013029270663245284,
      "rmse": 0.11414583068708767,
      "mape": 0.10278548002243042
    },
    {
      "mae": 0.04847133159637451,
      "mse": 0.002830809921017874,
      "rmse": 0.05320535613091857,
      "mape": 0.04847133159637451
    }
  ],
  "mean": {
    "mae": 0.07984738349914551,
    "mse": 0.008500216379541807,
    "rmse": 0.08851252793682429,
    "mape": 0.07984738349914551
  },
  "std": {
    "mae": 0.02296237499405722,
    "mse": 0.004240868833124624,
    "rmse": 0.025802108010290675,
    "mape": 0.02296237499405722
  }
}