{
  "domain": "calb",
  "task": "soh_point",
  "model": "batlinet",
  "splits": [
    {
      "mae": 0.012916067513552579,
      "mse": 0.00021941066151031253,
      "rmse": 0.014812517055190605,
      "mape": 0.012922811085801808
    },
    {
      "mae": 0.09984617956703709,
      "mse": 0.013976719563832972,
      "rmse": 0.11822317693173777,
      "mape": 0.09991318594705552
    },
    {
      "mae": 0.06281811215660789,
      "mse": 0.005141351449753531,
      "rmse": 0.07170321784797061,
      "mape": 0.06289289728149794
    }
  ],
  "mean": {
    "mae": 0.05852678641239919,
    "mse": 0.006445827225032272,
    "rmse": 0.06824630394496634,
    "mape": 0.05857629810478509
  },
  "std": {
    "mae": 0.03561855979579583,
    "mse": 0.005691638887859885,
    "rmse": 0.042287932355265914,
    "mape": 0.03564459847779332
  }
}