{
  "domain": "calb",
  "task": "soh_point",
  "model": "batlinet",
  "splits": [
    {
      "mae": 0.07543423175811767,
      "mse": 0.007400112911024337,
      "rmse": 0.08602390894992122,
      "mape": 0.07543423175811767
    },
    {
      "mae": 0.05840047597885132,
      "mse": 0.005303757085597027,
      "rmse": 0.0728268980912755,
      "mape": 0.05840047597885132
    },
    {
      "mae": 0.04512050151824951,
      "mse": 0.002415519929812149,
      "rmse": 0.049147939222434836,
      "mape": 0.04512050151824951
    }
  ],
  "mean": {
    "mae": 0.05965173641840616,
    "mse": 0.005039796642144504,
    "rmse": 0.06933291542121052,
    "mape": 0.05965173641840616
  },
  "std": {
    "mae": 0.01240711623167851,
    "mse": 0.002043493435903036,
    "rmse": 0.015255932660436483,
    "mape": 0.01240711623167851
  }
}