{
  "domain": "zn_ion",
  "task": "soh_traj",
  "model": "batterymformer",
  "splits": [
    {
      "mae": 0.016229973311225575,
      "mse": 0.0008008270268427031,
      "rmse": 0.028298887378176252,
      "mape": 0.017099609832830088
    },
    {
      "mae": 0.017747053255637486,
      "mse": 0.0011527652802490588,
      "rmse": 0.033952397268073115,
      "mape": 0.019078830886531263
    },
    {
      "mae": 0.017741114869713782,
      "mse": 0.0011435909420985343,
      "rmse": 0.03381702148472769,
      "mape": 0.019120109630111966
    }
  ],
  "mean": {
    "mae": 0.017239380478858948,
    "mse": 0.0010323944163967652,
    "rmse": 0.03202276871032569,
    "mape": 0.018432850116491106
  },
  "std": {
    "mae": 0.0007137627704212214,
    "mse": 0.0001637857015509131,
    "rmse": 0.0026337616676061605,
    "mape": 0.0009428938519792083
  }
}