{
  "domain": "zn_ion",
  "task": "soh_traj",
  "model": "batterymformer",
  "splits": [
    {
      "mae": 0.016228085706631343,
      "mse": 0.0008608320194885236,
      "rmse": 0.029339938982358562,
      "mape": 0.01714578760415587
    },
    {
      "mae": 0.01901863339046637,
      "mse": 0.0011434080491242254,
      "rmse": 0.033814317221026735,
      "mape": 0.020313540892048784
    },
    {
      "mae": 0.018193467731277148,
      "mse": 0.0012019694480654424,
      "rmse": 0.03466943103175249,
      "mape": 0.019607303827579275
    }
  ],
  "mean": {
    "mae": 0.01781339560945829,
    "mse": 0.0010687365055593971,
    "rmse": 0.03260789574504593,
    "mape": 0.019022210774594643
  },
  "std": {
    "mae": 0.0011705070716793863,
    "mse": 0.00014894197048466811,
    "rmse": 0.002337015327209623,
    "mape": 0.0013577961638201932
  }
}