{
  "domain": "zn_ion",
  "task": "soh_traj",
  "model": "batterymformer",
  "splits": [
    {
      "mae": 0.08365972031353652,
      "mse": 0.010540802545799158,
      "rmse": 0.10266841065195836,
      "mape": 0.08666846591979087
    },
    {
      "mae": 0.08163393820846619,
      "mse": 0.011413166172066468,
      "rmse": 0.1068324209782146,
      "mape": 0.08570841031224537
    },
    {
      "mae": 0.07323084061235534,
      "mse": 0.01086882959915057,
      "rmse": 0.10425367906769799,
      "mape": 0.07778032530948271
    }
  ],
  "mean": {
    "mae": 0.07950816637811936,
    "mse": 0.01094093277233873,
    "rmse": 0.10458483689929032,
    "mape": 0.08338573384717297
  },
  "std": {
    "mae": 0.004515127341242205,
    "mse": 0.00035977189513765914,
    "rmse": 0.0017160020651426678,
    "mape": 0.003982953707003811
  }
}