{
  "domain": "zn_ion",
  "task": "soh_traj",
  "model": "timemixer",
  "splits": [
    {
      "mae": 0.0467554288467401,
      "mse": 0.0034975667409968113,
      "rmse": 0.05914022946351165,
      "mape": 0.049644964021672476
    },
    {
      "mae": 0.03707780561525652,
      "mse": 0.00253116568156006,
      "rmse": 0.050310691523373634,
      "mape": 0.03957336745810035
    },
    {
      "mae": 0.03820527037371583,
      "mse": 0.0024389190638202775,
      "rmse": 0.04938541347220126,
      "mape": 0.04121046785636268
    }
  ],
  "mean": {
    "mae": 0.040679501611904145,
    "mse": 0.00282255049545905,
    "rmse": 0.052945444819695514,
    "mape": 0.0434762664453785
  },
  "std": {
    "mae": 0.0043209152593447825,
    "mse": 0.0004787919230911826,
    "rmse": 0.004396631472346413,
    "mape": 0.004412833312761696
  }
}