{
  "domain": "zn_ion",
  "task": "soh_traj",
  "model": "timemixer",
  "splits": [
    {
      "mae": 0.09136194844726922,
      "mse": 0.016268793396308157,
      "rmse": 0.12754918030433657,
      "mape": 0.11734176738140491
    },
    {
      "mae": 0.09339267562247369,
      "mse": 0.016267463127877385,
      "rmse": 0.12754396547025415,
      "mape": 0.12108956749636052
    },
    {
      "mae": 0.09870555160120807,
      "mse": 0.017909853548765207,
      "rmse": 0.13382770097690988,
      "mape": 0.14445695031764794
    }
  ],
  "mean": {
    "mae": 0.09448672522365033,
    "mse": 0.016815370024316916,
    "rmse": 0.1296402822505002,
    "mape": 0.1276294283984711
  },
  "std": {
    "mae": 0.0030962165318348597,
    "mse": 0.0007739169125817441,
    "rmse": 0.0029609529424762878,
    "mape": 0.011996822409307599
  }
}