{
  "domain": "zn_ion",
  "task": "soh_traj",
  "model": "timemixer",
  "splits": [
    {
      "mae": 0.06324762171319744,
      "mse": 0.008513912857650921,
      "rmse": 0.09227086678714426,
      "mape": 0.07456771361664367
    },
    {
      "mae": 0.08585834153040273,
      "mse": 0.011230411668820361,
      "rmse": 0.10597363666884496,
      "mape": 0.10182224854841673
    },
    {
      "mae": 0.0654801922433349,
      "mse": 0.008424808496496145,
      "rmse": 0.09178675556144332,
      "mape": 0.09181441211723781
    }
  ],
  "mean": {
    "mae": 0.07152871849564502,
    "mse": 0.00938971100765581,
    "rmse": 0.09667708633914418,
    "mape": 0.08940145809409943
  },
  "std": {
    "mae": 0.01017348399948623,
    "mse": 0.0013020801536523304,
    "rmse": 0.006576624105836631,
    "mape": 0.011256677393889204
  }
}