{
  "domain": "zn_ion",
  "task": "soh_traj",
  "model": "timemixer",
  "splits": [
    {
      "mae": 0.04049397878293286,
      "mse": 0.002819149996965963,
      "rmse": 0.053095668344658425,
      "mape": 0.04366444403547207
    },
    {
      "mae": 0.03361210693074784,
      "mse": 0.0020837114983553143,
      "rmse": 0.045647688861050945,
      "mape": 0.03672941515113795
    },
    {
      "mae": 0.03460784672690419,
      "mse": 0.002018754132895617,
      "rmse": 0.044930547881097745,
      "mape": 0.03769999314183807
    }
  ],
  "mean": {
    "mae": 0.036237977480194965,
    "mse": 0.0023072052094056314,
    "rmse": 0.04789130169560237,
    "mape": 0.03936461744281603
  },
  "std": {
    "mae": 0.0030367784193222882,
    "mse": 0.00036296966261154743,
    "rmse": 0.003691670530589755,
    "mape": 0.0030661470886865945
  }
}