{
  "domain": "zn_ion",
  "task": "rul",
  "model": "dlinear",
  "splits": [
    {
      "mae": 481.00466028849286,
      "mse": 809427.9530370062,
      "rmse": 899.6821400011263,
      "mape": 2.0590053338237975,
      "acc15": 0.08333333333333333
    },
    {
      "mae": 2293.512939453125,
      "mse": 6570657.186574257,
      "rmse": 2563.329316840553,
      "mape": 140.51811617774226,
      "acc15": 0.0
    },
    {
      "mae": 761.0104686419169,
      "mse": 2001516.2346475953,
      "rmse": 1414.7495307112122,
      "mape": 17.252034860465358,
      "acc15": 0.041666666666666664
    }
  ],
  "mean": {
    "mae": 1178.5093561278447,
    "mse": 3127200.4580862857,
    "rmse": 1625.920329184297,
    "mape": 53.2763854573438,
    "acc15": 0.041666666666666664
  },
  "std": {
    "mae": 796.6703861694515,
    "mse": 2483051.120230261,
    "rmse": 695.4017121286894,
    "mape": 62.00025118694944,
    "acc15": 0.034020690871988585
  }
}