{
  "domain": "zn_ion",
  "task": "rul",
  "model": "dlinear",
  "splits": [
    {
      "mae": 2323.8370425290027,
      "mse": 8730128.925406564,
      "rmse": 2954.679157777806,
      "mape": 11.635641869716439,
      "acc15": 0.024736842105263158
    },
    {
      "mae": 1898.5360034192315,
      "mse": 6250954.8737739865,
      "rmse": 2500.190967461083,
      "mape": 7.826734878040354,
      "acc15": 0.04473684210526316
    },
    {
      "mae": 2279.9328593591013,
      "mse": 11064195.206244942,
      "rmse": 3326.2885031585793,
      "mape": 12.17979156462111,
      "acc15": 0.023157894736842106
    }
  ],
  "mean": {
    "mae": 2167.435301769112,
    "mse": 8681759.668475164,
    "rmse": 2927.0528761324895,
    "mape": 10.547389437459302,
    "acc15": 0.030877192982456142
  },
  "std": {
    "mae": 190.98345271209146,
    "mse": 1965294.7723421967,
    "rmse": 337.81818897105865,
    "mape": 1.9365769881213157,
    "acc15": 0.00982142807177432
  }
}