{
  "domain": "zn_ion",
  "task": "rul",
  "model": "dlinear",
  "splits": [
    {
      "mae": 430.54986279209453,
      "mse": 413019.2811634806,
      "rmse": 642.6657616237858,
      "mape": 0.9836871830429078,
      "acc15": 0.0
    },
    {
      "mae": 401.29028654595214,
      "mse": 337284.35330743087,
      "rmse": 580.7618731523539,
      "mape": 0.9417264777207898,
      "acc15": 0.041666666666666664
    },
    {
      "mae": 330.70020479957265,
      "mse": 258164.52978058465,
      "rmse": 508.0989370000538,
      "mape": 0.9344415584495912,
      "acc15": 0.041666666666666664
    }
  ],
  "mean": {
    "mae": 387.5134513792064,
    "mse": 336156.0547504987,
    "rmse": 577.1755239253979,
    "mape": 0.9532850730710963,
    "acc15": 0.027777777777777776
  },
  "std": {
    "mae": 41.91133053415395,
    "mse": 63224.22162267564,
    "rmse": 54.99517553332489,
    "mape": 0.02170228452261132,
    "acc15": 0.019641855032959652
  }
}