{
  "domain": "zn_ion",
  "task": "rul",
  "model": "dlinear",
  "splits": [
    {
      "mae": 259.9489206093236,
      "mse": 95010.15153614574,
      "rmse": 308.2371676747399,
      "mape": 0.941749250458846,
      "acc15": 0.008947368421052631
    },
    {
      "mae": 422.0472077379729,
      "mse": 307772.60692641605,
      "rmse": 554.7725722549882,
      "mape": 0.7827957997239198,
      "acc15": 0.019473684210526317
    },
    {
      "mae": 304.62392418208873,
      "mse": 175279.2454619734,
      "rmse": 418.6636423932384,
      "mape": 1.232733069116486,
      "acc15": 0.07421052631578948
    }
  ],
  "mean": {
    "mae": 328.87335084312843,
    "mse": 192687.3346415117,
    "rmse": 427.22446077432215,
    "mape": 0.9857593730997506,
    "acc15": 0.034210526315789476
  },
  "std": {
    "mae": 68.36173243636804,
    "mse": 87727.78648594854,
    "rmse": 100.8295331616754,
    "mape": 0.1863036137925765,
    "acc15": 0.028608866120195805
  }
}