{
  "domain": "calb",
  "task": "rul",
  "model": "micn",
  "splits": [
    {
      "mae": 0.16993560791015624,
      "mse": 0.07188257643720135,
      "rmse": 0.2681092621249802,
      "mape": 0.0024628348972486414,
      "acc15": 1.0
    },
    {
      "mae": 0.3774261474609375,
      "mse": 0.21467146214563398,
      "rmse": 0.4633265178528356,
      "mape": 0.005469944166100544,
      "acc15": 1.0
    },
    {
      "mae": 0.955963134765625,
      "mse": 0.9579378232127056,
      "rmse": 0.9787429811818349,
      "mape": 0.013854538185009058,
      "acc15": 1.0
    }
  ],
  "mean": {
    "mae": 0.5011082967122396,
    "mse": 0.41483062059851367,
    "rmse": 0.5700595870532169,
    "mape": 0.007262439082786082,
    "acc15": 1.0
  },
  "std": {
    "mae": 0.33259863076105933,
    "mse": 0.3884338138550965,
    "rmse": 0.299771058988738,
    "mape": 0.004820270011029845,
    "acc15": 0.0
  }
}