{
  "domain": "calb",
  "task": "rul",
  "model": "micn",
  "splits": [
    {
      "mae": 211.95234288687658,
      "mse": 86876.84156115032,
      "rmse": 294.7487770307967,
      "mape": 0.1662414673790384,
      "acc15": 0.5232323232323233
    },
    {
      "mae": 264.67302654635523,
      "mse": 82875.41451905925,
      "rmse": 287.8809033594609,
      "mape": 0.27516820779487244,
      "acc15": 0.19959677419354838
    },
    {
      "mae": 104.4800612324416,
      "mse": 21277.277313088838,
      "rmse": 145.86732777798062,
      "mape": 0.07633480958179907,
      "acc15": 0.8262626262626263
    }
  ],
  "mean": {
    "mae": 193.70181022189115,
    "mse": 63676.51113109946,
    "rmse": 242.83233605607938,
    "mape": 0.17258149491856997,
    "acc15": 0.5163639078961659
  },
  "std": {
    "mae": 66.65962291588994,
    "mse": 30025.25743280199,
    "rmse": 68.6219184856179,
    "mape": 0.08129709721403,
    "acc15": 0.25588135777385623
  }
}