{
  "domain": "calb",
  "task": "rul",
  "model": "micn",
  "splits": [
    {
      "mae": 188.93536968809187,
      "mse": 99137.58561680732,
      "rmse": 314.8612164379845,
      "mape": 0.14758402081365324,
      "acc15": 0.6
    },
    {
      "mae": 179.1688732024162,
      "mse": 74035.38485915467,
      "rmse": 272.09444106624943,
      "mape": 0.21696285022178965,
      "acc15": 0.75
    },
    {
      "mae": 275.88265911063763,
      "mse": 80501.51404283025,
      "rmse": 283.72788731957644,
      "mape": 0.20742728289952514,
      "acc15": 0.046464646464646465
    }
  ],
  "mean": {
    "mae": 214.66230066704858,
    "mse": 84558.16150626408,
    "rmse": 290.22784827460345,
    "mape": 0.19065805131165603,
    "acc15": 0.46548821548821556
  },
  "std": {
    "mae": 43.47256091967533,
    "mse": 10641.817269661933,
    "rmse": 18.0542956705003,
    "mape": 0.030705708899665705,
    "acc15": 0.30255640085548485
  }
}