{
  "domain": "calb",
  "task": "rul",
  "model": "micn",
  "splits": [
    {
      "mae": 4.2816619873046875,
      "mse": 43.97264019090217,
      "rmse": 6.631186936808686,
      "mape": 0.06205307227977809,
      "acc15": 0.8
    },
    {
      "mae": 8.423537445068359,
      "mse": 138.7026869992056,
      "rmse": 11.777210493117868,
      "mape": 0.12208025282707766,
      "acc15": 0.6
    },
    {
      "mae": 15.78677978515625,
      "mse": 282.274410001043,
      "rmse": 16.80102407596165,
      "mape": 0.22879390992980073,
      "acc15": 0.2
    }
  ],
  "mean": {
    "mae": 9.497326405843099,
    "mse": 154.9832457303836,
    "rmse": 11.736473835296067,
    "mape": 0.1376424116788855,
    "acc15": 0.5333333333333333
  },
  "std": {
    "mae": 4.757919778980549,
    "mse": 97.96504757007587,
    "rmse": 4.151918549754366,
    "mape": 0.06895535911566011,
    "acc15": 0.24944382578492946
  }
}