{
  "domain": "na_ion",
  "task": "rul",
  "model": "bilstm",
  "splits": [
    {
      "mae": 15.829831903631037,
      "mse": 390.2216464757803,
      "rmse": 19.754028613824076,
      "mape": 0.5991822637235263,
      "acc15": 0.45454545454545453
    },
    {
      "mae": 8.640860817649148,
      "mse": 143.6693256310272,
      "rmse": 11.986213982364372,
      "mape": 0.14583573427896016,
      "acc15": 0.8181818181818182
    },
    {
      "mae": 18.64540654962713,
      "mse": 656.2633680739567,
      "rmse": 25.617637831657248,
      "mape": 2.9471763256467067,
      "acc15": 0.45454545454545453
    }
  ],
  "mean": {
    "mae": 14.372033090302438,
    "mse": 396.71811339358806,
    "rmse": 19.119293475948567,
    "mape": 1.2307314412163979,
    "acc15": 0.5757575757575758
  },
  "std": {
    "mae": 4.212411570657708,
    "mse": 209.31605472555384,
    "rmse": 5.583075350927899,
    "mape": 1.2277399425787994,
    "acc15": 0.1714198257421934
  }
}