{
  "domain": "na_ion",
  "task": "rul",
  "model": "bilstm",
  "splits": [
    {
      "mae": 42.94971535422585,
      "mse": 2390.3224574985957,
      "rmse": 48.89092408104592,
      "mape": 1.6226910243146713,
      "acc15": 0.2727272727272727
    },
    {
      "mae": 60.2747934514826,
      "mse": 4010.737715281075,
      "rmse": 63.33038540290968,
      "mape": 0.7057139522811905,
      "acc15": 0.0
    },
    {
      "mae": 52.56064813787287,
      "mse": 3225.8042037167947,
      "rmse": 56.79616363555548,
      "mape": 5.760975773914551,
      "acc15": 0.09090909090909091
    }
  ],
  "mean": {
    "mae": 51.92838564786044,
    "mse": 3208.9547921654885,
    "rmse": 56.33915770650369,
    "mape": 2.6964602501701376,
    "acc15": 0.12121212121212122
  },
  "std": {
    "mae": 7.087049205474209,
    "mse": 661.6390400189435,
    "rmse": 5.903736197290168,
    "mape": 2.1990381661250065,
    "acc15": 0.11338355717496791
  }
}