{
  "domain": "na_ion",
  "task": "rul",
  "model": "bilstm",
  "splits": [
    {
      "mae": 34.884037297566735,
      "mse": 1537.555590958883,
      "rmse": 39.21167671700463,
      "mape": 0.20900828739291127,
      "acc15": 0.3516666666666667
    },
    {
      "mae": 27.349452590942384,
      "mse": 965.9836729778831,
      "rmse": 31.080277878067356,
      "mape": 0.17888537460904516,
      "acc15": 0.505
    },
    {
      "mae": 39.26533106486003,
      "mse": 1667.633035979983,
      "rmse": 40.83666288985895,
      "mape": 0.20033782716324397,
      "acc15": 0.17833333333333334
    }
  ],
  "mean": {
    "mae": 33.83294031778971,
    "mse": 1390.3907666389161,
    "rmse": 37.04287249497698,
    "mape": 0.1960771630550668,
    "acc15": 0.34500000000000003
  },
  "std": {
    "mae": 4.921086844520274,
    "mse": 304.7633740988333,
    "rmse": 4.268063256301905,
    "mape": 0.012661290419440745,
    "acc15": 0.13344439818668824
  }
}