{
  "domain": "li_ion",
  "task": "rul",
  "model": "batlinet",
  "splits": [
    {
      "mae": 202.15580160610918,
      "mse": 144489.50438521535,
      "rmse": 380.1177506841996,
      "mape": 0.3739165259011584,
      "acc15": 0.35485507246376813
    },
    {
      "mae": 212.86470085586328,
      "mse": 120025.85323060465,
      "rmse": 346.44747542824535,
      "mape": 0.40324824619947824,
      "acc15": 0.32804347826086955
    },
    {
      "mae": 220.52225128837253,
      "mse": 153460.8155805002,
      "rmse": 391.7407504721716,
      "mape": 0.44161209045924216,
      "acc15": 0.33710144927536234
    }
  ],
  "mean": {
    "mae": 211.84758458344834,
    "mse": 139325.39106544005,
    "rmse": 372.7686588615388,
    "mape": 0.40625895418662633,
    "acc15": 0.34
  },
  "std": {
    "mae": 7.532485761309093,
    "mse": 14129.761182679711,
    "rmse": 19.20723915636346,
    "mape": 0.027718473228123854,
    "acc15": 0.011136025417616447
  }
}