{
  "domain": "li_ion",
  "task": "rul",
  "model": "batlinet",
  "splits": [
    {
      "mae": 345.560575377,
      "mse": 348907.4924041861,
      "rmse": 590.6839192022974,
      "mape": 1.2175087490317673,
      "acc15": 0.23684210526315788
    },
    {
      "mae": 408.8385796248913,
      "mse": 414628.52877932944,
      "rmse": 643.9165542050689,
      "mape": 1.1633827729682076,
      "acc15": 0.11842105263157894
    },
    {
      "mae": 315.9273486168761,
      "mse": 220596.29282117734,
      "rmse": 469.67679612812185,
      "mape": 0.832082016592416,
      "acc15": 0.15789473684210525
    }
  ],
  "mean": {
    "mae": 356.7755012062558,
    "mse": 328044.104668231,
    "rmse": 568.092423178496,
    "mape": 1.070991179530797,
    "acc15": 0.17105263157894735
  },
  "std": {
    "mae": 38.75095812039553,
    "mse": 80575.38027046726,
    "rmse": 72.90475564334301,
    "mape": 0.17037330859643998,
    "acc15": 0.04923233403649923
  }
}