{
  "domain": "li_ion",
  "task": "rul",
  "model": "batlinet",
  "splits": [
    {
      "mae": 764.0598330148061,
      "mse": 962608.9621146151,
      "rmse": 981.12637418154,
      "mape": 1.2840498570861314,
      "acc15": 0.020869565217391306
    },
    {
      "mae": 446.7381553152398,
      "mse": 375501.6939513585,
      "rmse": 612.7819301769256,
      "mape": 0.6977763608722821,
      "acc15": 0.049492753623188404
    },
    {
      "mae": 462.99397416057576,
      "mse": 294231.8479276012,
      "rmse": 542.431422326916,
      "mape": 0.9775117611875841,
      "acc15": 0.05550724637681159
    }
  ],
  "mean": {
    "mae": 557.9306541635406,
    "mse": 544114.1679978584,
    "rmse": 712.1132422284605,
    "mape": 0.9864459930486659,
    "acc15": 0.04195652173913043
  },
  "std": {
    "mae": 145.90634368663999,
    "mse": 297774.65360604634,
    "rmse": 192.37696910162654,
    "mape": 0.23942851189852507,
    "acc15": 0.015111548173127591
  }
}