{
  "domain": "li_ion",
  "task": "rul",
  "model": "batlinet",
  "splits": [
    {
      "mae": 341.5254404670314,
      "mse": 300787.88454077183,
      "rmse": 548.4413227873806,
      "mape": 2.0006459285379528,
      "acc15": 0.14473684210526316
    },
    {
      "mae": 293.2718676516884,
      "mse": 260463.97802643175,
      "rmse": 510.3567164507897,
      "mape": 1.5551478344048675,
      "acc15": 0.26973684210526316
    },
    {
      "mae": 243.8598642851177,
      "mse": 121946.8373387979,
      "rmse": 349.20887351096604,
      "mape": 1.0536031589749764,
      "acc15": 0.26973684210526316
    }
  ],
  "mean": {
    "mae": 292.88572413461253,
    "mse": 227732.89996866716,
    "rmse": 469.3356375830454,
    "mape": 1.5364656406392656,
    "acc15": 0.2280701754385965
  },
  "std": {
    "mae": 39.872739416365924,
    "mse": 76592.09116783219,
    "rmse": 86.35368702715225,
    "mape": 0.3868542103672475,
    "acc15": 0.05892556509887896
  }
}