{
  "domain": "calb",
  "task": "rul",
  "model": "lstm",
  "splits": [
    {
      "mae": 134.8395086115057,
      "mse": 22859.0510428273,
      "rmse": 151.19209980295696,
      "mape": 0.11098689720932559,
      "acc15": 0.602020202020202
    },
    {
      "mae": 263.9342075470955,
      "mse": 97385.98453696126,
      "rmse": 312.067275658569,
      "mape": 0.3019666783346882,
      "acc15": 0.4012096774193548
    },
    {
      "mae": 185.81178311434658,
      "mse": 38169.095610642704,
      "rmse": 195.36912655443464,
      "mape": 0.13914354540278187,
      "acc15": 0.591919191919192
    }
  ],
  "mean": {
    "mae": 194.8618330909826,
    "mse": 52804.71039681041,
    "rmse": 219.54283400532017,
    "mape": 0.18403237364893188,
    "acc15": 0.531716357119583
  },
  "std": {
    "mae": 53.08978480996353,
    "mse": 32137.38082188803,
    "rmse": 67.86497206750217,
    "mape": 0.08418065643070709,
    "acc15": 0.09237424852576114
  }
}