{
  "domain": "calb",
  "task": "rul",
  "model": "lstm",
  "splits": [
    {
      "mae": 0.0012725830078125,
      "mse": 3.353133797645569e-06,
      "rmse": 0.001831156409934872,
      "mape": 1.8443231997282607e-05,
      "acc15": 1.0
    },
    {
      "mae": 0.22928466796875,
      "mse": 0.05257145897485316,
      "rmse": 0.2292846679890593,
      "mape": 0.003322966202445653,
      "acc15": 1.0
    },
    {
      "mae": 1.0999832153320312,
      "mse": 1.2099630740121938,
      "rmse": 1.0999832153320312,
      "mape": 0.01594178572944973,
      "acc15": 1.0
    }
  ],
  "mean": {
    "mae": 0.4435134887695313,
    "mse": 0.4208459620402816,
    "rmse": 0.4436996799103418,
    "mape": 0.0064277317212975554,
    "acc15": 1.0
  },
  "std": {
    "mae": 0.47343549658627626,
    "mse": 0.5584026108720588,
    "rmse": 0.4732616148471601,
    "mape": 0.00686138400849676,
    "acc15": 0.0
  }
}