{
  "domain": "calb",
  "task": "rul",
  "model": "lstm",
  "splits": [
    {
      "mae": 0.12279205322265625,
      "mse": 0.015078635059762747,
      "rmse": 0.12279509379353373,
      "mape": 0.0017795949742413948,
      "acc15": 1.0
    },
    {
      "mae": 0.11193389892578125,
      "mse": 0.013339482585433871,
      "rmse": 0.11549667781124213,
      "mape": 0.0016222304192142212,
      "acc15": 1.0
    },
    {
      "mae": 1.2623992919921876,
      "mse": 1.6041948481230066,
      "rmse": 1.266568137970874,
      "mape": 0.01829564191293025,
      "acc15": 1.0
    }
  ],
  "mean": {
    "mae": 0.499041748046875,
    "mse": 0.5442043219227344,
    "rmse": 0.50161996985855,
    "mape": 0.007232489102128622,
    "acc15": 1.0
  },
  "std": {
    "mae": 0.5397934974304825,
    "mse": 0.7495268253543164,
    "rmse": 0.5409082433849959,
    "mape": 0.007823094165659164,
    "acc15": 0.0
  }
}