{
  "domain": "li_ion",
  "task": "soh_point",
  "model": "gru",
  "splits": [
    {
      "mae": 0.008982770097349917,
      "mse": 0.00019294513374815708,
      "rmse": 0.013890469169475778,
      "mape": 0.009494317434282983
    },
    {
      "mae": 0.007761444462987323,
      "mse": 0.00013613929923286108,
      "rmse": 0.011667874666487513,
      "mape": 0.00813577572472808
    },
    {
      "mae": 0.007741309494445259,
      "mse": 0.00012571924061103847,
      "rmse": 0.011212459168756801,
      "mape": 0.00813894599509314
    }
  ],
  "mean": {
    "mae": 0.008161841351594167,
    "mse": 0.00015160122453068554,
    "rmse": 0.012256934334906697,
    "mape": 0.008589679718034733
  },
  "std": {
    "mae": 0.0005805424810443132,
    "mse": 2.9542438710635148e-05,
    "rmse": 0.0011699509564382898,
    "mape": 0.0006396767730125805
  }
}