{
  "domain": "li_ion",
  "task": "soh_point",
  "model": "gru",
  "splits": [
    {
      "mae": 0.011363517680893774,
      "mse": 0.0002622269516592695,
      "rmse": 0.016193423098877814,
      "mape": 0.012032571208993008
    },
    {
      "mae": 0.011049893044907114,
      "mse": 0.00024264974572278588,
      "rmse": 0.015577218805768438,
      "mape": 0.011665270258267194
    },
    {
      "mae": 0.011522746310717818,
      "mse": 0.00027427806541695953,
      "rmse": 0.016561342500442396,
      "mape": 0.01231159404624936
    }
  ],
  "mean": {
    "mae": 0.011312052345506236,
    "mse": 0.0002597182542663383,
    "rmse": 0.01611066146836288,
    "mape": 0.012003145171169854
  },
  "std": {
    "mae": 0.0001964417866389869,
    "mse": 1.3033490799377533e-05,
    "rmse": 0.00040600654938789476,
    "mape": 0.00026467971651838795
  }
}