{
  "domain": "li_ion",
  "task": "soh_point",
  "model": "gru",
  "splits": [
    {
      "mae": 0.011528367666821731,
      "mse": 0.00024795355893632954,
      "rmse": 0.015746541173741285,
      "mape": 0.012277780788238669
    },
    {
      "mae": 0.01165680783359628,
      "mse": 0.0003393692112577381,
      "rmse": 0.018421976312484448,
      "mape": 0.012543525469897185
    },
    {
      "mae": 0.011252483254984805,
      "mse": 0.00025463304638787134,
      "rmse": 0.015957225522874312,
      "mape": 0.011995829087851307
    }
  ],
  "mean": {
    "mae": 0.011479219585134273,
    "mse": 0.0002806519388606463,
    "rmse": 0.016708581003033348,
    "mape": 0.012272378448662387
  },
  "std": {
    "mae": 0.00016868361245737478,
    "mse": 4.160883276797153e-05,
    "rmse": 0.0012146027028289742,
    "mape": 0.00022362874096920718
  }
}