{
  "domain": "li_ion",
  "task": "soh_point",
  "model": "gru",
  "splits": [
    {
      "mae": 0.020896094017907194,
      "mse": 0.0007612449329060975,
      "rmse": 0.027590667496566617,
      "mape": 0.022276048236564747
    },
    {
      "mae": 0.019851316746912505,
      "mse": 0.0009087085186812011,
      "rmse": 0.030144792563247157,
      "mape": 0.02135480471892329
    },
    {
      "mae": 0.01913796953464809,
      "mse": 0.0007236394684607508,
      "rmse": 0.02690054773532968,
      "mape": 0.020136236841538816
    }
  ],
  "mean": {
    "mae": 0.01996179343315593,
    "mse": 0.0007978643066826832,
    "rmse": 0.02821200259838115,
    "mape": 0.021255696599008948
  },
  "std": {
    "mae": 0.0007219899575992582,
    "mse": 7.986810894308548e-05,
    "rmse": 0.001395426842087511,
    "mape": 0.0008763808213881379
  }
}