{
  "domain": "li_ion",
  "task": "soh_traj",
  "model": "batterymformer",
  "splits": [
    {
      "mae": 0.01507560431957245,
      "mse": 0.0004309776436237406,
      "rmse": 0.0207600010506681,
      "mape": 0.015864884420089292
    },
    {
      "mae": 0.01824018714067183,
      "mse": 0.00088641684990401,
      "rmse": 0.029772753482068297,
      "mape": 0.01962371099360099
    },
    {
      "mae": 0.017092464789748192,
      "mse": 0.0005052435393188976,
      "rmse": 0.022477623079829808,
      "mape": 0.017865147492463155
    }
  ],
  "mean": {
    "mae": 0.016802752083330822,
    "mse": 0.0006075460109488828,
    "rmse": 0.024336792537522068,
    "mape": 0.017784580968717812
  },
  "std": {
    "mae": 0.0013080765005901056,
    "mse": 0.00019950867053924144,
    "rmse": 0.003907241985658541,
    "mape": 0.0015355916397262494
  }
}