{
  "domain": "li_ion",
  "task": "soh_traj",
  "model": "batterymformer",
  "splits": [
    {
      "mae": 0.015154301022228442,
      "mse": 0.0004315636380153919,
      "rmse": 0.020774109800792716,
      "mape": 0.016034078316700763
    },
    {
      "mae": 0.017601142764875764,
      "mse": 0.0006007941903882124,
      "rmse": 0.02451110341025496,
      "mape": 0.01844953171327255
    },
    {
      "mae": 0.02405194195477586,
      "mse": 0.0008237027975738956,
      "rmse": 0.028700222953383057,
      "mape": 0.02494768332158295
    }
  ],
  "mean": {
    "mae": 0.018935795247293354,
    "mse": 0.0006186868753258333,
    "rmse": 0.024661812054810245,
    "mape": 0.01981043111718542
  },
  "std": {
    "mae": 0.003753041120456263,
    "mse": 0.00016058931314696324,
    "rmse": 0.0032375764854362045,
    "mape": 0.003764051357818505
  }
}