{
  "domain": "li_ion",
  "task": "soh_traj",
  "model": "batterymformer",
  "splits": [
    {
      "mae": 0.03166239961932327,
      "mse": 0.0017720406625568149,
      "rmse": 0.042095613341021826,
      "mape": 0.03514763674548295
    },
    {
      "mae": 0.03216609087641884,
      "mse": 0.0017464668222814895,
      "rmse": 0.041790750439319575,
      "mape": 0.03573795044955365
    },
    {
      "mae": 0.03354049875229066,
      "mse": 0.0022418866489194935,
      "rmse": 0.0473485654367637,
      "mape": 0.03765737062725395
    }
  ],
  "mean": {
    "mae": 0.03245632974934425,
    "mse": 0.0019201313779192662,
    "rmse": 0.04374497640570169,
    "mape": 0.036180985940763515
  },
  "std": {
    "mae": 0.0007937224707377183,
    "mse": 0.0002277547601243193,
    "rmse": 0.0025511599683021757,
    "mape": 0.0010714169353963048
  }
}