{
  "domain": "zn_ion",
  "task": "rul",
  "model": "itransformer",
  "splits": [
    {
      "mae": 369.15002568562824,
      "mse": 262735.1832122354,
      "rmse": 512.5770022272121,
      "mape": 4.367892550872962,
      "acc15": 0.08333333333333333
    },
    {
      "mae": 355.7653007507324,
      "mse": 215806.93733531714,
      "rmse": 464.55025275562724,
      "mape": 13.201798256528724,
      "acc15": 0.0
    },
    {
      "mae": 281.26745223999023,
      "mse": 154708.0963669374,
      "rmse": 393.3295010127481,
      "mape": 17.49488321778532,
      "acc15": 0.16666666666666666
    }
  ],
  "mean": {
    "mae": 335.39425955878363,
    "mse": 211083.4056381633,
    "rmse": 456.8189186651958,
    "mape": 11.688191341729,
    "acc15": 0.08333333333333333
  },
  "std": {
    "mae": 38.66153271914299,
    "mse": 44228.17116454853,
    "rmse": 48.9885822179468,
    "mape": 5.464901671070162,
    "acc15": 0.06804138174397717
  }
}