{
  "domain": "zn_ion",
  "task": "rul",
  "model": "itransformer",
  "splits": [
    {
      "mae": 258.94126183760795,
      "mse": 94402.47265163911,
      "rmse": 307.24985378619647,
      "mape": 0.9390974249482059,
      "acc15": 0.023157894736842106
    },
    {
      "mae": 424.37125,
      "mse": 301928.68789140874,
      "rmse": 549.4803798966882,
      "mape": 0.8353573472262106,
      "acc15": 0.0
    },
    {
      "mae": 294.4319669221577,
      "mse": 157171.6640901646,
      "rmse": 396.4488164822347,
      "mape": 1.2451054745333554,
      "acc15": 0.10526315789473684
    }
  ],
  "mean": {
    "mae": 325.91482625325517,
    "mse": 184500.94154440414,
    "rmse": 417.7263500550398,
    "mape": 1.006520082235924,
    "acc15": 0.04280701754385965
  },
  "std": {
    "mae": 71.11093713158591,
    "mse": 86898.21462517284,
    "rmse": 100.02818609821196,
    "mape": 0.173940110372758,
    "acc15": 0.04516376957109918
  }
}