{
  "domain": "zn_ion",
  "task": "rul",
  "model": "itransformer",
  "splits": [
    {
      "mae": 368.2156394322713,
      "mse": 319733.56708254036,
      "rmse": 565.449880256898,
      "mape": 2.2929899089492354,
      "acc15": 0.125
    },
    {
      "mae": 358.28721809387207,
      "mse": 269512.10583931877,
      "rmse": 519.1455536160536,
      "mape": 6.277124943842203,
      "acc15": 0.041666666666666664
    },
    {
      "mae": 289.4235375722249,
      "mse": 190501.1281199565,
      "rmse": 436.4643491969951,
      "mape": 8.762877296291775,
      "acc15": 0.0
    }
  ],
  "mean": {
    "mae": 338.64213169945606,
    "mse": 259915.6003472719,
    "rmse": 507.01992768998224,
    "mape": 5.777664049694404,
    "acc15": 0.05555555555555555
  },
  "std": {
    "mae": 35.03803546113882,
    "mse": 53193.51782751138,
    "rmse": 53.351600468186874,
    "mape": 2.6648272726777504,
    "acc15": 0.05196746370519363
  }
}