{
  "domain": "na_ion",
  "task": "soh_point",
  "model": "micn",
  "splits": [
    {
      "mae": 0.006720724006493886,
      "mse": 0.00010281111146473047,
      "rmse": 0.010139581424532794,
      "mape": 0.007820380397521774
    },
    {
      "mae": 0.009770662784576415,
      "mse": 0.0001637197588839238,
      "rmse": 0.012795302219327365,
      "mape": 0.011531703672558192
    },
    {
      "mae": 0.010756061176458994,
      "mse": 0.000184462713807149,
      "rmse": 0.013581705114128675,
      "mape": 0.012305614227043838
    }
  ],
  "mean": {
    "mae": 0.0090824826558431,
    "mse": 0.0001503311947186011,
    "rmse": 0.012172196252662944,
    "mape": 0.01055256609904127
  },
  "std": {
    "mae": 0.001717785480594721,
    "mse": 3.465242924700311e-05,
    "rmse": 0.0014726958631228854,
    "mape": 0.0019576113705698835
  }
}