{
  "domain": "na_ion",
  "task": "soh_point",
  "model": "micn",
  "splits": [
    {
      "mae": 0.00893107016881307,
      "mse": 0.0001360136651937083,
      "rmse": 0.011662489665320535,
      "mape": 0.010348003713343322
    },
    {
      "mae": 0.010562851230303446,
      "mse": 0.00022414457911730542,
      "rmse": 0.014971458817273133,
      "mape": 0.012340831990295086
    },
    {
      "mae": 0.009913478791713715,
      "mse": 0.00017307778948040328,
      "rmse": 0.013155903217962775,
      "mape": 0.011317512188919415
    }
  ],
  "mean": {
    "mae": 0.009802466730276743,
    "mse": 0.000177745344597139,
    "rmse": 0.01326328390018548,
    "mape": 0.011335449297519276
  },
  "std": {
    "mae": 0.0006707806976441848,
    "mse": 3.613035704526916e-05,
    "rmse": 0.00135301322248514,
    "mape": 0.0008136675980822171
  }
}