{
  "domain": "na_ion",
  "task": "soh_point",
  "model": "micn",
  "splits": [
    {
      "mae": 0.01861665473884368,
      "mse": 0.0006579229511634015,
      "rmse": 0.02565000879460671,
      "mape": 0.02190842379927785
    },
    {
      "mae": 0.021077626120595255,
      "mse": 0.0008973808221801389,
      "rmse": 0.02995631523035066,
      "mape": 0.02402810848786889
    },
    {
      "mae": 0.01513748720611299,
      "mse": 0.00035760802787161315,
      "rmse": 0.018910526906239636,
      "mape": 0.01745578120106116
    }
  ],
  "mean": {
    "mae": 0.01827725602185064,
    "mse": 0.0006376372670717179,
    "rmse": 0.024838950310399,
    "mape": 0.021130771162735967
  },
  "std": {
    "mae": 0.0024368977816969163,
    "mse": 0.0002208276841086872,
    "rmse": 0.004545746863744969,
    "mape": 0.002738908445417598
  }
}