{
  "domain": "na_ion",
  "task": "soh_point",
  "model": "micn",
  "splits": [
    {
      "mae": 0.14316199042580344,
      "mse": 0.03008088389737974,
      "rmse": 0.17343841528732826,
      "mape": 0.16501763194440955
    },
    {
      "mae": 0.11587172746658325,
      "mse": 0.03278505309731598,
      "rmse": 0.18106643282871618,
      "mape": 0.1327998625187465
    },
    {
      "mae": 0.18265231089158493,
      "mse": 0.04054564769308784,
      "rmse": 0.20135949864133015,
      "mape": 0.21341493248904272
    }
  ],
  "mean": {
    "mae": 0.14722867626132388,
    "mse": 0.03447052822926119,
    "rmse": 0.18528811558579153,
    "mape": 0.17041080898406627
  },
  "std": {
    "mae": 0.027414291053019763,
    "mse": 0.004435345919639568,
    "rmse": 0.011783142701654228,
    "mape": 0.03313117510256012
  }
}