{
  "domain": "na_ion",
  "task": "soh_point",
  "model": "micn",
  "splits": [
    {
      "mae": 0.09454601461237128,
      "mse": 0.011783766831395067,
      "rmse": 0.10855305998172077,
      "mape": 0.11019834088637218
    },
    {
      "mae": 0.06581090797077525,
      "mse": 0.010839505259063742,
      "rmse": 0.10411294472381301,
      "mape": 0.07386176361656972
    },
    {
      "mae": 0.11127725514498624,
      "mse": 0.015221787040492141,
      "rmse": 0.1233766065366208,
      "mape": 0.130035797448508
    }
  ],
  "mean": {
    "mae": 0.09054472590937761,
    "mse": 0.012615019710316982,
    "rmse": 0.11201420374738486,
    "mape": 0.10469863398381662
  },
  "std": {
    "mae": 0.018775958294318818,
    "mse": 0.0018831417745347441,
    "rmse": 0.008236374758128478,
    "mape": 0.023260346819547483
  }
}