{
  "domain": "li_ion",
  "task": "rul",
  "model": "transformer",
  "splits": [
    {
      "mae": 192.20448403952778,
      "mse": 190840.91161070802,
      "rmse": 436.8534211960667,
      "mape": 0.33830751729137715,
      "acc15": 0.48507246376811597
    },
    {
      "mae": 142.17407722473143,
      "mse": 81214.90076074807,
      "rmse": 284.9822814856181,
      "mape": 0.19506983558161545,
      "acc15": 0.5860869565217391
    },
    {
      "mae": 151.5616399809243,
      "mse": 110575.59090871707,
      "rmse": 332.529082801365,
      "mape": 0.21893009179823478,
      "acc15": 0.5369565217391304
    }
  ],
  "mean": {
    "mae": 161.98006708172784,
    "mse": 127543.80109339104,
    "rmse": 351.4549284943499,
    "mape": 0.25076914822374247,
    "acc15": 0.5360386473429952
  },
  "std": {
    "mae": 21.71279375475165,
    "mse": 46335.05283168341,
    "rmse": 63.428970750142526,
    "mape": 0.06266073997300461,
    "acc15": 0.04124410104587287
  }
}