{
  "domain": "li_ion",
  "task": "rul",
  "model": "transformer",
  "splits": [
    {
      "mae": 303.00091653121143,
      "mse": 376293.33842814766,
      "rmse": 613.4275331513476,
      "mape": 1.2372859147663462,
      "acc15": 0.2565789473684211
    },
    {
      "mae": 267.4159154390034,
      "mse": 307607.5947460003,
      "rmse": 554.6238317508546,
      "mape": 0.9848579723573159,
      "acc15": 0.32894736842105265
    },
    {
      "mae": 245.54598963888068,
      "mse": 219984.5310819501,
      "rmse": 469.0250857704203,
      "mape": 0.6780022526747917,
      "acc15": 0.24342105263157895
    }
  ],
  "mean": {
    "mae": 271.9876072030318,
    "mse": 301295.15475203266,
    "rmse": 545.6921502242075,
    "mape": 0.966715379932818,
    "acc15": 0.27631578947368424
  },
  "std": {
    "mae": 23.677590393164753,
    "mse": 63968.7214582552,
    "rmse": 59.289391426406446,
    "mape": 0.22868671279801997,
    "acc15": 0.03760181622693476
  }
}