{
  "domain": "li_ion",
  "task": "rul",
  "model": "transformer",
  "splits": [
    {
      "mae": 184.75961675141988,
      "mse": 201435.60447907238,
      "rmse": 448.8157801137036,
      "mape": 0.5010466547089463,
      "acc15": 0.34210526315789475
    },
    {
      "mae": 191.68348352532638,
      "mse": 193141.00995880534,
      "rmse": 439.4781108983761,
      "mape": 0.542155190074178,
      "acc15": 0.3618421052631579
    },
    {
      "mae": 207.56650964837326,
      "mse": 255724.37137007018,
      "rmse": 505.6919728155374,
      "mape": 0.6697040587287312,
      "acc15": 0.40789473684210525
    }
  ],
  "mean": {
    "mae": 194.66986997503986,
    "mse": 216766.995269316,
    "rmse": 464.6619546092057,
    "mape": 0.5709686345039517,
    "acc15": 0.37061403508771934
  },
  "std": {
    "mae": 9.54733711298774,
    "mse": 27754.374298545237,
    "rmse": 29.261975464216935,
    "mape": 0.0718052501219049,
    "acc15": 0.02756536203942222
  }
}