{
  "domain": "na_ion",
  "task": "soh_point",
  "model": "timemixer",
  "splits": [
    {
      "mae": 0.04493993520736694,
      "mse": 0.003483706427523391,
      "rmse": 0.05902293137013267,
      "mape": 0.05262884973092514
    },
    {
      "mae": 0.01579019698229703,
      "mse": 0.0004987069370659857,
      "rmse": 0.022331747290930588,
      "mape": 0.017802202448848566
    },
    {
      "mae": 0.04808492010289973,
      "mse": 0.005143567091467622,
      "rmse": 0.07171866626944216,
      "mape": 0.0585242336049151
    }
  ],
  "mean": {
    "mae": 0.03627168409752123,
    "mse": 0.0030419934853523328,
    "rmse": 0.051024448310168474,
    "mape": 0.04298509526156293
  },
  "std": {
    "mae": 0.014539399766074792,
    "mse": 0.0019218071713794208,
    "rmse": 0.020940371534318065,
    "mape": 0.017968907508395734
  }
}