{
  "domain": "na_ion",
  "task": "soh_point",
  "model": "timemixer",
  "splits": [
    {
      "mae": 0.016427064803709465,
      "mse": 0.0004108119576365112,
      "rmse": 0.02026849667924366,
      "mape": 0.01924281781052361
    },
    {
      "mae": 0.02605903068845741,
      "mse": 0.0010785641702601148,
      "rmse": 0.03284150073093668,
      "mape": 0.02969240601048306
    },
    {
      "mae": 0.020013827518064048,
      "mse": 0.0005874669271372077,
      "rmse": 0.024237717036412646,
      "mape": 0.022841833148601585
    }
  ],
  "mean": {
    "mae": 0.020833307670076975,
    "mse": 0.0006922810183446112,
    "rmse": 0.02578257148219766,
    "mape": 0.02392568565653608
  },
  "std": {
    "mae": 0.003974699358936422,
    "mse": 0.000282503981862976,
    "rmse": 0.00524785919304044,
    "mape": 0.004334322367752532
  }
}