{
  "domain": "na_ion",
  "task": "soh_point",
  "model": "timemixer",
  "splits": [
    {
      "mae": 0.008814422190189361,
      "mse": 0.0001326195181663851,
      "rmse": 0.011516054800424714,
      "mape": 0.010270947103040105
    },
    {
      "mae": 0.008044073879718781,
      "mse": 0.00013073907850969253,
      "rmse": 0.011434119052628958,
      "mape": 0.009525175293949256
    },
    {
      "mae": 0.009562363823254903,
      "mse": 0.00014678862938864037,
      "rmse": 0.012115635740176427,
      "mape": 0.010961575757242006
    }
  ],
  "mean": {
    "mae": 0.008806953297721016,
    "mse": 0.00013671574202157267,
    "rmse": 0.011688603197743367,
    "mape": 0.010252566051410455
  },
  "std": {
    "mae": 0.0006198617729928491,
    "mse": 7.163858748739613e-06,
    "rmse": 0.0003038047189828198,
    "mape": 0.0005865520551102951
  }
}