{
  "domain": "na_ion",
  "task": "soh_point",
  "model": "timemixer",
  "splits": [
    {
      "mae": 0.01476873051036488,
      "mse": 0.00028585540980944046,
      "rmse": 0.01690725908624578,
      "mape": 0.017549030925038206
    },
    {
      "mae": 0.015475414016030052,
      "mse": 0.00030902256865772415,
      "rmse": 0.01757903776256608,
      "mape": 0.01754270861341225
    },
    {
      "mae": 0.015755664218555798,
      "mse": 0.00027826651338487676,
      "rmse": 0.01668132229125967,
      "mape": 0.018763865595765
    }
  ],
  "mean": {
    "mae": 0.015333269581650244,
    "mse": 0.0002910481639506805,
    "rmse": 0.01705587304669051,
    "mape": 0.01795186837807182
  },
  "std": {
    "mae": 0.0004152616173448058,
    "mse": 1.3081978842798332e-05,
    "rmse": 0.00038125918461944165,
    "mape": 0.000574174540282062
  }
}