{
  "domain": "calb",
  "task": "rul",
  "model": "cnn",
  "splits": [
    {
      "mae": 133.43939788510102,
      "mse": 25381.40244564438,
      "rmse": 159.31541810397505,
      "mape": 0.11182764909210287,
      "acc15": 0.6666666666666666
    },
    {
      "mae": 285.80440053632185,
      "mse": 103331.6525530945,
      "rmse": 321.4524110239251,
      "mape": 0.31705840282533804,
      "acc15": 0.2540322580645161
    },
    {
      "mae": 221.9901031802399,
      "mse": 52969.57821223868,
      "rmse": 230.15120727955932,
      "mape": 0.1666016462538768,
      "acc15": 0.4
    }
  ],
  "mean": {
    "mae": 213.74463386722093,
    "mse": 60560.877736992516,
    "rmse": 236.9730121358198,
    "mape": 0.19849589939043924,
    "acc15": 0.4402329749103943
  },
  "std": {
    "mae": 62.47540492796925,
    "mse": 32272.601840254556,
    "rmse": 66.36768231804622,
    "mape": 0.08676730608100533,
    "acc15": 0.1708426332295639
  }
}