{
  "domain": "calb",
  "task": "rul",
  "model": "cnn",
  "splits": [
    {
      "mae": 5.095234680175781,
      "mse": 34.826162151398606,
      "rmse": 5.901369514900639,
      "mape": 0.07384398087211277,
      "acc15": 1.0
    },
    {
      "mae": 4.037166595458984,
      "mse": 20.431983611945178,
      "rmse": 4.520175174918022,
      "mape": 0.058509660803753395,
      "acc15": 1.0
    },
    {
      "mae": 5.285186767578125,
      "mse": 38.47634411246982,
      "rmse": 6.202930284347054,
      "mape": 0.0765969096750453,
      "acc15": 1.0
    }
  ],
  "mean": {
    "mae": 4.8058626810709635,
    "mse": 31.244829958604537,
    "rmse": 5.5414916580552385,
    "mape": 0.06965018378363715,
    "acc15": 1.0
  },
  "std": {
    "mae": 0.5490541581687008,
    "mse": 7.7897022482497515,
    "rmse": 0.7325982270717954,
    "mape": 0.007957306640126106,
    "acc15": 0.0
  }
}