{
  "domain": "calb",
  "task": "rul",
  "model": "cnn",
  "splits": [
    {
      "mae": 0.0559814453125,
      "mse": 0.0037202559178695083,
      "rmse": 0.060993900661209625,
      "mape": 0.000811325294384058,
      "acc15": 1.0
    },
    {
      "mae": 1.2675338745117188,
      "mse": 1.6952241515857167,
      "rmse": 1.3020077386811941,
      "mape": 0.01837005615234375,
      "acc15": 1.0
    },
    {
      "mae": 0.8124237060546875,
      "mse": 0.6955000505084172,
      "rmse": 0.8339664564647773,
      "mape": 0.011774256609488224,
      "acc15": 1.0
    }
  ],
  "mean": {
    "mae": 0.7119796752929689,
    "mse": 0.7981481526706679,
    "rmse": 0.7323226986023936,
    "mape": 0.010318546018738677,
    "acc15": 1.0
  },
  "std": {
    "mae": 0.4996876188589413,
    "mse": 0.6943576561220736,
    "rmse": 0.5117143908298607,
    "mape": 0.0072418495486803085,
    "acc15": 0.0
  }
}