{
  "domain": "calb",
  "task": "soh_traj",
  "model": "timemixer",
  "splits": [
    {
      "mae": 0.02940515267728555,
      "mse": 0.001365652493110342,
      "rmse": 0.03695473573319585,
      "mape": 0.02940515267728555
    },
    {
      "mae": 0.049056266413794625,
      "mse": 0.0038680685962382017,
      "rmse": 0.062193798695997025,
      "mape": 0.04906011410318137
    },
    {
      "mae": 0.026481347975104746,
      "mse": 0.001062314435770535,
      "rmse": 0.03259316547637764,
      "mape": 0.026483489807775883
    }
  ],
  "mean": {
    "mae": 0.034980922355394975,
    "mse": 0.002098678508373026,
    "rmse": 0.0439138999685235,
    "mape": 0.034982918862747604
  },
  "std": {
    "mae": 0.010024092353121666,
    "mse": 0.0012572614303939394,
    "rmse": 0.013047907798859462,
    "mape": 0.010025287954592167
  }
}