{
  "domain": "calb",
  "task": "soh_traj",
  "model": "timemixer",
  "splits": [
    {
      "mae": 0.030983177339187776,
      "mse": 0.0015088987165659136,
      "rmse": 0.038844545518848764,
      "mape": 0.030983177339187776
    },
    {
      "mae": 0.03317186073823409,
      "mse": 0.0017623754108094841,
      "rmse": 0.04198065519747737,
      "mape": 0.03317386754546983
    },
    {
      "mae": 0.055169551781933716,
      "mse": 0.004693498737575975,
      "rmse": 0.06850911426646804,
      "mape": 0.05517295503778522
    }
  ],
  "mean": {
    "mae": 0.03977486328645186,
    "mse": 0.0026549242883171244,
    "rmse": 0.04977810499426472,
    "mape": 0.03977666664081428
  },
  "std": {
    "mae": 0.010922298572492462,
    "mse": 0.0014451993974326247,
    "rmse": 0.013306560468320927,
    "mape": 0.010923493128634927
  }
}