{
  "domain": "calb",
  "task": "soh_traj",
  "model": "timemixer",
  "splits": [
    {
      "mae": 0.0050806176295212675,
      "mse": 4.841500659530454e-05,
      "rmse": 0.0069580892919899025,
      "mape": 0.005352510421498543
    },
    {
      "mae": 0.008738318455715429,
      "mse": 0.00036435743585736506,
      "rmse": 0.01908814909459178,
      "mape": 0.009030666476819126
    },
    {
      "mae": 0.008032388777638361,
      "mse": 0.00034205504206418695,
      "rmse": 0.018494730116013776,
      "mape": 0.008300515553539226
    }
  ],
  "mean": {
    "mae": 0.007283774954291686,
    "mse": 0.00025160916150561885,
    "rmse": 0.014846989500865153,
    "mape": 0.007561230817285631
  },
  "std": {
    "mae": 0.0015843002295155757,
    "mse": 0.00014396816230105437,
    "rmse": 0.005583553014597314,
    "mape": 0.0015899925435393352
  }
}