{
  "domain": "calb",
  "task": "soh_traj",
  "model": "timemixer",
  "splits": [
    {
      "mae": 0.008308380444236856,
      "mse": 0.00029625920286831606,
      "rmse": 0.017212181816037037,
      "mape": 0.008581986148193941
    },
    {
      "mae": 0.008189128084836728,
      "mse": 0.00018388710276387953,
      "rmse": 0.013560497880383283,
      "mape": 0.008440351483694415
    },
    {
      "mae": 0.005327799562841593,
      "mse": 7.481039273310351e-05,
      "rmse": 0.008649300129669656,
      "mape": 0.005578892670321874
    }
  ],
  "mean": {
    "mae": 0.0072751026973050595,
    "mse": 0.00018498556612176636,
    "rmse": 0.013140659942029993,
    "mape": 0.007533743434070077
  },
  "std": {
    "mae": 0.0013778116476074306,
    "mse": 9.040943477273014e-05,
    "rmse": 0.0035083646346545402,
    "mape": 0.001383497072865756
  }
}