{
  "domain": "li_ion",
  "task": "soh_point",
  "model": "batlinet",
  "splits": [
    {
      "mae": 0.3739472462474436,
      "mse": 0.16381332711335073,
      "rmse": 0.4047385910848516,
      "mape": 0.3939183012074689
    },
    {
      "mae": 0.45347049138684203,
      "mse": 0.24244167217620385,
      "rmse": 0.49238366359598473,
      "mape": 0.47147234443271197
    },
    {
      "mae": 0.6651198134549718,
      "mse": 0.4716702197940667,
      "rmse": 0.6867825127316993,
      "mape": 0.6989328562147918
    }
  ],
  "mean": {
    "mae": 0.49751251702975247,
    "mse": 0.29264173969454044,
    "rmse": 0.5279682558041786,
    "mape": 0.5214411672849909
  },
  "std": {
    "mae": 0.12288243972893693,
    "mse": 0.13059862601852704,
    "rmse": 0.11786119190655557,
    "mape": 0.12943758376018055
  }
}