{
  "domain": "li_ion",
  "task": "soh_point",
  "model": "batlinet",
  "splits": [
    {
      "mae": 0.018487736263136934,
      "mse": 0.0007048231761411014,
      "rmse": 0.026548506099988024,
      "mape": 0.01983421780719095
    },
    {
      "mae": 0.015439669157283894,
      "mse": 0.0005310692768452417,
      "rmse": 0.02304494037408736,
      "mape": 0.016507109548116565
    },
    {
      "mae": 0.01952084568531617,
      "mse": 0.0007435492830243622,
      "rmse": 0.027268100099280154,
      "mape": 0.020917534771204057
    }
  ],
  "mean": {
    "mae": 0.017816083701912334,
    "mse": 0.0006598139120035685,
    "rmse": 0.02562051552445185,
    "mape": 0.019086287375503858
  },
  "std": {
    "mae": 0.001732500761998884,
    "mse": 9.239882268413535e-05,
    "rmse": 0.0018447482930986528,
    "mape": 0.0018766126593935716
  }
}