{
  "domain": "li_ion",
  "task": "soh_point",
  "model": "batlinet",
  "splits": [
    {
      "mae": 0.0190214528444591,
      "mse": 0.0006033673983755792,
      "rmse": 0.024563537985713278,
      "mape": 0.020066462031977567
    },
    {
      "mae": 0.027857506180688888,
      "mse": 0.0011557703761263438,
      "rmse": 0.03399662301062186,
      "mape": 0.02861762135975404
    },
    {
      "mae": 0.01790388544005199,
      "mse": 0.0005698958632179077,
      "rmse": 0.02387249176809802,
      "mape": 0.018681166113874798
    }
  ],
  "mean": {
    "mae": 0.021594281488399994,
    "mse": 0.0007763445459066103,
    "rmse": 0.027477550921477717,
    "mape": 0.022455083168535468
  },
  "std": {
    "mae": 0.004452207458884585,
    "mse": 0.000268642335202903,
    "rmse": 0.004618305020698518,
    "mape": 0.004394118714361173
  }
}