{
  "domain": "li_ion",
  "task": "soh_point",
  "model": "batlinet",
  "splits": [
    {
      "mae": 0.28558017862470525,
      "mse": 0.10881060994144245,
      "rmse": 0.32986453271220667,
      "mape": 0.3085983760291411
    },
    {
      "mae": 0.34924054165419777,
      "mse": 0.16285773417618565,
      "rmse": 0.4035563581164168,
      "mape": 0.3744185065246306
    },
    {
      "mae": 0.45947855181599917,
      "mse": 0.22565303573153048,
      "rmse": 0.4750295103796505,
      "mape": 0.48560951641928424
    }
  ],
  "mean": {
    "mae": 0.364766424031634,
    "mse": 0.16577379328305286,
    "rmse": 0.40281680040275797,
    "mape": 0.38954213299101864
  },
  "std": {
    "mae": 0.0718375520060974,
    "mse": 0.04774526619930758,
    "rmse": 0.05926566119041864,
    "mape": 0.0730514841906075
  }
}