{
  "domain": "li_ion",
  "task": "soh_point",
  "model": "batlinet",
  "splits": [
    {
      "mae": 0.23300452412743317,
      "mse": 0.06359886740737697,
      "rmse": 0.2521881587374335,
      "mape": 0.2432087054641361
    },
    {
      "mae": 0.1302347653790524,
      "mse": 0.026583928415666216,
      "rmse": 0.16304578625547553,
      "mape": 0.13509503669332643
    },
    {
      "mae": 0.1934927398044812,
      "mse": 0.044979754851838805,
      "rmse": 0.21208431071590092,
      "mape": 0.2005988895309922
    }
  ],
  "mean": {
    "mae": 0.1855773431036556,
    "mse": 0.04505418355829399,
    "rmse": 0.20910608523626997,
    "mape": 0.19296754389615156
  },
  "std": {
    "mae": 0.04232726431823564,
    "mse": 0.015111377211983376,
    "rmse": 0.03645310241194547,
    "mape": 0.04446586271826877
  }
}