{
  "domain": "na_ion",
  "task": "soh_traj",
  "model": "itransformer",
  "splits": [
    {
      "mae": 0.011621365780614984,
      "mse": 0.00023356820677710978,
      "rmse": 0.015282938420902892,
      "mape": 0.014081291449225413
    },
    {
      "mae": 0.015283008640095953,
      "mse": 0.0003750650273564105,
      "rmse": 0.01936659565737898,
      "mape": 0.01855743502281172
    },
    {
      "mae": 0.014331383599430628,
      "mse": 0.0002976270668297879,
      "rmse": 0.017251871400801363,
      "mape": 0.017095254246631213
    }
  ],
  "mean": {
    "mae": 0.013745252673380523,
    "mse": 0.0003020867669877694,
    "rmse": 0.017300468493027747,
    "mape": 0.016577993572889447
  },
  "std": {
    "mae": 0.0015512509370292648,
    "mse": 5.7851846715767736e-05,
    "rmse": 0.0016675001977582147,
    "mape": 0.0018636226864701508
  }
}