{
  "domain": "na_ion",
  "task": "soh_traj",
  "model": "itransformer",
  "splits": [
    {
      "mae": 0.04297099128427865,
      "mse": 0.002760531563473725,
      "rmse": 0.05254076097158971,
      "mape": 0.05118716564760814
    },
    {
      "mae": 0.040266688072455786,
      "mse": 0.0033090246319428343,
      "rmse": 0.05752412217446551,
      "mape": 0.04624847023196694
    },
    {
      "mae": 0.04523612621785694,
      "mse": 0.0028714490386298214,
      "rmse": 0.05358590335741128,
      "mape": 0.0536982037107589
    }
  ],
  "mean": {
    "mae": 0.04282460185819712,
    "mse": 0.0029803350780154606,
    "rmse": 0.05455026216782217,
    "mape": 0.05037794653011132
  },
  "std": {
    "mae": 0.0020314036638563295,
    "mse": 0.00023678863812759673,
    "rmse": 0.002145687637409005,
    "mape": 0.0030947007298875923
  }
}