{
  "domain": "na_ion",
  "task": "soh_traj",
  "model": "itransformer",
  "splits": [
    {
      "mae": 0.04018202745764824,
      "mse": 0.002345007376664859,
      "rmse": 0.04842527621671206,
      "mape": 0.04820944058114056
    },
    {
      "mae": 0.03737767015894254,
      "mse": 0.0031091956064371283,
      "rmse": 0.05576016146351379,
      "mape": 0.04308147693607638
    },
    {
      "mae": 0.041553177585491555,
      "mse": 0.00219482051458544,
      "rmse": 0.04684891156244123,
      "mape": 0.04927150774435088
    }
  ],
  "mean": {
    "mae": 0.039704291734027446,
    "mse": 0.0025496744992291424,
    "rmse": 0.05034478308088903,
    "mape": 0.04685414175385594
  },
  "std": {
    "mae": 0.001737793454069289,
    "mse": 0.00040036393897199205,
    "rmse": 0.003882951939874121,
    "mape": 0.0027026834239666534
  }
}