{
  "domain": "na_ion",
  "task": "soh_traj",
  "model": "itransformer",
  "splits": [
    {
      "mae": 0.023566071290923654,
      "mse": 0.0008465739529855549,
      "rmse": 0.029095943926698013,
      "mape": 0.027911396705020408
    },
    {
      "mae": 0.023660067571004636,
      "mse": 0.0008767405609367532,
      "rmse": 0.029609805148577948,
      "mape": 0.027640731264081866
    },
    {
      "mae": 0.028641287375016585,
      "mse": 0.0011044339348088628,
      "rmse": 0.03323302476165633,
      "mape": 0.03323810159608715
    }
  ],
  "mean": {
    "mae": 0.025289142078981627,
    "mse": 0.0009425828162437236,
    "rmse": 0.030646257945644097,
    "mape": 0.029596743188396474
  },
  "std": {
    "mae": 0.002370635272026502,
    "mse": 0.00011510674609367423,
    "rmse": 0.0018411111245032676,
    "mape": 0.0025771991560832462
  }
}