{
  "domain": "calb",
  "task": "soh_traj",
  "model": "cnn",
  "splits": [
    {
      "mae": 0.023397245069946906,
      "mse": 0.000783745756040624,
      "rmse": 0.027995459561161413,
      "mape": 0.023397245069946906
    },
    {
      "mae": 0.024060989028275616,
      "mse": 0.000931631743026037,
      "rmse": 0.03052264311992061,
      "mape": 0.024062725583933842
    },
    {
      "mae": 0.0198044347040581,
      "mse": 0.0005939806294225137,
      "rmse": 0.024371717818457397,
      "mape": 0.019806055672432817
    }
  ],
  "mean": {
    "mae": 0.02242088960076021,
    "mse": 0.0007697860428297249,
    "rmse": 0.027629940166513142,
    "mape": 0.022422008775437857
  },
  "std": {
    "mae": 0.0018698513631501647,
    "mse": 0.000138198465558589,
    "rmse": 0.0025243710552588622,
    "mape": 0.0018696031765172959
  }
}