{
  "domain": "calb",
  "task": "soh_traj",
  "model": "cnn",
  "splits": [
    {
      "mae": 0.00600104029405653,
      "mse": 9.551073784518011e-05,
      "rmse": 0.009772959523357298,
      "mape": 0.006259333895434632
    },
    {
      "mae": 0.006010978992923914,
      "mse": 9.014834392894592e-05,
      "rmse": 0.009494648172994401,
      "mape": 0.006235818895097449
    },
    {
      "mae": 0.005783300674436588,
      "mse": 8.232683898958714e-05,
      "rmse": 0.009073413855302047,
      "mape": 0.006061039151971729
    }
  ],
  "mean": {
    "mae": 0.005931773320472344,
    "mse": 8.932864025457105e-05,
    "rmse": 0.009447007183884581,
    "mape": 0.006185397314167937
  },
  "std": {
    "mae": 0.0001050643910480245,
    "mse": 5.413423614433793e-06,
    "rmse": 0.00028756829137469047,
    "mape": 8.845696953445083e-05
  }
}