{
  "domain": "calb",
  "task": "soh_traj",
  "model": "cnn",
  "splits": [
    {
      "mae": 0.005963225644415256,
      "mse": 6.116911681088834e-05,
      "rmse": 0.007821068776764998,
      "mape": 0.006277158354233753
    },
    {
      "mae": 0.011646698781698923,
      "mse": 0.0006582105336193363,
      "rmse": 0.025655614076052366,
      "mape": 0.012012494510213455
    },
    {
      "mae": 0.0051964686092407135,
      "mse": 7.375279742367442e-05,
      "rmse": 0.008587944889417632,
      "mape": 0.0053981229324085184
    }
  ],
  "mean": {
    "mae": 0.0076021310117849634,
    "mse": 0.00026437748261796636,
    "rmse": 0.014021542580744999,
    "mape": 0.007895925265618576
  },
  "std": {
    "mae": 0.0028770210776446637,
    "mse": 0.00027852940156020264,
    "rmse": 0.008232486032440095,
    "mape": 0.0029328919263375765
  }
}