{
  "domain": "calb",
  "task": "soh_traj",
  "model": "cnn",
  "splits": [
    {
      "mae": 0.014891943787083481,
      "mse": 0.0004271939133403323,
      "rmse": 0.020668669849323452,
      "mape": 0.014891943787083481
    },
    {
      "mae": 0.01499238700577707,
      "mse": 0.0003675299375041465,
      "rmse": 0.01917107032755726,
      "mape": 0.014993063284681474
    },
    {
      "mae": 0.015717174549295446,
      "mse": 0.0003899229114270095,
      "rmse": 0.019746465795858495,
      "mape": 0.0157179259886556
    }
  ],
  "mean": {
    "mae": 0.015200501780718667,
    "mse": 0.0003948822540904961,
    "rmse": 0.019862068657579737,
    "mape": 0.015200977686806852
  },
  "std": {
    "mae": 0.00036763684290068893,
    "mse": 2.4608857658515976e-05,
    "rmse": 0.0006168328234495885,
    "mape": 0.0003678613400787907
  }
}