{
  "domain": "zn_ion",
  "task": "rul",
  "model": "patchtst",
  "splits": [
    {
      "mae": 145.8907934650622,
      "mse": 48730.70050407219,
      "rmse": 220.75031257978367,
      "mape": 0.4309332162426845,
      "acc15": 0.2231578947368421
    },
    {
      "mae": 181.75975953754624,
      "mse": 96687.21396361188,
      "rmse": 310.94567686914684,
      "mape": 0.27071233935712696,
      "acc15": 0.44526315789473686
    },
    {
      "mae": 139.9825830078125,
      "mse": 54610.68506089572,
      "rmse": 233.6892917120845,
      "mape": 0.42091282097316857,
      "acc15": 0.3005263157894737
    }
  ],
  "mean": {
    "mae": 155.87771200347365,
    "mse": 66676.19984285993,
    "rmse": 255.12842705367166,
    "mape": 0.3741861255243267,
    "acc15": 0.3229824561403509
  },
  "std": {
    "mae": 18.45963210393215,
    "mse": 21356.330537089005,
    "rmse": 39.820667397461676,
    "mape": 0.07328128637049099,
    "acc15": 0.0920539539625291
  }
}