{
  "domain": "zn_ion",
  "task": "rul",
  "model": "patchtst",
  "splits": [
    {
      "mae": 367.84789021809894,
      "mse": 317074.7228369723,
      "rmse": 563.0938845671939,
      "mape": 2.3692220875669148,
      "acc15": 0.08333333333333333
    },
    {
      "mae": 358.35316371917725,
      "mse": 269753.93893430213,
      "rmse": 519.3784159303332,
      "mape": 6.252138378027112,
      "acc15": 0.041666666666666664
    },
    {
      "mae": 288.9391123453776,
      "mse": 188160.78446878167,
      "rmse": 433.7750390107546,
      "mape": 9.15885430043572,
      "acc15": 0.0
    }
  ],
  "mean": {
    "mae": 338.38005542755127,
    "mse": 258329.81541335201,
    "rmse": 505.4157798360939,
    "mape": 5.926738255343249,
    "acc15": 0.041666666666666664
  },
  "std": {
    "mae": 35.17425760849717,
    "mse": 53245.242823910914,
    "rmse": 53.709448945461254,
    "mape": 2.7813893801945393,
    "acc15": 0.034020690871988585
  }
}