{
  "domain": "zn_ion",
  "task": "rul",
  "model": "patchtst",
  "splits": [
    {
      "mae": 257.6379400152909,
      "mse": 95373.60254904091,
      "rmse": 308.8261688216219,
      "mape": 0.9074297157210428,
      "acc15": 0.0
    },
    {
      "mae": 424.16843953985915,
      "mse": 299961.0249488546,
      "rmse": 547.6869771583533,
      "mape": 0.8448861965118531,
      "acc15": 0.016842105263157894
    },
    {
      "mae": 301.55200977526215,
      "mse": 156758.70126252726,
      "rmse": 395.9276464993664,
      "mape": 1.331935515197267,
      "acc15": 0.0931578947368421
    }
  ],
  "mean": {
    "mae": 327.78612977680405,
    "mse": 184031.10958680758,
    "rmse": 417.4802641597805,
    "mape": 1.0280838091433877,
    "acc15": 0.03666666666666667
  },
  "std": {
    "mae": 70.47114590226288,
    "mse": 85719.85978719537,
    "rmse": 98.69821996311512,
    "mape": 0.21636746120532602,
    "acc15": 0.04053277080816834
  }
}