{
  "domain": "zn_ion",
  "task": "rul",
  "model": "patchtst",
  "splits": [
    {
      "mae": 368.4200890858968,
      "mse": 320342.3228075273,
      "rmse": 565.9879175455314,
      "mape": 2.2776507226526888,
      "acc15": 0.125
    },
    {
      "mae": 355.55566279093426,
      "mse": 231891.31337712717,
      "rmse": 481.5509457753428,
      "mape": 10.827571312329205,
      "acc15": 0.0
    },
    {
      "mae": 282.338919321696,
      "mse": 163049.621083164,
      "rmse": 403.7940329959867,
      "mape": 14.53838943421732,
      "acc15": 0.041666666666666664
    }
  ],
  "mean": {
    "mae": 335.43822373284235,
    "mse": 238427.75242260614,
    "rmse": 483.77763210562034,
    "mape": 9.214537156399738,
    "acc15": 0.05555555555555555
  },
  "std": {
    "mae": 37.9124030952521,
    "mse": 64380.59894349036,
    "rmse": 66.23409316119026,
    "mape": 5.133734042550393,
    "acc15": 0.05196746370519363
  }
}