{
  "domain": "na_ion",
  "task": "soh_traj",
  "model": "transformer",
  "splits": [
    {
      "mae": 0.01190471069961833,
      "mse": 0.00025816436423161467,
      "rmse": 0.016067494024632922,
      "mape": 0.014185092503292909
    },
    {
      "mae": 0.016436242995080407,
      "mse": 0.001280714494871991,
      "rmse": 0.03578707161632523,
      "mape": 0.018920117966566553
    },
    {
      "mae": 0.013049136688931493,
      "mse": 0.0003493058614453142,
      "rmse": 0.018689726093373178,
      "mape": 0.015284578970745302
    }
  ],
  "mean": {
    "mae": 0.01379669679454341,
    "mse": 0.0006293949068496399,
    "rmse": 0.023514763911443776,
    "mape": 0.01612992981353492
  },
  "std": {
    "mae": 0.0019240289013475217,
    "mse": 0.0004620530975510589,
    "rmse": 0.00874361395755218,
    "mape": 0.0020233767271595413
  }
}