{
  "domain": "na_ion",
  "task": "soh_traj",
  "model": "transformer",
  "splits": [
    {
      "mae": 0.03987006103643314,
      "mse": 0.0023675602673544393,
      "rmse": 0.048657581807509086,
      "mape": 0.04732227957511953
    },
    {
      "mae": 0.036810944361420066,
      "mse": 0.0029531934499529085,
      "rmse": 0.05434329259396148,
      "mape": 0.04237164554424511
    },
    {
      "mae": 0.0438289882978793,
      "mse": 0.002653497116166257,
      "rmse": 0.051512106500960116,
      "mape": 0.05216133689617749
    }
  ],
  "mean": {
    "mae": 0.0401699978985775,
    "mse": 0.002658083611157868,
    "rmse": 0.05150432696747689,
    "mape": 0.04728508733851405
  },
  "std": {
    "mae": 0.002872943527055228,
    "mse": 0.000239105741032894,
    "rmse": 0.0023211882269865126,
    "mape": 0.003996711284574916
  }
}