{
  "domain": "na_ion",
  "task": "soh_traj",
  "model": "transformer",
  "splits": [
    {
      "mae": 0.00976146368819952,
      "mse": 0.00015838250595686206,
      "rmse": 0.012585011162365413,
      "mape": 0.011724944359506929
    },
    {
      "mae": 0.01573896698590701,
      "mse": 0.0003676387088918469,
      "rmse": 0.0191739069803691,
      "mape": 0.01909807840462771
    },
    {
      "mae": 0.01405535195875611,
      "mse": 0.000282747105328753,
      "rmse": 0.016815085647380837,
      "mape": 0.016718291530966815
    }
  ],
  "mean": {
    "mae": 0.013185260877620878,
    "mse": 0.000269589440059154,
    "rmse": 0.016191334596705118,
    "mape": 0.01584710476503382
  },
  "std": {
    "mae": 0.0025166684705021283,
    "mse": 8.593362839308796e-05,
    "rmse": 0.002725825386317683,
    "mape": 0.0030724584290849114
  }
}