{
  "domain": "na_ion",
  "task": "soh_traj",
  "model": "transformer",
  "splits": [
    {
      "mae": 0.03737769146843435,
      "mse": 0.0020545942313909445,
      "rmse": 0.045327632095565555,
      "mape": 0.044841908397828374
    },
    {
      "mae": 0.03697397112392071,
      "mse": 0.003102346111939569,
      "rmse": 0.055698708350729,
      "mape": 0.04252398511796879
    },
    {
      "mae": 0.04160470149420589,
      "mse": 0.0023093781504020154,
      "rmse": 0.04805598974531703,
      "mape": 0.04907315213986841
    }
  ],
  "mean": {
    "mae": 0.038652121362186986,
    "mse": 0.0024887728312441766,
    "rmse": 0.04969411006387053,
    "mape": 0.045479681885221855
  },
  "std": {
    "mae": 0.0020942850181924696,
    "mse": 0.000446156055982015,
    "rmse": 0.004389562188202609,
    "mape": 0.0027114526778218508
  }
}