{
  "domain": "zn_ion",
  "task": "rul",
  "model": "lstm",
  "splits": [
    {
      "mae": 368.8709576924642,
      "mse": 323651.38593434374,
      "rmse": 568.9036701712722,
      "mape": 2.1836405747613177,
      "acc15": 0.125
    },
    {
      "mae": 360.13792419433594,
      "mse": 276417.6416791463,
      "rmse": 525.7543548836722,
      "mape": 5.576013447325252,
      "acc15": 0.08333333333333333
    },
    {
      "mae": 289.92882029215497,
      "mse": 193014.22867033226,
      "rmse": 439.33384648844464,
      "mape": 8.349860574882147,
      "acc15": 0.0
    }
  ],
  "mean": {
    "mae": 339.64590072631836,
    "mse": 264361.08542794076,
    "rmse": 511.3306238477964,
    "mape": 5.369838198989572,
    "acc15": 0.06944444444444443
  },
  "std": {
    "mae": 35.33560559070376,
    "mse": 54009.487598534506,
    "rmse": 53.87094340518039,
    "mape": 2.521566767870357,
    "acc15": 0.05196746370519363
  }
}