{
  "domain": "zn_ion",
  "task": "rul",
  "model": "lstm",
  "splits": [
    {
      "mae": 262.32296436510586,
      "mse": 92049.86506071727,
      "rmse": 303.3972067450808,
      "mape": 1.006061832569069,
      "acc15": 0.05263157894736842
    },
    {
      "mae": 424.0219514063785,
      "mse": 297883.3363869505,
      "rmse": 545.7868964961971,
      "mape": 0.8544966147868431,
      "acc15": 0.0
    },
    {
      "mae": 303.8363076782227,
      "mse": 177094.3251610763,
      "rmse": 420.8257657999048,
      "mape": 1.2542001387908537,
      "acc15": 0.06736842105263158
    }
  ],
  "mean": {
    "mae": 330.060407816569,
    "mse": 189009.17553624802,
    "rmse": 423.33662301372755,
    "mape": 1.038252862048922,
    "acc15": 0.04
  },
  "std": {
    "mae": 68.56830255831493,
    "mse": 84452.46088440869,
    "rmse": 98.9711026086967,
    "mape": 0.1647582543395742,
    "acc15": 0.028917049513033706
  }
}