{
  "domain": "zn_ion",
  "task": "rul",
  "model": "lstm",
  "splits": [
    {
      "mae": 371.0544827779134,
      "mse": 254506.00272279818,
      "rmse": 504.4858796069501,
      "mape": 4.781058328039694,
      "acc15": 0.08333333333333333
    },
    {
      "mae": 323.2036771774292,
      "mse": 205765.4998473978,
      "rmse": 453.6138223725086,
      "mape": 17.489056702728178,
      "acc15": 0.0
    },
    {
      "mae": 281.5478210449219,
      "mse": 154208.68865142492,
      "rmse": 392.6941413510328,
      "mape": 17.696714234883093,
      "acc15": 0.125
    }
  ],
  "mean": {
    "mae": 325.26866033342145,
    "mse": 204826.73040720695,
    "rmse": 450.2646144434971,
    "mape": 13.322276421883656,
    "acc15": 0.06944444444444443
  },
  "std": {
    "mae": 36.570103821035204,
    "mse": 40951.58742164785,
    "rmse": 45.700190232162036,
    "mape": 6.04014819396681,
    "acc15": 0.05196746370519363
  }
}