{
  "domain": "li_ion",
  "task": "rul",
  "model": "lstm",
  "splits": [
    {
      "mae": 184.606731816342,
      "mse": 155313.52362885993,
      "rmse": 394.0983679601578,
      "mape": 0.8541135026753025,
      "acc15": 0.4144736842105263
    },
    {
      "mae": 201.41687865006296,
      "mse": 114058.02992105488,
      "rmse": 337.72478428604387,
      "mape": 0.9740315590352339,
      "acc15": 0.3618421052631579
    },
    {
      "mae": 187.16244135404887,
      "mse": 83040.05002269358,
      "rmse": 288.1667052639732,
      "mape": 0.5463510541984162,
      "acc15": 0.2894736842105263
    }
  ],
  "mean": {
    "mae": 191.0620172734846,
    "mse": 117470.5345242028,
    "rmse": 339.9966191700583,
    "mape": 0.7914987053029842,
    "acc15": 0.3552631578947369
  },
  "std": {
    "mae": 7.39595738253437,
    "mse": 29604.02717565281,
    "rmse": 43.276246107225504,
    "mape": 0.1801260913764784,
    "acc15": 0.051242637919069835
  }
}