{
  "domain": "li_ion",
  "task": "rul",
  "model": "lstm",
  "splits": [
    {
      "mae": 185.38587043872778,
      "mse": 152026.17129694603,
      "rmse": 389.90533632786565,
      "mape": 0.3447673164732861,
      "acc15": 0.43775362318840577
    },
    {
      "mae": 173.10386362158735,
      "mse": 120783.16879833592,
      "rmse": 347.5387299256529,
      "mape": 0.2552664643130337,
      "acc15": 0.5090579710144928
    },
    {
      "mae": 133.44110356759333,
      "mse": 50742.53541794878,
      "rmse": 225.26103839312464,
      "mape": 0.245303863921708,
      "acc15": 0.4960144927536232
    }
  ],
  "mean": {
    "mae": 163.97694587596948,
    "mse": 107850.62517107691,
    "rmse": 320.901701548881,
    "mape": 0.28177921490267593,
    "acc15": 0.48094202898550725
  },
  "std": {
    "mae": 22.166644190097614,
    "mse": 42348.01638582019,
    "rmse": 69.80489319603439,
    "mape": 0.04472463196227511,
    "acc15": 0.03099959008069597
  }
}