{
  "domain": "li_ion",
  "task": "rul",
  "model": "lstm",
  "splits": [
    {
      "mae": 149.24455271269144,
      "mse": 91158.85960552572,
      "rmse": 301.92525499786484,
      "mape": 0.6915078452250549,
      "acc15": 0.42105263157894735
    },
    {
      "mae": 154.79309102108604,
      "mse": 66374.29237105121,
      "rmse": 257.6320872310963,
      "mape": 0.509555615812481,
      "acc15": 0.3684210526315789
    },
    {
      "mae": 142.56105222200094,
      "mse": 58946.2318016036,
      "rmse": 242.78845071708744,
      "mape": 0.398497138379587,
      "acc15": 0.47368421052631576
    }
  ],
  "mean": {
    "mae": 148.86623198525947,
    "mse": 72159.79459272684,
    "rmse": 267.4485976486829,
    "mape": 0.5331868664723743,
    "acc15": 0.42105263157894735
  },
  "std": {
    "mae": 5.000869139471946,
    "mse": 13772.37269503127,
    "rmse": 25.12055350663651,
    "mape": 0.12078257486721947,
    "acc15": 0.042973504259354
  }
}