{
  "domain": "zn_ion",
  "task": "soh_point",
  "model": "timemixer",
  "splits": [
    {
      "mae": 0.029489785432815552,
      "mse": 0.0038197387116728856,
      "rmse": 0.06180403475237588,
      "mape": 0.03406731031247868
    },
    {
      "mae": 0.03870231658220291,
      "mse": 0.005839685303288267,
      "rmse": 0.07641783367309143,
      "mape": 0.04579030322322381
    },
    {
      "mae": 0.05173570166031519,
      "mse": 0.0070137654785636565,
      "rmse": 0.08374822671892018,
      "mape": 0.060611492130474565
    }
  ],
  "mean": {
    "mae": 0.03997593455844455,
    "mse": 0.005557729831174936,
    "rmse": 0.07399003171479583,
    "mape": 0.046823035222059016
  },
  "std": {
    "mae": 0.009126400322225895,
    "mse": 0.001319109778877322,
    "rmse": 0.009121679561267389,
    "mape": 0.010861193876450521
  }
}