{
  "domain": "zn_ion",
  "task": "soh_point",
  "model": "timemixer",
  "splits": [
    {
      "mae": 0.03764960914850235,
      "mse": 0.0018817030014723162,
      "rmse": 0.04337860073206968,
      "mape": 0.03904267632993046
    },
    {
      "mae": 0.05541721234718958,
      "mse": 0.004520562826583419,
      "rmse": 0.06723513089585993,
      "mape": 0.06042212882722886
    },
    {
      "mae": 0.03714001178741455,
      "mse": 0.0018752804150420725,
      "rmse": 0.04330450802216869,
      "mape": 0.040767102627669284
    }
  ],
  "mean": {
    "mae": 0.043402277761035495,
    "mse": 0.0027591820810326027,
    "rmse": 0.05130607988336611,
    "mape": 0.046743969261609536
  },
  "std": {
    "mae": 0.00849838856096763,
    "mse": 0.0012454870293723054,
    "rmse": 0.011263580604508444,
    "mape": 0.009697506495348547
  }
}