{
  "domain": "zn_ion",
  "task": "soh_point",
  "model": "timemixer",
  "splits": [
    {
      "mae": 0.015377143301324482,
      "mse": 0.0006796282264005622,
      "rmse": 0.02606968021285574,
      "mape": 0.016347415036645205
    },
    {
      "mae": 0.024047956240269563,
      "mse": 0.001971270710118405,
      "rmse": 0.04439899447192926,
      "mape": 0.026637479810793504
    },
    {
      "mae": 0.019419404233639664,
      "mse": 0.001675039477989331,
      "rmse": 0.040927246156922545,
      "mape": 0.021604551270729973
    }
  ],
  "mean": {
    "mae": 0.01961483459174457,
    "mse": 0.001441979471502766,
    "rmse": 0.03713197361390252,
    "mape": 0.0215298153727229
  },
  "std": {
    "mae": 0.0035425408983003636,
    "mse": 0.0005524628502767329,
    "rmse": 0.007949591627197808,
    "mape": 0.004201233735851102
  }
}