{
  "domain": "zn_ion",
  "task": "soh_point",
  "model": "timemixer",
  "splits": [
    {
      "mae": 0.015253618014486213,
      "mse": 0.001003872955851158,
      "rmse": 0.03168395423319441,
      "mape": 0.016543851322615762
    },
    {
      "mae": 0.015174233882050765,
      "mse": 0.0007587926504366282,
      "rmse": 0.027546191214696602,
      "mape": 0.016003985774971502
    },
    {
      "mae": 0.019405905196541236,
      "mse": 0.0012910905362857542,
      "rmse": 0.03593174830544367,
      "mape": 0.021096971406887384
    }
  ],
  "mean": {
    "mae": 0.016611252364359404,
    "mse": 0.00101791871419118,
    "rmse": 0.03172063125111156,
    "mape": 0.017881602834824883
  },
  "std": {
    "mae": 0.001976383700843046,
    "mse": 0.00021753654453964287,
    "rmse": 0.0034234875817190746,
    "mape": 0.002284266474974515
  }
}