{
  "domain": "li_ion",
  "task": "soh_point",
  "model": "cnn",
  "splits": [
    {
      "mae": 0.019847065210342407,
      "mse": 0.0007787184491113999,
      "rmse": 0.02790552721436024,
      "mape": 0.021215521295179698
    },
    {
      "mae": 0.01758883266072524,
      "mse": 0.0007514888112081465,
      "rmse": 0.02741329624850223,
      "mape": 0.019117218427721114
    },
    {
      "mae": 0.01920822184336813,
      "mse": 0.0007280709266668239,
      "rmse": 0.02698278945303513,
      "mape": 0.020223176625326904
    }
  ],
  "mean": {
    "mae": 0.018881373238145257,
    "mse": 0.0007527593956621234,
    "rmse": 0.027433870971965868,
    "mape": 0.02018530544940924
  },
  "std": {
    "mae": 0.0009504476384278845,
    "mse": 2.0696274561451448e-05,
    "rmse": 0.00037698694360947745,
    "mape": 0.0008570470233580221
  }
}