{
  "domain": "li_ion",
  "task": "soh_point",
  "model": "cnn",
  "splits": [
    {
      "mae": 0.011324711951656618,
      "mse": 0.00028709635494032846,
      "rmse": 0.016943917933592824,
      "mape": 0.012066377722517825
    },
    {
      "mae": 0.011045613871968311,
      "mse": 0.0002763136057787368,
      "rmse": 0.016622683471050538,
      "mape": 0.01173465894810934
    },
    {
      "mae": 0.013273077887901361,
      "mse": 0.0003571395573775507,
      "rmse": 0.018898136346675847,
      "mape": 0.014277391754116379
    }
  ],
  "mean": {
    "mae": 0.011881134570508762,
    "mse": 0.00030684983936553865,
    "rmse": 0.017488245917106404,
    "mape": 0.012692809474914515
  },
  "std": {
    "mae": 0.000990825778041346,
    "mse": 3.583163149291623e-05,
    "rmse": 0.001005531754023658,
    "mape": 0.0011286230802750165
  }
}