{
  "domain": "li_ion",
  "task": "soh_point",
  "model": "cnn",
  "splits": [
    {
      "mae": 0.01477995122733869,
      "mse": 0.0003828235639966593,
      "rmse": 0.019565877542207486,
      "mape": 0.015596117561367006
    },
    {
      "mae": 0.011180305951520017,
      "mse": 0.0003075808526814608,
      "rmse": 0.017537983141782888,
      "mape": 0.011981337846305532
    },
    {
      "mae": 0.011565389601807845,
      "mse": 0.00020953214470719708,
      "rmse": 0.014475225204023497,
      "mape": 0.012089810451476122
    }
  ],
  "mean": {
    "mae": 0.012508548926888852,
    "mse": 0.00029997885379510575,
    "rmse": 0.017193028629337956,
    "mape": 0.013222421953049554
  },
  "std": {
    "mae": 0.0016137995873706185,
    "mse": 7.094984984780991e-05,
    "rmse": 0.00209251531556428,
    "mape": 0.0016790403424232735
  }
}