{
  "domain": "li_ion",
  "task": "soh_point",
  "model": "cnn",
  "splits": [
    {
      "mae": 0.01023699204952954,
      "mse": 0.0002559251662146823,
      "rmse": 0.01599766127328249,
      "mape": 0.010837335664517207
    },
    {
      "mae": 0.008785585112444703,
      "mse": 0.00017843180004364283,
      "rmse": 0.013357836652828288,
      "mape": 0.009169871604350099
    },
    {
      "mae": 0.009442730557697374,
      "mse": 0.0001938042951657362,
      "rmse": 0.013921361110384868,
      "mape": 0.00988270982616185
    }
  ],
  "mean": {
    "mae": 0.009488435906557206,
    "mse": 0.0002093870871413538,
    "rmse": 0.014425619678831882,
    "mape": 0.009963305698343052
  },
  "std": {
    "mae": 0.0005934151208276246,
    "mse": 3.3500477652776145e-05,
    "rmse": 0.0011351581489167687,
    "mape": 0.0006831207160020501
  }
}