{
  "domain": "na_ion",
  "task": "rul",
  "model": "mlp",
  "splits": [
    {
      "mae": 45.562709461558946,
      "mse": 3394.549399213209,
      "rmse": 58.26276168542999,
      "mape": 2.151511371793004,
      "acc15": 0.36363636363636365
    },
    {
      "mae": 32.23026483709162,
      "mse": 1178.9097749705807,
      "rmse": 34.33525556873839,
      "mape": 0.5186495090645034,
      "acc15": 0.09090909090909091
    },
    {
      "mae": 53.08251259543679,
      "mse": 4894.364767101657,
      "rmse": 69.9597367569494,
      "mape": 8.01007940422396,
      "acc15": 0.45454545454545453
    }
  ],
  "mean": {
    "mae": 43.62516229802912,
    "mse": 3155.9413137618158,
    "rmse": 54.18591800370592,
    "mape": 3.5600800950271556,
    "acc15": 0.30303030303030304
  },
  "std": {
    "mae": 8.622436852074927,
    "mse": 1526.1829976491504,
    "rmse": 14.826584362471127,
    "mape": 3.2164607728140493,
    "acc15": 0.154515742836145
  }
}