{
  "domain": "na_ion",
  "task": "rul",
  "model": "mlp",
  "splits": [
    {
      "mae": 34.61856778462728,
      "mse": 1520.393885612843,
      "rmse": 38.99222852842401,
      "mape": 0.19722671378449216,
      "acc15": 0.30333333333333334
    },
    {
      "mae": 25.69574343363444,
      "mse": 867.6187325437992,
      "rmse": 29.455368484264447,
      "mape": 0.172132590658452,
      "acc15": 0.33166666666666667
    },
    {
      "mae": 47.77560880025228,
      "mse": 3081.023659138304,
      "rmse": 55.50696946454836,
      "mape": 0.22587692552955863,
      "acc15": 0.3333333333333333
    }
  ],
  "mean": {
    "mae": 36.029973339504664,
    "mse": 1823.0120924316489,
    "rmse": 41.3181888257456,
    "mape": 0.19841207665750094,
    "acc15": 0.3227777777777778
  },
  "std": {
    "mae": 9.069147805692532,
    "mse": 928.6095974060281,
    "rmse": 10.761940558824874,
    "mape": 0.021957036784592814,
    "acc15": 0.01376612410373762
  }
}