{
  "domain": "na_ion",
  "task": "rul",
  "model": "mlp",
  "splits": [
    {
      "mae": 46.67657540061257,
      "mse": 3468.5800507102026,
      "rmse": 58.89465214015787,
      "mape": 2.2040127495584554,
      "acc15": 0.36363636363636365
    },
    {
      "mae": 62.24893778020685,
      "mse": 4307.623332923758,
      "rmse": 65.6324868713944,
      "mape": 0.6939990433271953,
      "acc15": 0.0
    },
    {
      "mae": 50.24256134033203,
      "mse": 3474.1291729885165,
      "rmse": 58.941743891647086,
      "mape": 6.538141049643864,
      "acc15": 0.09090909090909091
    }
  ],
  "mean": {
    "mae": 53.05602484038382,
    "mse": 3750.1108522074924,
    "rmse": 61.15629430106645,
    "mape": 3.1453842808431713,
    "acc15": 0.15151515151515152
  },
  "std": {
    "mae": 6.661396258540375,
    "mse": 394.22736485884093,
    "rmse": 3.16520450663765,
    "mape": 2.4769785650308926,
    "acc15": 0.15451574283614503
  }
}