{
  "domain": "zn_ion",
  "task": "soh_point",
  "model": "batterymformer",
  "splits": [
    {
      "mae": 0.10591017206509908,
      "mse": 0.01731457899104664,
      "rmse": 0.13158487371672567,
      "mape": 0.1046424755219242
    },
    {
      "mae": 0.12276210635900497,
      "mse": 0.02116831019462125,
      "rmse": 0.14549333384942847,
      "mape": 0.11786059204719533
    },
    {
      "mae": 0.1324652930100759,
      "mse": 0.023855038183904515,
      "rmse": 0.15445076297611648,
      "mape": 0.1328612290149764
    }
  ],
  "mean": {
    "mae": 0.12037919047805996,
    "mse": 0.0207793091231908,
    "rmse": 0.14384299018075689,
    "mape": 0.11845476552803198
  },
  "std": {
    "mae": 0.0109712450880269,
    "mse": 0.0026842619083018325,
    "rmse": 0.009407619201981068,
    "mape": 0.011527916659697846
  }
}