{
  "domain": "zn_ion",
  "task": "soh_point",
  "model": "batterymformer",
  "splits": [
    {
      "mae": 0.02123634812078978,
      "mse": 0.00130581607740173,
      "rmse": 0.03613607722763679,
      "mape": 0.02259980747697846
    },
    {
      "mae": 0.013836064307313217,
      "mse": 0.0008541669972718567,
      "rmse": 0.029226135517236226,
      "mape": 0.014793163608880468
    },
    {
      "mae": 0.021589523396993937,
      "mse": 0.0016823940856973793,
      "rmse": 0.04101699752172725,
      "mape": 0.023657355748694056
    }
  ],
  "mean": {
    "mae": 0.018887311941698976,
    "mse": 0.001280792386790322,
    "rmse": 0.035459736755533426,
    "mape": 0.020350108944850995
  },
  "std": {
    "mae": 0.0035746804231843606,
    "mse": 0.0003385849635559896,
    "rmse": 0.004837298421494604,
    "mape": 0.0039530016600869775
  }
}