{
  "domain": "zn_ion",
  "task": "soh_point",
  "model": "batterymformer",
  "splits": [
    {
      "mae": 0.10596517225106557,
      "mse": 0.017335592765672203,
      "rmse": 0.13166469825155186,
      "mape": 0.10475760910153457
    },
    {
      "mae": 0.1228977416952451,
      "mse": 0.02123060999738498,
      "rmse": 0.14570727503246014,
      "mape": 0.11790416132393823
    },
    {
      "mae": 0.13235201438268027,
      "mse": 0.023832957743469052,
      "rmse": 0.15437926591180906,
      "mape": 0.13278284198696141
    }
  ],
  "mean": {
    "mae": 0.12040497610966365,
    "mse": 0.020799720168842076,
    "rmse": 0.14391707973194034,
    "mape": 0.1184815374708114
  },
  "std": {
    "mae": 0.01091563922752377,
    "mse": 0.0026699797061565294,
    "rmse": 0.009359184273877823,
    "mape": 0.01144853533519568
  }
}