{
  "domain": "na_ion",
  "task": "rul",
  "model": "timemixer",
  "splits": [
    {
      "mae": 41.59320345791903,
      "mse": 2327.1868763818957,
      "rmse": 48.240925326758564,
      "mape": 1.714311485812167,
      "acc15": 0.18181818181818182
    },
    {
      "mae": 59.38550463589755,
      "mse": 3882.981509723257,
      "rmse": 62.31357404067959,
      "mape": 0.6983671731051779,
      "acc15": 0.0
    },
    {
      "mae": 49.71031605113637,
      "mse": 3021.6498112276367,
      "rmse": 54.96953530117966,
      "mape": 5.872256035490923,
      "acc15": 0.0
    }
  ],
  "mean": {
    "mae": 50.22967471498432,
    "mse": 3077.2727324442635,
    "rmse": 55.17467822287261,
    "mape": 2.761644898136089,
    "acc15": 0.06060606060606061
  },
  "std": {
    "mae": 7.272954253866827,
    "mse": 636.3671200949698,
    "rmse": 5.74696576001031,
    "mape": 2.238297261686119,
    "acc15": 0.08570991287109668
  }
}