{
  "domain": "na_ion",
  "task": "rul",
  "model": "timemixer",
  "splits": [
    {
      "mae": 41.017966181437174,
      "mse": 2215.8118437227845,
      "rmse": 47.07241064278294,
      "mape": 0.24262201795480517,
      "acc15": 0.3333333333333333
    },
    {
      "mae": 25.13522674560547,
      "mse": 737.7360893789543,
      "rmse": 27.1612976379803,
      "mape": 0.17125582652876886,
      "acc15": 0.405
    },
    {
      "mae": 46.3624800491333,
      "mse": 2524.234841854902,
      "rmse": 50.2417639206159,
      "mape": 0.22699939775797362,
      "acc15": 0.14
    }
  ],
  "mean": {
    "mae": 37.505224325391985,
    "mse": 1825.9275916522136,
    "rmse": 41.49182406712638,
    "mape": 0.2136257474138492,
    "acc15": 0.29277777777777775
  },
  "std": {
    "mae": 9.014935282202241,
    "mse": 779.7015436088352,
    "rmse": 10.215484679389695,
    "mape": 0.030631402321904762,
    "acc15": 0.1119220407689055
  }
}