{
  "domain": "na_ion",
  "task": "rul",
  "model": "timemixer",
  "splits": [
    {
      "mae": 21.433941927823152,
      "mse": 692.0587724379307,
      "rmse": 26.30700994864165,
      "mape": 0.7679152172068805,
      "acc15": 0.45454545454545453
    },
    {
      "mae": 10.929358742453836,
      "mse": 304.3842476633674,
      "rmse": 17.44661135187482,
      "mape": 0.22857049378115846,
      "acc15": 0.8181818181818182
    },
    {
      "mae": 22.898345947265625,
      "mse": 1385.6698321772062,
      "rmse": 37.224586393635136,
      "mape": 4.947822324664016,
      "acc15": 0.45454545454545453
    }
  ],
  "mean": {
    "mae": 18.420548872514203,
    "mse": 794.0376174261681,
    "rmse": 26.992735898050537,
    "mape": 1.9814360118840184,
    "acc15": 0.5757575757575758
  },
  "std": {
    "mae": 5.330701452065211,
    "mse": 447.28394593606845,
    "rmse": 8.088870512269436,
    "mape": 2.1090770493525004,
    "acc15": 0.1714198257421934
  }
}