{
  "domain": "zn_ion",
  "task": "soh_point",
  "model": "gru",
  "splits": [
    {
      "mae": 0.015191912902028938,
      "mse": 0.0013560812783306817,
      "rmse": 0.036825008870748174,
      "mape": 0.016710618326246863
    },
    {
      "mae": 0.014423569503583407,
      "mse": 0.0008872743765661913,
      "rmse": 0.02978715119923675,
      "mape": 0.015404346075787207
    },
    {
      "mae": 0.022735967730220994,
      "mse": 0.0019486576181032072,
      "rmse": 0.04414360223297604,
      "mape": 0.02497245156854911
    }
  ],
  "mean": {
    "mae": 0.017450483378611114,
    "mse": 0.0013973377576666935,
    "rmse": 0.036918587434320325,
    "mape": 0.01902913865686106
  },
  "std": {
    "mae": 0.0037505418735447106,
    "mse": 0.00043428882030994683,
    "rmse": 0.0058613701061389295,
    "mape": 0.004236257237449008
  }
}