{
  "domain": "zn_ion",
  "task": "soh_point",
  "model": "gru",
  "splits": [
    {
      "mae": 0.028464625279108684,
      "mse": 0.003931335125717676,
      "rmse": 0.06270035985317529,
      "mape": 0.033111321367120965
    },
    {
      "mae": 0.03840641180674235,
      "mse": 0.005884543502320779,
      "rmse": 0.07671077826694746,
      "mape": 0.04552210355582481
    },
    {
      "mae": 0.05000971009333929,
      "mse": 0.0076015259908216075,
      "rmse": 0.0871867305891304,
      "mape": 0.059278793250864846
    }
  ],
  "mean": {
    "mae": 0.038960249059730105,
    "mse": 0.005805801539620021,
    "rmse": 0.07553262290308438,
    "mape": 0.045970739391270214
  },
  "std": {
    "mae": 0.00880445802572747,
    "mse": 0.0014993833108071601,
    "rmse": 0.010031172264519874,
    "mape": 0.010687534850820869
  }
}