{
  "domain": "zn_ion",
  "task": "soh_point",
  "model": "gru",
  "splits": [
    {
      "mae": 0.0168718715791193,
      "mse": 0.0013153596641869835,
      "rmse": 0.03626788750653922,
      "mape": 0.01844058676917644
    },
    {
      "mae": 0.0246059505745422,
      "mse": 0.0024279188366882437,
      "rmse": 0.04927391639283652,
      "mape": 0.027524377879982593
    },
    {
      "mae": 0.024200376806417442,
      "mse": 0.001799077633568081,
      "rmse": 0.042415535285648356,
      "mape": 0.026437467310825927
    }
  ],
  "mean": {
    "mae": 0.02189273298669298,
    "mse": 0.001847452044814436,
    "rmse": 0.04265244639500804,
    "mape": 0.024134143986661652
  },
  "std": {
    "mae": 0.0035541440109534855,
    "mse": 0.00045548658291746696,
    "rmse": 0.005312331064175342,
    "mape": 0.00405033241334746
  }
}