{
  "domain": "zn_ion",
  "task": "soh_point",
  "model": "gru",
  "splits": [
    {
      "mae": 0.028397930165131886,
      "mse": 0.003975908450228586,
      "rmse": 0.06305480513195316,
      "mape": 0.03307085379943586
    },
    {
      "mae": 0.039248441656430565,
      "mse": 0.005727524000525008,
      "rmse": 0.0756804069791185,
      "mape": 0.04626586973192745
    },
    {
      "mae": 0.0502378965417544,
      "mse": 0.007230520337708916,
      "rmse": 0.08503246637437324,
      "mape": 0.059268083261811766
    }
  ],
  "mean": {
    "mae": 0.03929475612110562,
    "mse": 0.0056446509294875045,
    "rmse": 0.07458922616181496,
    "mape": 0.04620160226439169
  },
  "std": {
    "mae": 0.008916189081486519,
    "mse": 0.0013299813517388026,
    "rmse": 0.009005457793422898,
    "mape": 0.010695070690326818
  }
}