{
  "domain": "li_ion",
  "task": "soh_point",
  "model": "patchtst",
  "splits": [
    {
      "mae": 0.02065826339998107,
      "mse": 0.000880310643938497,
      "rmse": 0.02967002938890518,
      "mape": 0.02223117344617547
    },
    {
      "mae": 0.019282991367837655,
      "mse": 0.0006747471832083498,
      "rmse": 0.02597589619644238,
      "mape": 0.02037160781619512
    },
    {
      "mae": 0.020221502513125322,
      "mse": 0.0008071161800323698,
      "rmse": 0.02840979021450827,
      "mape": 0.02170574202510888
    }
  ],
  "mean": {
    "mae": 0.020054252426981348,
    "mse": 0.0007873913357264056,
    "rmse": 0.028018571933285275,
    "mape": 0.02143617442915982
  },
  "std": {
    "mae": 0.0005737727390325333,
    "mse": 8.507207222510251e-05,
    "rmse": 0.0015332848873331074,
    "mape": 0.000782728603301882
  }
}