{
  "domain": "li_ion",
  "task": "soh_point",
  "model": "patchtst",
  "splits": [
    {
      "mae": 0.018433063438064175,
      "mse": 0.0006756298362454902,
      "rmse": 0.02599288049150171,
      "mape": 0.01973000014599133
    },
    {
      "mae": 0.016347488682521016,
      "mse": 0.0005304496261163752,
      "rmse": 0.023031492051458047,
      "mape": 0.017448817428355544
    },
    {
      "mae": 0.014287577255776054,
      "mse": 0.0003813467414681342,
      "rmse": 0.019528101327782335,
      "mape": 0.014994421124409218
    }
  ],
  "mean": {
    "mae": 0.01635604312545375,
    "mse": 0.0005291420679433332,
    "rmse": 0.022850824623580696,
    "mape": 0.01739107956625203
  },
  "std": {
    "mae": 0.0016923984569747657,
    "mse": 0.00012014412802745571,
    "rmse": 0.002642325105979821,
    "mape": 0.001933723077891
  }
}