{
  "domain": "li_ion",
  "task": "soh_point",
  "model": "patchtst",
  "splits": [
    {
      "mae": 0.014151776493459507,
      "mse": 0.00037329286774984393,
      "rmse": 0.019320788486752914,
      "mape": 0.015070888651589929
    },
    {
      "mae": 0.01628863966119462,
      "mse": 0.00046859898829152894,
      "rmse": 0.02164714734766521,
      "mape": 0.0172395295794287
    },
    {
      "mae": 0.014947945553323497,
      "mse": 0.0004022985881941004,
      "rmse": 0.0200573823863958,
      "mape": 0.015942776834360198
    }
  ],
  "mean": {
    "mae": 0.015129453902659207,
    "mse": 0.00041473014807849113,
    "rmse": 0.02034177274027131,
    "mape": 0.016084398355126275
  },
  "std": {
    "mae": 0.0008817614983900754,
    "mse": 3.988919581412108e-05,
    "rmse": 0.000970788268185316,
    "mape": 0.0008909894723779188
  }
}