{
  "domain": "li_ion",
  "task": "soh_point",
  "model": "patchtst",
  "splits": [
    {
      "mae": 0.014311961688507012,
      "mse": 0.00043768527319118885,
      "rmse": 0.020920929070937285,
      "mape": 0.015180895301653004
    },
    {
      "mae": 0.017923070931144095,
      "mse": 0.0005248245611157912,
      "rmse": 0.02290904976457538,
      "mape": 0.018723664978854193
    },
    {
      "mae": 0.016167815602187927,
      "mse": 0.00045456947013142185,
      "rmse": 0.021320634843536482,
      "mape": 0.016910551718083398
    }
  ],
  "mean": {
    "mae": 0.01613428274061301,
    "mse": 0.000472359768146134,
    "rmse": 0.021716871226349715,
    "mape": 0.016938370666196866
  },
  "std": {
    "mae": 0.0014744198475262046,
    "mse": 3.7733141070690014e-05,
    "rmse": 0.0008586456104108342,
    "mape": 0.0014464634266213251
  }
}