{
  "domain": "li_ion",
  "task": "soh_point",
  "model": "patchtst",
  "splits": [
    {
      "mae": 0.03155217555008436,
      "mse": 0.001789637162603561,
      "rmse": 0.042304103377846944,
      "mape": 0.034090681092747134
    },
    {
      "mae": 0.0328644114105325,
      "mse": 0.0019087994006322486,
      "rmse": 0.04368980888756838,
      "mape": 0.03569737906070889
    },
    {
      "mae": 0.03384759316318914,
      "mse": 0.001975674629712914,
      "rmse": 0.04444856161579263,
      "mape": 0.035556189310857265
    }
  ],
  "mean": {
    "mae": 0.03275472670793533,
    "mse": 0.0018913703976495746,
    "rmse": 0.043480824627069314,
    "mape": 0.03511474982143776
  },
  "std": {
    "mae": 0.0009403044028844344,
    "mse": 7.694288964699051e-05,
    "rmse": 0.0008878555060464637,
    "mape": 0.0007264164127997672
  }
}