{
  "domain": "zn_ion",
  "task": "soh_traj",
  "model": "autoformer",
  "splits": [
    {
      "mae": 0.08992479745002767,
      "mse": 0.01619962990422343,
      "rmse": 0.12727776673175653,
      "mape": 0.11768867282890558
    },
    {
      "mae": 0.08628875264183843,
      "mse": 0.014918591091235155,
      "rmse": 0.12214168449483229,
      "mape": 0.11610857493457548
    },
    {
      "mae": 0.09753529328301262,
      "mse": 0.0181904584542965,
      "rmse": 0.13487200767504168,
      "mape": 0.1450838306431263
    }
  ],
  "mean": {
    "mae": 0.0912496144582929,
    "mse": 0.016436226483251697,
    "rmse": 0.12809715296721016,
    "mape": 0.12629369280220246
  },
  "std": {
    "mae": 0.004685973693014602,
    "mse": 0.0013461704860510567,
    "rmse": 0.005229329301818242,
    "mape": 0.013302283949247345
  }
}