{
  "domain": "zn_ion",
  "task": "soh_traj",
  "model": "autoformer",
  "splits": [
    {
      "mae": 0.09007210598810945,
      "mse": 0.016174836673035844,
      "rmse": 0.1271803313135952,
      "mape": 0.11551276481423754
    },
    {
      "mae": 0.0892412000824575,
      "mse": 0.01524336058343646,
      "rmse": 0.12346400521381307,
      "mape": 0.11519025868923485
    },
    {
      "mae": 0.10046367407507543,
      "mse": 0.01836428697635365,
      "rmse": 0.13551489577295056,
      "mape": 0.14712111710083747
    }
  ],
  "mean": {
    "mae": 0.0932589933818808,
    "mse": 0.016594161410941985,
    "rmse": 0.1287197441001196,
    "mape": 0.1259413802014366
  },
  "std": {
    "mae": 0.0051057594325219615,
    "mse": 0.0013081590918454372,
    "rmse": 0.005038738903903332,
    "mape": 0.014976914321627302
  }
}