{
  "domain": "zn_ion",
  "task": "soh_traj",
  "model": "autoformer",
  "splits": [
    {
      "mae": 0.04216503074373686,
      "mse": 0.0029221016833912918,
      "rmse": 0.05405646754451582,
      "mape": 0.04624702819761136
    },
    {
      "mae": 0.04230580082370164,
      "mse": 0.0028003876387587504,
      "rmse": 0.05291868893650664,
      "mape": 0.045447683847314145
    },
    {
      "mae": 0.042876911812012995,
      "mse": 0.0026789930445571476,
      "rmse": 0.05175898998779968,
      "mape": 0.04610119512809134
    }
  ],
  "mean": {
    "mae": 0.042449247793150506,
    "mse": 0.0028004941222357295,
    "rmse": 0.05291138215627405,
    "mape": 0.04593196905767228
  },
  "std": {
    "mae": 0.00030781643731888703,
    "mse": 9.924871476244493e-05,
    "rmse": 0.0009379555151788432,
    "mape": 0.00034757823557689997
  }
}