{
  "domain": "zn_ion",
  "task": "soh_traj",
  "model": "autoformer",
  "splits": [
    {
      "mae": 0.04569665228889457,
      "mse": 0.0034953598855204816,
      "rmse": 0.05912156869976034,
      "mape": 0.04979854372992637
    },
    {
      "mae": 0.04098089346396615,
      "mse": 0.0026375497921019104,
      "rmse": 0.051357081226466816,
      "mape": 0.04387288520865126
    },
    {
      "mae": 0.04276515359481584,
      "mse": 0.002735747363928086,
      "rmse": 0.05230437232132784,
      "mape": 0.045783174405957784
    }
  ],
  "mean": {
    "mae": 0.043147566449225516,
    "mse": 0.0029562190138501597,
    "rmse": 0.054261007415851666,
    "mape": 0.046484867781511806
  },
  "std": {
    "mae": 0.0019440979085659752,
    "mse": 0.0003833321887581886,
    "rmse": 0.0034586251700711654,
    "mape": 0.002469498926592514
  }
}