{
  "domain": "zn_ion",
  "task": "soh_traj",
  "model": "autoformer",
  "splits": [
    {
      "mae": 0.050911122166304036,
      "mse": 0.0045719601068814,
      "rmse": 0.06761627102171044,
      "mape": 0.054870254393483656
    },
    {
      "mae": 0.03839409387965413,
      "mse": 0.002752075868919558,
      "rmse": 0.05246023130829255,
      "mape": 0.041083921083843455
    },
    {
      "mae": 0.03495460715034682,
      "mse": 0.002298441614732822,
      "rmse": 0.04794206519052785,
      "mape": 0.03822031350429363
    }
  ],
  "mean": {
    "mae": 0.041419941065435,
    "mse": 0.003207492530177927,
    "rmse": 0.05600618917351028,
    "mape": 0.04472482966054025
  },
  "std": {
    "mae": 0.006856598100000249,
    "mse": 0.000982437389031035,
    "rmse": 0.00841423225487069,
    "mape": 0.007268530083002966
  }
}