{
  "domain": "three_level",
  "task": "soh_point",
  "model": "severson",
  "splits": [
    {
      "mae": 0.31221096704488527,
      "mse": 0.12708665883262474,
      "rmse": 0.3564921581642782,
      "mape": 3.5705964908229393
    }
  ],
  "mean": {
    "mae": 0.31221096704488527,
    "mse": 0.12708665883262474,
    "rmse": 0.3564921581642782,
    "mape": 3.5705964908229393
  },
  "std": {
    "mae": 0.0,
    "mse": 0.0,
    "rmse": 0.0,
    "mape": 0.0
  }
}