{
  "domain": "calb",
  "task": "soh_traj",
  "model": "batlinet",
  "splits": [
    {
      "mae": 0.008922027042452348,
      "mse": 0.00019528833933906897,
      "rmse": 0.013974560434556393,
      "mape": 0.009177464534093035
    },
    {
      "mae": 0.012572321445689498,
      "mse": 0.00028503071782542207,
      "rmse": 0.016882852775091717,
      "mape": 0.012955690006159096
    },
    {
      "mae": 0.014349548891866055,
      "mse": 0.00038203747269184,
      "rmse": 0.019545778897036566,
      "mape": 0.014886147318163854
    }
  ],
  "mean": {
    "mae": 0.011947965793335966,
    "mse": 0.000287452176618777,
    "rmse": 0.016801064035561558,
    "mape": 0.012339767286138661
  },
  "std": {
    "mae": 0.002259330777307763,
    "mse": 7.62592389988199e-05,
    "rmse": 0.002275175573826547,
    "mape": 0.002370904943977393
  }
}