{
  "domain": "calb",
  "task": "soh_traj",
  "model": "batlinet",
  "splits": [
    {
      "mae": 0.05209183235361119,
      "mse": 0.004182095415328021,
      "rmse": 0.06466912258047129,
      "mape": 0.05209183235361119
    },
    {
      "mae": 0.0995608080517162,
      "mse": 0.010772653935474961,
      "rmse": 0.10379139624976129,
      "mape": 0.09956726666100096
    },
    {
      "mae": 0.21477496900943793,
      "mse": 0.04769048692652282,
      "rmse": 0.21838151690681795,
      "mape": 0.21478735254553188
    }
  ],
  "mean": {
    "mae": 0.12214253647158844,
    "mse": 0.02088174542577527,
    "rmse": 0.12894734524568352,
    "mape": 0.12214881718671468
  },
  "std": {
    "mae": 0.06830764516443846,
    "mse": 0.019146632968441185,
    "rmse": 0.06522520662953678,
    "mape": 0.06831253126007916
  }
}