{
  "domain": "calb",
  "task": "soh_traj",
  "model": "batlinet",
  "splits": [
    {
      "mae": 0.042231290749829224,
      "mse": 0.003164905979334226,
      "rmse": 0.05625749709446934,
      "mape": 0.042231290749829224
    },
    {
      "mae": 0.10201806094911363,
      "mse": 0.011265944023770492,
      "rmse": 0.10614115141532285,
      "mape": 0.1020247191833
    },
    {
      "mae": 0.03915947820201065,
      "mse": 0.002156429503310114,
      "rmse": 0.046437371838963,
      "mape": 0.03916260028632746
    }
  ],
  "mean": {
    "mae": 0.06113627663365117,
    "mse": 0.0055290931688049445,
    "rmse": 0.0696120067829184,
    "mape": 0.061139536739818895
  },
  "std": {
    "mae": 0.028934975660311498,
    "mse": 0.004077405179748734,
    "rmse": 0.026139274673560992,
    "mape": 0.028937321033200344
  }
}