{
  "domain": "calb",
  "task": "soh_traj",
  "model": "batlinet",
  "splits": [
    {
      "mae": 0.004438879823747979,
      "mse": 3.508012083017675e-05,
      "rmse": 0.005922847358338449,
      "mape": 0.004665405132745681
    },
    {
      "mae": 0.006309421796885768,
      "mse": 9.29990061569471e-05,
      "rmse": 0.00964359923249339,
      "mape": 0.0065506812357748
    },
    {
      "mae": 0.01243610900621056,
      "mse": 0.00046815744665748907,
      "rmse": 0.021636946333932823,
      "mape": 0.012889531167414358
    }
  ],
  "mean": {
    "mae": 0.007728136875614769,
    "mse": 0.0001987455245482043,
    "rmse": 0.012401130974921555,
    "mape": 0.008035205845311614
  },
  "std": {
    "mae": 0.003415502208574659,
    "mse": 0.00019196481821823216,
    "rmse": 0.006705033563752346,
    "mape": 0.00351775707383451
  }
}