{
  "domain": "calb",
  "task": "soh_traj",
  "model": "batlinet",
  "splits": [
    {
      "mae": 0.0075186892267394894,
      "mse": 9.109887810055057e-05,
      "rmse": 0.00954457322778502,
      "mape": 0.007858206419791229
    },
    {
      "mae": 0.005604180333911125,
      "mse": 8.210881550501688e-05,
      "rmse": 0.009061391477307272,
      "mape": 0.005813310494439157
    },
    {
      "mae": 0.006221638267425136,
      "mse": 7.96509770975982e-05,
      "rmse": 0.008924739609512324,
      "mape": 0.006501996534708074
    }
  ],
  "mean": {
    "mae": 0.0064481692760252505,
    "mse": 8.428622356772188e-05,
    "rmse": 0.009176901438201539,
    "mape": 0.006724504482979486
  },
  "std": {
    "mae": 0.0007978401254105827,
    "mse": 4.920666536625503e-06,
    "rmse": 0.0002659014126634182,
    "mape": 0.0008495222879804636
  }
}