{
  "domain": "na_ion",
  "task": "rul",
  "model": "patchtst",
  "splits": [
    {
      "mae": 43.31918612393466,
      "mse": 2440.331072394842,
      "rmse": 49.39970720960643,
      "mape": 1.7021809137603148,
      "acc15": 0.2727272727272727
    },
    {
      "mae": 58.959937355735086,
      "mse": 3826.142947316847,
      "rmse": 61.855823875499766,
      "mape": 0.7079429065617295,
      "acc15": 0.0
    },
    {
      "mae": 52.77647885409269,
      "mse": 3286.8828163187663,
      "rmse": 57.331342355807145,
      "mape": 5.918012491489501,
      "acc15": 0.0
    }
  ],
  "mean": {
    "mae": 51.68520077792081,
    "mse": 3184.452278676819,
    "rmse": 56.195624480304446,
    "mape": 2.776045437270515,
    "acc15": 0.0909090909090909
  },
  "std": {
    "mae": 6.4317670279852175,
    "mse": 570.3727725209917,
    "rmse": 5.148210169119534,
    "mape": 2.2584795816489316,
    "acc15": 0.128564869306645
  }
}