{
  "domain": "na_ion",
  "task": "rul",
  "model": "patchtst",
  "splits": [
    {
      "mae": 37.662636820475264,
      "mse": 1961.2361980262003,
      "rmse": 44.28584647521373,
      "mape": 0.22141579917459167,
      "acc15": 0.385
    },
    {
      "mae": 26.55647923787435,
      "mse": 976.6349336733552,
      "rmse": 31.251158917284254,
      "mape": 0.20048183427042754,
      "acc15": 0.5
    },
    {
      "mae": 39.71361203511556,
      "mse": 1935.0869204071794,
      "rmse": 43.98962287184535,
      "mape": 0.196128183478791,
      "acc15": 0.3016666666666667
    }
  ],
  "mean": {
    "mae": 34.644242697821724,
    "mse": 1624.319350702245,
    "rmse": 39.842209421447784,
    "mape": 0.20600860564127008,
    "acc15": 0.3955555555555556
  },
  "std": {
    "mae": 5.779882534608707,
    "mse": 458.1064463102716,
    "rmse": 6.075993673444939,
    "mape": 0.011038562051094629,
    "acc15": 0.08131253528861172
  }
}