{
  "domain": "na_ion",
  "task": "rul",
  "model": "patchtst",
  "splits": [
    {
      "mae": 27.08759932084517,
      "mse": 1384.3339285768823,
      "rmse": 37.20663823267136,
      "mape": 1.1258951970257731,
      "acc15": 0.36363636363636365
    },
    {
      "mae": 29.328561956232246,
      "mse": 977.9890787183857,
      "rmse": 31.27281692969768,
      "mape": 0.3231426257374752,
      "acc15": 0.09090909090909091
    },
    {
      "mae": 19.666487953879617,
      "mse": 855.3223551314123,
      "rmse": 29.245894671413495,
      "mape": 3.560712046744875,
      "acc15": 0.45454545454545453
    }
  ],
  "mean": {
    "mae": 25.360883076985676,
    "mse": 1072.5484541422268,
    "rmse": 32.575116611260846,
    "mape": 1.6699166231693745,
    "acc15": 0.30303030303030304
  },
  "std": {
    "mae": 4.129171042460444,
    "mse": 226.08172242240659,
    "rmse": 3.377903477748368,
    "mape": 1.3765738684715365,
    "acc15": 0.154515742836145
  }
}