{
  "domain": "na_ion",
  "task": "rul",
  "model": "patchtst",
  "splits": [
    {
      "mae": 28.5966335550944,
      "mse": 966.2464362938314,
      "rmse": 31.08450476192007,
      "mape": 0.16445538522825037,
      "acc15": 0.43333333333333335
    },
    {
      "mae": 26.659001998901367,
      "mse": 1008.5571989603212,
      "rmse": 31.75778957925632,
      "mape": 0.2025239858042003,
      "acc15": 0.5
    },
    {
      "mae": 47.76949071248372,
      "mse": 3219.9207793568867,
      "rmse": 56.744345791954345,
      "mape": 0.2225751910931791,
      "acc15": 0.3333333333333333
    }
  ],
  "mean": {
    "mae": 34.341708755493165,
    "mse": 1731.5748048703463,
    "rmse": 39.86221337771024,
    "mape": 0.19651818737520996,
    "acc15": 0.4222222222222222
  },
  "std": {
    "mae": 9.527769946328808,
    "mse": 1052.5612745384697,
    "rmse": 11.940634384330044,
    "mape": 0.024104358796996288,
    "acc15": 0.06849348892187752
  }
}