{
  "domain": "zn_ion",
  "task": "soh_point",
  "model": "bilstm",
  "splits": [
    {
      "mae": 0.029098838567733765,
      "mse": 0.0038066752950178064,
      "rmse": 0.061698260064752285,
      "mape": 0.03366928006467968
    },
    {
      "mae": 0.0404496043920517,
      "mse": 0.00533305443292272,
      "rmse": 0.07302776480848035,
      "mape": 0.047193557303441803
    },
    {
      "mae": 0.04990700135628382,
      "mse": 0.00751095315166254,
      "rmse": 0.08666575535736443,
      "mape": 0.05911950339533429
    }
  ],
  "mean": {
    "mae": 0.03981848143868976,
    "mse": 0.005550227626534356,
    "rmse": 0.07379726007686568,
    "mape": 0.04666078025448526
  },
  "std": {
    "mae": 0.008506611028895704,
    "mse": 0.0015200420513535654,
    "rmse": 0.010207449812847573,
    "mape": 0.01039683783442415
  }
}