{
  "domain": "zn_ion",
  "task": "soh_point",
  "model": "bilstm",
  "splits": [
    {
      "mae": 0.009495793490789049,
      "mse": 0.00026528253657303946,
      "rmse": 0.016287496326109777,
      "mape": 0.010071060688514065
    },
    {
      "mae": 0.02094396350457687,
      "mse": 0.0014990988150315266,
      "rmse": 0.038718197466198326,
      "mape": 0.023165336468388715
    },
    {
      "mae": 0.020830212960104726,
      "mse": 0.0019074568782692326,
      "rmse": 0.043674441934262107,
      "mape": 0.023177299996780157
    }
  ],
  "mean": {
    "mae": 0.017089989985156883,
    "mse": 0.0012239460766245995,
    "rmse": 0.0328933785755234,
    "mape": 0.018804565717894312
  },
  "std": {
    "mae": 0.005370108632848653,
    "mse": 0.0006980763636455802,
    "rmse": 0.011915188731694408,
    "mape": 0.006175522561163573
  }
}