{
  "domain": "zn_ion",
  "task": "soh_point",
  "model": "bilstm",
  "splits": [
    {
      "mae": 0.01515189832762668,
      "mse": 0.0013457292347905593,
      "rmse": 0.036684182351397164,
      "mape": 0.01666679294466501
    },
    {
      "mae": 0.0122917251837881,
      "mse": 0.000924045672706035,
      "rmse": 0.030398119558716706,
      "mape": 0.013294550611433947
    },
    {
      "mae": 0.02207850958171644,
      "mse": 0.0019507703858848433,
      "rmse": 0.04416752637271917,
      "mape": 0.02431873161108892
    }
  ],
  "mean": {
    "mae": 0.016507377697710407,
    "mse": 0.001406848431127146,
    "rmse": 0.037083276094277674,
    "mape": 0.018093358389062623
  },
  "std": {
    "mae": 0.004108793858293479,
    "mse": 0.00042138072751661624,
    "rmse": 0.005628415873291473,
    "mape": 0.004612263248026971
  }
}