{
  "domain": "zn_ion",
  "task": "soh_point",
  "model": "bilstm",
  "splits": [
    {
      "mae": 0.029687367379665375,
      "mse": 0.0037992589376358112,
      "rmse": 0.0616381289271163,
      "mape": 0.03425166136164248
    },
    {
      "mae": 0.04114875694115957,
      "mse": 0.0054297475148545144,
      "rmse": 0.07368682049630391,
      "mape": 0.047961106290645185
    },
    {
      "mae": 0.04969476908445358,
      "mse": 0.007746033346492561,
      "rmse": 0.08801155234679457,
      "mape": 0.059052130698243756
    }
  ],
  "mean": {
    "mae": 0.040176964468426175,
    "mse": 0.005658346599660962,
    "rmse": 0.0744455005900716,
    "mape": 0.04708829945017714
  },
  "std": {
    "mae": 0.008196841513726958,
    "mse": 0.0016193517663522844,
    "rmse": 0.01078026166447791,
    "mape": 0.010143541908179832
  }
}