{
  "domain": "na_ion",
  "task": "soh_traj",
  "model": "mlp",
  "splits": [
    {
      "mae": 0.026585526153319182,
      "mse": 0.0010002278022097695,
      "rmse": 0.03162637826577317,
      "mape": 0.0314916421839187
    },
    {
      "mae": 0.02121169841753168,
      "mse": 0.0006810222426421443,
      "rmse": 0.02609640286786944,
      "mape": 0.02495352125808209
    },
    {
      "mae": 0.029631124344754515,
      "mse": 0.0011624700347601033,
      "rmse": 0.03409501480803467,
      "mape": 0.034524302135211966
    }
  ],
  "mean": {
    "mae": 0.025809449638535126,
    "mse": 0.0009479066932040057,
    "rmse": 0.03060593198055909,
    "mape": 0.03032315519240425
  },
  "std": {
    "mae": 0.0034807474583866366,
    "mse": 0.00020000186327383574,
    "rmse": 0.0033441921005522234,
    "mape": 0.003993660228955605
  }
}