{
  "domain": "na_ion",
  "task": "soh_traj",
  "model": "mlp",
  "splits": [
    {
      "mae": 0.011416995320519279,
      "mse": 0.00023611018260238765,
      "rmse": 0.015365877215518405,
      "mape": 0.013846620706871217
    },
    {
      "mae": 0.014282527696189838,
      "mse": 0.000314913405135094,
      "rmse": 0.017745799647665754,
      "mape": 0.01732244753949596
    },
    {
      "mae": 0.015624078096627574,
      "mse": 0.00036780996120128775,
      "rmse": 0.019178372225016588,
      "mape": 0.018517633421360678
    }
  ],
  "mean": {
    "mae": 0.013774533704445563,
    "mse": 0.0003062778496462565,
    "rmse": 0.017430016362733582,
    "mape": 0.01656223388924262
  },
  "std": {
    "mae": 0.0017546946159741456,
    "mse": 5.411184426537577e-05,
    "rmse": 0.0015723801197853,
    "mape": 0.001981251042524089
  }
}