{
  "domain": "na_ion",
  "task": "soh_traj",
  "model": "mlp",
  "splits": [
    {
      "mae": 0.057052431819827984,
      "mse": 0.005065383027772722,
      "rmse": 0.0711715043242218,
      "mape": 0.06703675138993766
    },
    {
      "mae": 0.0307554947042921,
      "mse": 0.002421012293931537,
      "rmse": 0.049203783329450766,
      "mape": 0.03585512039192427
    },
    {
      "mae": 0.05349312362908363,
      "mse": 0.004364552206036204,
      "rmse": 0.06606475767030562,
      "mape": 0.06268451372386911
    }
  ],
  "mean": {
    "mae": 0.047100350051067906,
    "mse": 0.003950315842580154,
    "rmse": 0.062146681774659394,
    "mape": 0.055192128501910354
  },
  "std": {
    "mae": 0.011648544713953017,
    "mse": 0.0011185907705996004,
    "rmse": 0.009386468291075863,
    "mape": 0.013788289842223292
  }
}