{
  "domain": "na_ion",
  "task": "soh_traj",
  "model": "mlp",
  "splits": [
    {
      "mae": 0.0679740893042736,
      "mse": 0.009253224645824688,
      "rmse": 0.0961936829829521,
      "mape": 0.07981198753085435
    },
    {
      "mae": 0.053329866058718436,
      "mse": 0.008729027491941389,
      "rmse": 0.09342926464412202,
      "mape": 0.06149661192502953
    },
    {
      "mae": 0.0647612772501008,
      "mse": 0.008169169720216168,
      "rmse": 0.0903834593286635,
      "mape": 0.07698560873778885
    }
  ],
  "mean": {
    "mae": 0.06202174420436427,
    "mse": 0.008717140619327416,
    "rmse": 0.09333546898524586,
    "mape": 0.07276473606455758
  },
  "std": {
    "mae": 0.006284483516191621,
    "mse": 0.00044264338071742655,
    "rmse": 0.0023729409245957073,
    "mape": 0.008050882787551254
  }
}