{
  "domain": "na_ion",
  "task": "soh_traj",
  "model": "severson",
  "splits": [
    {
      "mae": 0.025143342833509122,
      "mse": 0.0009493442665904179,
      "rmse": 0.030811430778047582,
      "mape": 0.030150334255670038
    },
    {
      "mae": 0.01773395441370074,
      "mse": 0.0004912944812197215,
      "rmse": 0.022165163685831907,
      "mape": 0.020946022908663785
    },
    {
      "mae": 0.02077352383151092,
      "mse": 0.0007210017454990563,
      "rmse": 0.02685147566706635,
      "mape": 0.024325195106537346
    }
  ],
  "mean": {
    "mae": 0.021216940359573593,
    "mse": 0.0007205468311030652,
    "rmse": 0.02660935671031528,
    "mape": 0.02514051742362372
  },
  "std": {
    "mae": 0.003041076876362166,
    "mse": 0.00018699831849487494,
    "rmse": 0.0035339731982945762,
    "mape": 0.0038016136664765
  }
}