{
  "domain": "na_ion",
  "task": "soh_traj",
  "model": "severson",
  "splits": [
    {
      "mae": 0.006186706940168848,
      "mse": 4.7331769678654203e-05,
      "rmse": 0.006879808840269779,
      "mape": 0.18341870559692278
    },
    {
      "mae": 0.004521156608787127,
      "mse": 3.3302904359034464e-05,
      "rmse": 0.005770866863741917,
      "mape": 0.13753371512859938
    },
    {
      "mae": 0.008025069386665378,
      "mse": 9.324668611668099e-05,
      "rmse": 0.009656432370015388,
      "mape": 0.2864928536508193
    }
  ],
  "mean": {
    "mae": 0.00624431097854045,
    "mse": 5.796045338478989e-05,
    "rmse": 0.007435702691342361,
    "mape": 0.20248175812544714
  },
  "std": {
    "mae": 0.0014310462041625719,
    "mse": 2.5600012120386386e-05,
    "rmse": 0.00163425177703861,
    "mape": 0.0622883414243759
  }
}