{
  "domain": "na_ion",
  "task": "soh_traj",
  "model": "severson",
  "splits": [
    {
      "mae": 0.013024268150829871,
      "mse": 0.00030141504306622374,
      "rmse": 0.01736130879473733,
      "mape": 0.015538456468831322
    },
    {
      "mae": 0.00850958407634562,
      "mse": 0.00011742274065147505,
      "rmse": 0.010836177400332419,
      "mape": 0.010245476636067117
    },
    {
      "mae": 0.013417095681895886,
      "mse": 0.0003129559828353718,
      "rmse": 0.01769056197059245,
      "mape": 0.015996906769357996
    }
  ],
  "mean": {
    "mae": 0.01165031596969046,
    "mse": 0.0002439312555176902,
    "rmse": 0.015296016055220733,
    "mape": 0.013926946624752143
  },
  "std": {
    "mae": 0.00222661566608698,
    "mse": 8.957902125285924e-05,
    "rmse": 0.003156445525606261,
    "mape": 0.0026099118922171365
  }
}