{
  "domain": "zn_ion",
  "task": "soh_point",
  "model": "transformer",
  "splits": [
    {
      "mae": 0.016653681648404976,
      "mse": 0.001348028802235553,
      "rmse": 0.036715511738712736,
      "mape": 0.018178412138954082
    },
    {
      "mae": 0.012998863270408228,
      "mse": 0.0008525418363563338,
      "rmse": 0.0291983190673082,
      "mape": 0.013970793948176704
    },
    {
      "mae": 0.023062673587548106,
      "mse": 0.0017906609735017242,
      "rmse": 0.04231620225754816,
      "mape": 0.02520150349736679
    }
  ],
  "mean": {
    "mae": 0.017571739502120435,
    "mse": 0.001330410537364537,
    "rmse": 0.036076677687856364,
    "mape": 0.019116903194832526
  },
  "std": {
    "mae": 0.0041595025497383085,
    "mse": 0.00038318810116564765,
    "rmse": 0.005374371067489056,
    "mape": 0.0046326942010771095
  }
}