{
  "domain": "zn_ion",
  "task": "soh_point",
  "model": "transformer",
  "splits": [
    {
      "mae": 0.02984314908583959,
      "mse": 0.003542379473896388,
      "rmse": 0.0595178920484957,
      "mape": 0.03424259172324189
    },
    {
      "mae": 0.041182508071263633,
      "mse": 0.004691187744658265,
      "rmse": 0.06849224587249468,
      "mape": 0.04740380127102999
    },
    {
      "mae": 0.04997715105613073,
      "mse": 0.007537412410658491,
      "rmse": 0.08681827233168425,
      "mape": 0.059206025768172216
    }
  ],
  "mean": {
    "mae": 0.040334269404411316,
    "mse": 0.005256993209737715,
    "rmse": 0.07160947008422487,
    "mape": 0.04695080625414803
  },
  "std": {
    "mae": 0.008241526576303665,
    "mse": 0.0016793200825907368,
    "rmse": 0.011361206097691248,
    "mape": 0.010196311855858682
  }
}