{
  "domain": "zn_ion",
  "task": "soh_point",
  "model": "transformer",
  "splits": [
    {
      "mae": 0.0066322164035420485,
      "mse": 0.0001786046848573197,
      "rmse": 0.013364306373969423,
      "mape": 0.007040586336219548
    },
    {
      "mae": 0.018409060923628106,
      "mse": 0.0014754500015783571,
      "rmse": 0.03841158681411583,
      "mape": 0.020536585387198047
    },
    {
      "mae": 0.013626567877179854,
      "mse": 0.0009906165677668493,
      "rmse": 0.0314740618250465,
      "mape": 0.01517089286852451
    }
  ],
  "mean": {
    "mae": 0.012889281734783336,
    "mse": 0.0008815570847341753,
    "rmse": 0.027749985004377253,
    "mape": 0.0142493548639807
  },
  "std": {
    "mae": 0.004836059680800593,
    "mse": 0.0005350217578160334,
    "rmse": 0.010559139026976257,
    "mape": 0.005548118108353924
  }
}