{
  "domain": "zn_ion",
  "task": "soh_point",
  "model": "transformer",
  "splits": [
    {
      "mae": 0.028900814553101856,
      "mse": 0.0038873573450156997,
      "rmse": 0.06234867556745451,
      "mape": 0.03352086914031074
    },
    {
      "mae": 0.038857017954190574,
      "mse": 0.0058084701340579414,
      "rmse": 0.0762133199254431,
      "mape": 0.04592555989198666
    },
    {
      "mae": 0.04985168079535166,
      "mse": 0.007686433806105637,
      "rmse": 0.08767230923219507,
      "mape": 0.05917289164003033
    }
  ],
  "mean": {
    "mae": 0.03920317110088137,
    "mse": 0.005794087095059759,
    "rmse": 0.07541143490836423,
    "mape": 0.046206440224109246
  },
  "std": {
    "mae": 0.008556656885173616,
    "mse": 0.0015509998158521336,
    "rmse": 0.010353867882163878,
    "mape": 0.010474277537608026
  }
}