{
  "domain": "li_ion",
  "task": "soh_traj",
  "model": "severson",
  "splits": [
    {
      "mae": 0.03756576302546296,
      "mse": 0.0018228919878481495,
      "rmse": 0.04269533918179067,
      "mape": 0.04168459939586556
    },
    {
      "mae": 0.034709144831519184,
      "mse": 0.0016151360103126235,
      "rmse": 0.04018875477434731,
      "mape": 0.03833828144233887
    },
    {
      "mae": 0.03757351217998077,
      "mse": 0.0018880771344632473,
      "rmse": 0.043452009556098174,
      "mape": 0.04205599787623633
    }
  ],
  "mean": {
    "mae": 0.036616140012320976,
    "mse": 0.0017753683775413402,
    "rmse": 0.042112034504078716,
    "mape": 0.04069295957148025
  },
  "std": {
    "mae": 0.001348452935045656,
    "mse": 0.00011638466240760043,
    "rmse": 0.0013946065640974294,
    "mape": 0.0016718983275901289
  }
}