{
  "domain": "li_ion",
  "task": "soh_traj",
  "model": "severson",
  "splits": [
    {
      "mae": 0.03748337696484627,
      "mse": 0.001917557043040671,
      "rmse": 0.04378991942263277,
      "mape": 0.041684640986350024
    },
    {
      "mae": 0.03127362325153803,
      "mse": 0.0013951377927178986,
      "rmse": 0.037351543377990404,
      "mape": 0.03479093882885978
    },
    {
      "mae": 0.034587966594716704,
      "mse": 0.0016709658448027746,
      "rmse": 0.04087744909852833,
      "mape": 0.03919612545934085
    }
  ],
  "mean": {
    "mae": 0.034448322270367,
    "mse": 0.0016612202268537813,
    "rmse": 0.040672970633050504,
    "mape": 0.03855723509151688
  },
  "std": {
    "mae": 0.002537043646711489,
    "mse": 0.00021338806758088683,
    "rmse": 0.002632429816119106,
    "mape": 0.0028503705063985503
  }
}