{
  "domain": "li_ion",
  "task": "soh_traj",
  "model": "severson",
  "splits": [
    {
      "mae": 0.09071764987547697,
      "mse": 0.018170469038591743,
      "rmse": 0.13479788217398575,
      "mape": 0.760632420873199
    },
    {
      "mae": 0.08677258689471315,
      "mse": 0.016639658976997578,
      "rmse": 0.12899480213170444,
      "mape": 0.7855213040837591
    },
    {
      "mae": 0.09209312011025488,
      "mse": 0.016915908703102566,
      "rmse": 0.1300611729268292,
      "mape": 0.7286987493127902
    }
  ],
  "mean": {
    "mae": 0.08986111896014833,
    "mse": 0.017242012239563963,
    "rmse": 0.13128461907750646,
    "mape": 0.7582841580899161
  },
  "std": {
    "mae": 0.002254957846037035,
    "mse": 0.0006661343700980827,
    "rmse": 0.0025221088870210928,
    "mape": 0.023257062529469092
  }
}