{
  "domain": "li_ion",
  "task": "soh_traj",
  "model": "severson",
  "splits": [
    {
      "mae": 0.0789716410450308,
      "mse": 0.012775016067489299,
      "rmse": 0.11302661663293871,
      "mape": 0.7386545076413128
    },
    {
      "mae": 0.07612123306261112,
      "mse": 0.012182809490528093,
      "rmse": 0.11037576496010387,
      "mape": 0.7376675094958388
    },
    {
      "mae": 0.08200873335230181,
      "mse": 0.014538156658158167,
      "rmse": 0.12057427859273373,
      "mape": 0.668728539637126
    }
  ],
  "mean": {
    "mae": 0.07903386915331458,
    "mse": 0.013165327405391855,
    "rmse": 0.1146588867285921,
    "mape": 0.7150168522580925
  },
  "std": {
    "mae": 0.002403964665349365,
    "mse": 0.001000390682146135,
    "rmse": 0.004320543895360669,
    "mape": 0.03273325989781689
  }
}