{
  "domain": "calb",
  "task": "soh_traj",
  "model": "severson",
  "splits": [
    {
      "mae": 0.008226438582800425,
      "mse": 0.000296161183925739,
      "rmse": 0.017209334209252226,
      "mape": 0.4154766983523353
    },
    {
      "mae": 0.001963544855606596,
      "mse": 8.148795234698346e-06,
      "rmse": 0.002854609471486134,
      "mape": 0.09917136808559428
    },
    {
      "mae": 0.0002772991928984135,
      "mse": 7.689894328173143e-08,
      "rmse": 0.00027730658715892674,
      "mape": 0.014005715727573762
    }
  ],
  "mean": {
    "mae": 0.0034890942104351453,
    "mse": 0.00010146229270123968,
    "rmse": 0.006780416755965763,
    "mape": 0.17621792738850114
  },
  "std": {
    "mae": 0.0034198128492200935,
    "mse": 0.00013771233922073918,
    "rmse": 0.007449042979917515,
    "mape": 0.17271723847131407
  }
}