{
  "domain": "calb",
  "task": "soh_traj",
  "model": "severson",
  "splits": [
    {
      "mae": 0.0082264409084783,
      "mse": 0.00029616137376263084,
      "rmse": 0.017209339724772444,
      "mape": 0.4154768158108144
    },
    {
      "mae": 0.0019635449417557188,
      "mse": 8.148796041575499e-06,
      "rmse": 0.0028546096128149465,
      "mape": 0.09917137243659027
    },
    {
      "mae": 0.0002772991928984135,
      "mse": 7.689894328173143e-08,
      "rmse": 0.00027730658715892674,
      "mape": 0.014005715727573762
    }
  ],
  "mean": {
    "mae": 0.0034890950143774773,
    "mse": 0.0001014623562491627,
    "rmse": 0.006780418641582106,
    "mape": 0.17621796799165948
  },
  "std": {
    "mae": 0.0034198139103027493,
    "mse": 0.0001377124285028375,
    "rmse": 0.007449045529062672,
    "mape": 0.17271729206129818
  }
}