{
  "domain": "calb",
  "task": "soh_traj",
  "model": "severson",
  "splits": [
    {
      "mae": 0.023187234101562725,
      "mse": 0.0006640407422916584,
      "rmse": 0.02576898799510098,
      "mape": 0.025157162134693736
    },
    {
      "mae": 0.03283762165320045,
      "mse": 0.001336226508570609,
      "rmse": 0.036554432133061636,
      "mape": 0.035210770279847266
    },
    {
      "mae": 0.02613587438537747,
      "mse": 0.0008170829697150031,
      "rmse": 0.02858466319051185,
      "mape": 0.028342015807406074
    }
  ],
  "mean": {
    "mae": 0.027386910046713547,
    "mse": 0.0009391167401924236,
    "rmse": 0.030302694439558155,
    "mape": 0.029569982740649023
  },
  "std": {
    "mae": 0.00403784700417207,
    "mse": 0.00028766601809471904,
    "rmse": 0.004567652558502538,
    "mape": 0.0041952104655927115
  }
}