{
  "domain": "calb",
  "task": "soh_traj",
  "model": "severson",
  "splits": [
    {
      "mae": 0.027701052942982522,
      "mse": 0.002805130281101929,
      "rmse": 0.05296348063620752,
      "mape": 0.030105415407711732
    },
    {
      "mae": 0.04171040269104974,
      "mse": 0.0019855617328117573,
      "rmse": 0.044559642422395594,
      "mape": 0.044509548138887196
    },
    {
      "mae": 0.06236356427190563,
      "mse": 0.02433880347652201,
      "rmse": 0.1560089852429084,
      "mape": 0.06850844697834059
    }
  ],
  "mean": {
    "mae": 0.043925006635312625,
    "mse": 0.00970983183014523,
    "rmse": 0.0845107027671705,
    "mape": 0.04770780350831317
  },
  "std": {
    "mae": 0.014237293185606814,
    "mse": 0.010349654800175974,
    "rmse": 0.050673197530293985,
    "mape": 0.01584024066546393
  }
}