{
  "domain": "li_ion",
  "task": "rul",
  "model": "severson",
  "splits": [
    {
      "mae": 393.3925422374622,
      "mse": 381507.7656807342,
      "rmse": 617.6631490389678,
      "mape": 2.458839888587891,
      "acc15": 0.16447368421052633
    },
    {
      "mae": 387.3272812617135,
      "mse": 345151.7778342671,
      "rmse": 587.4961938891751,
      "mape": 1.9548335823945355,
      "acc15": 0.14473684210526316
    },
    {
      "mae": 405.01082050343865,
      "mse": 387023.03914174443,
      "rmse": 622.1117577588004,
      "mape": 1.463362196015977,
      "acc15": 0.13815789473684212
    }
  ],
  "mean": {
    "mae": 395.24354800087144,
    "mse": 371227.5275522486,
    "rmse": 609.0903668956478,
    "mape": 1.9590118889994679,
    "acc15": 0.14912280701754388
  },
  "std": {
    "mae": 7.3369638034879765,
    "mse": 18575.308034297188,
    "rmse": 15.377012296729356,
    "mape": 0.40641280556156945,
    "acc15": 0.011182060336826284
  }
}