{
  "domain": "li_ion",
  "task": "rul",
  "model": "severson",
  "splits": [
    {
      "mae": 443.33350356276844,
      "mse": 452312.78292034246,
      "rmse": 672.5420305975995,
      "mape": 0.9600926885051315,
      "acc15": 0.1741304347826087
    },
    {
      "mae": 445.01587783409525,
      "mse": 535232.6915701178,
      "rmse": 731.5959893070203,
      "mape": 0.9365695101276804,
      "acc15": 0.1826086956521739
    },
    {
      "mae": 440.3498087100837,
      "mse": 432348.68902161357,
      "rmse": 657.5322722282258,
      "mape": 1.0483266558279405,
      "acc15": 0.1486231884057971
    }
  ],
  "mean": {
    "mae": 442.8997300356491,
    "mse": 473298.0545040246,
    "rmse": 687.2234307109485,
    "mape": 0.9816629514869174,
    "acc15": 0.16845410628019322
  },
  "std": {
    "mae": 1.9294506769433228,
    "mse": 44546.34824300664,
    "rmse": 31.96890342033556,
    "mape": 0.048106632166433794,
    "acc15": 0.014443434601896303
  }
}