{
  "domain": "li_ion",
  "task": "rul",
  "model": "severson",
  "splits": [
    {
      "mae": 452.54530472660093,
      "mse": 521358.7602961038,
      "rmse": 722.0517712021096,
      "mape": 2.1508042578301834,
      "acc15": 0.13157894736842105
    },
    {
      "mae": 445.4663802493434,
      "mse": 482052.4847942871,
      "rmse": 694.2999962511069,
      "mape": 1.8572615459705073,
      "acc15": 0.125
    },
    {
      "mae": 459.27120374829343,
      "mse": 459238.3986042429,
      "rmse": 677.6713057258976,
      "mape": 1.4477426643403801,
      "acc15": 0.125
    }
  ],
  "mean": {
    "mae": 452.4276295747459,
    "mse": 487549.8812315446,
    "rmse": 698.0076910597048,
    "mape": 1.8186028227136901,
    "acc15": 0.12719298245614033
  },
  "std": {
    "mae": 5.636409823064909,
    "mse": 25656.719196254522,
    "rmse": 18.306950948871673,
    "mape": 0.28832247423442464,
    "acc15": 0.0031013455315199415
  }
}