{
  "domain": "calb",
  "task": "rul",
  "model": "batterymformer",
  "splits": [
    {
      "mae": 0.201385498046875,
      "mse": 0.20244275256991387,
      "rmse": 0.4499363872481463,
      "mape": 0.002918630406476449,
      "acc15": 1.0
    },
    {
      "mae": 1.3684738159179688,
      "mse": 1.87272212280659,
      "rmse": 1.3684743778407362,
      "mape": 0.019832953853883607,
      "acc15": 1.0
    },
    {
      "mae": 1.8423324584960938,
      "mse": 3.3944215555558914,
      "rmse": 1.8423956023492596,
      "mape": 0.026700470412986864,
      "acc15": 1.0
    }
  ],
  "mean": {
    "mae": 1.1373972574869793,
    "mse": 1.823195476977465,
    "rmse": 1.2202687891460473,
    "mape": 0.016484018224448973,
    "acc15": 1.0
  },
  "std": {
    "mae": 0.6895525184949611,
    "mse": 1.30359038458233,
    "rmse": 0.5780480596053449,
    "mape": 0.009993514760796537,
    "acc15": 0.0
  }
}