{
  "domain": "calb",
  "task": "rul",
  "model": "batterymformer",
  "splits": [
    {
      "mae": 120.1684173275726,
      "mse": 21645.015783179602,
      "rmse": 147.12245166248286,
      "mape": 0.09985447801044758,
      "acc15": 0.7070707070707071
    },
    {
      "mae": 261.3626977243731,
      "mse": 96008.10282696191,
      "rmse": 309.851743301473,
      "mape": 0.2989087955993867,
      "acc15": 0.39919354838709675
    },
    {
      "mae": 258.08107034702493,
      "mse": 106820.57960119173,
      "rmse": 326.83417752920474,
      "mape": 0.19243652341811202,
      "acc15": 0.4
    }
  ],
  "mean": {
    "mae": 213.20406179965687,
    "mse": 74824.56607044442,
    "rmse": 261.26945749772017,
    "mape": 0.19706659900931545,
    "acc15": 0.5020880851526012
  },
  "std": {
    "mae": 65.79977520890169,
    "mse": 37861.81753046298,
    "rmse": 81.0113365479881,
    "mape": 0.0813295089443135,
    "acc15": 0.1449449758985959
  }
}