{
  "domain": "calb",
  "task": "rul",
  "model": "batterymformer",
  "splits": [
    {
      "mae": 0.0024139404296875,
      "mse": 7.574586197733879e-06,
      "rmse": 0.0027521966132044197,
      "mape": 3.498464390851449e-05,
      "acc15": 1.0
    },
    {
      "mae": 0.39940032958984373,
      "mse": 0.15952062412397935,
      "rmse": 0.39940033065081376,
      "mape": 0.005788410573765851,
      "acc15": 1.0
    },
    {
      "mae": 0.6809432983398438,
      "mse": 0.4636837758473121,
      "rmse": 0.6809432985552557,
      "mape": 0.009868743454200635,
      "acc15": 1.0
    }
  ],
  "mean": {
    "mae": 0.360919189453125,
    "mse": 0.20773732485249638,
    "rmse": 0.361031941939758,
    "mape": 0.005230712890625,
    "acc15": 1.0
  },
  "std": {
    "mae": 0.2783416617470437,
    "mse": 0.19234091708186948,
    "rmse": 0.2781964445346195,
    "mape": 0.0040339371267687505,
    "acc15": 0.0
  }
}