{
  "domain": "calb",
  "task": "soh_traj",
  "model": "itransformer",
  "splits": [
    {
      "mae": 0.0051369610051347,
      "mse": 7.430529401086767e-05,
      "rmse": 0.008620051856622886,
      "mape": 0.0053493419751822245
    },
    {
      "mae": 0.0064457392912036365,
      "mse": 9.670028258263026e-05,
      "rmse": 0.009833630183336684,
      "mape": 0.006654619568494001
    },
    {
      "mae": 0.005362950360809582,
      "mse": 7.13572095517766e-05,
      "rmse": 0.008447319666721308,
      "mape": 0.005611747363449658
    }
  ],
  "mean": {
    "mae": 0.005648550219049306,
    "mse": 8.078759538175817e-05,
    "rmse": 0.008967000568893626,
    "mape": 0.00587190296904196
  },
  "std": {
    "mae": 0.0005711979282124536,
    "mse": 1.1316153968526066e-05,
    "rmse": 0.0006168437234985541,
    "mape": 0.0005637364060393647
  }
}