{
  "domain": "calb",
  "task": "soh_traj",
  "model": "itransformer",
  "splits": [
    {
      "mae": 0.0054027195030063495,
      "mse": 5.721910455721167e-05,
      "rmse": 0.007564331071364584,
      "mape": 0.005705940672129388
    },
    {
      "mae": 0.005335984500844085,
      "mse": 8.313314451510742e-05,
      "rmse": 0.009117737905594097,
      "mape": 0.005553769741953293
    },
    {
      "mae": 0.004962460328345619,
      "mse": 7.200652155704728e-05,
      "rmse": 0.008485665651971404,
      "mape": 0.005141150783572873
    }
  ],
  "mean": {
    "mae": 0.0052337214440653515,
    "mse": 7.078625687645546e-05,
    "rmse": 0.008389244876310029,
    "mape": 0.005466953732551852
  },
  "std": {
    "mae": 0.00019373579054051047,
    "mse": 1.0614491702475418e-05,
    "rmse": 0.0006378301355074068,
    "mape": 0.00023860660674034662
  }
}