{
  "domain": "calb",
  "task": "soh_traj",
  "model": "itransformer",
  "splits": [
    {
      "mae": 0.08027522732513119,
      "mse": 0.007810748093907729,
      "rmse": 0.08837843681525336,
      "mape": 0.08027522732513119
    },
    {
      "mae": 0.02351778998519435,
      "mse": 0.0008259490522162723,
      "rmse": 0.028739329362674284,
      "mape": 0.023518366479508487
    },
    {
      "mae": 0.0330385841504492,
      "mse": 0.002165128196563576,
      "rmse": 0.04653093805806601,
      "mape": 0.03304362987098062
    }
  ],
  "mean": {
    "mae": 0.04561053382025825,
    "mse": 0.0036006084475625256,
    "rmse": 0.05454956807866455,
    "mape": 0.04561240789187343
  },
  "std": {
    "mae": 0.02481789827556412,
    "mse": 0.0030268032725918916,
    "rmse": 0.024999061382253284,
    "mape": 0.024816875293050135
  }
}