{
  "domain": "calb",
  "task": "soh_traj",
  "model": "itransformer",
  "splits": [
    {
      "mae": 0.011194031286721277,
      "mse": 0.00020391412538209503,
      "rmse": 0.014279850327720351,
      "mape": 0.011194031286721277
    },
    {
      "mae": 0.010597146400297531,
      "mse": 0.00017349441473505243,
      "rmse": 0.013171727856855091,
      "mape": 0.010597945639252537
    },
    {
      "mae": 0.009066918522420555,
      "mse": 0.00012958338917743383,
      "rmse": 0.011383469997212355,
      "mape": 0.009067335177868946
    }
  ],
  "mean": {
    "mae": 0.010286032069813121,
    "mse": 0.00016899730976486043,
    "rmse": 0.012945016060595933,
    "mape": 0.010286437367947586
  },
  "std": {
    "mae": 0.0008958222565469622,
    "mse": 3.0511555745503233e-05,
    "rmse": 0.0011932598022952904,
    "mape": 0.0008957258275352119
  }
}