{
  "domain": "calb",
  "task": "soh_point",
  "model": "lstm",
  "splits": [
    {
      "mae": 0.00034117698669433594,
      "mse": 1.1642015920187987e-07,
      "rmse": 0.0003412039847391584,
      "mape": 0.00034117698669433594
    },
    {
      "mae": 0.0018019556999206543,
      "mse": 3.2493870854466424e-06,
      "rmse": 0.0018026056378050753,
      "mape": 0.0018019556999206543
    },
    {
      "mae": 0.0016164422035217286,
      "mse": 2.613969244436021e-06,
      "rmse": 0.0016167774257565637,
      "mape": 0.0016164422035217286
    }
  ],
  "mean": {
    "mae": 0.001253191630045573,
    "mse": 1.9932588296948475e-06,
    "rmse": 0.0012535290161002658,
    "mape": 0.001253191630045573
  },
  "std": {
    "mae": 0.0006493236720372214,
    "mse": 1.3522404876012273e-06,
    "rmse": 0.0006495566453278322,
    "mape": 0.0006493236720372214
  }
}