{
  "domain": "calb",
  "task": "soh_point",
  "model": "lstm",
  "splits": [
    {
      "mae": 0.002965707971592142,
      "mse": 4.2101615278755444e-05,
      "rmse": 0.006488575751176482,
      "mape": 0.0029661913200864282
    },
    {
      "mae": 0.0013094603413283223,
      "mse": 7.4436623800647335e-06,
      "rmse": 0.0027283076036372315,
      "mape": 0.0013099653941213104
    },
    {
      "mae": 0.00316203013815061,
      "mse": 0.0002730013556925764,
      "rmse": 0.01652275266693103,
      "mape": 0.0031627935534708903
    }
  ],
  "mean": {
    "mae": 0.0024790661503570244,
    "mse": 0.00010751554445046552,
    "rmse": 0.008579878673914914,
    "mape": 0.0024796500892262097
  },
  "std": {
    "mae": 0.0008309107090639831,
    "mse": 0.00011786845412471941,
    "rmse": 0.00582247596743564,
    "mape": 0.0008309772656396485
  }
}