{
  "domain": "calb",
  "task": "soh_point",
  "model": "lstm",
  "splits": [
    {
      "mae": 0.0015521639525288282,
      "mse": 1.100829769484622e-05,
      "rmse": 0.003317875479104998,
      "mape": 0.0015525797308793428
    },
    {
      "mae": 0.0019165034736356428,
      "mse": 1.630113992161723e-05,
      "rmse": 0.0040374670180222194,
      "mape": 0.0019168709826272079
    },
    {
      "mae": 0.0016017576660772768,
      "mse": 1.8448358030058665e-05,
      "rmse": 0.00429515518113824,
      "mape": 0.0016031279358525465
    }
  ],
  "mean": {
    "mae": 0.0016901416974139157,
    "mse": 1.5252598548840704e-05,
    "rmse": 0.0038834992260884855,
    "mape": 0.0016908595497863658
  },
  "std": {
    "mae": 0.00016133737819978928,
    "mse": 3.1265746652120155e-06,
    "rmse": 0.0004135605273848539,
    "mape": 0.00016114104812778386
  }
}