{
  "domain": "calb",
  "task": "soh_point",
  "model": "lstm",
  "splits": [
    {
      "mae": 0.03758759498596191,
      "mse": 0.003190166624875701,
      "rmse": 0.05648156004286444,
      "mape": 0.03758759498596191
    },
    {
      "mae": 0.005234646797180176,
      "mse": 3.320204124008796e-05,
      "rmse": 0.005762121244827114,
      "mape": 0.005234646797180176
    },
    {
      "mae": 0.004177057743072509,
      "mse": 1.795716819898985e-05,
      "rmse": 0.004237589904531803,
      "mape": 0.004177057743072509
    }
  ],
  "mean": {
    "mae": 0.015666433175404868,
    "mse": 0.001080441944771593,
    "rmse": 0.02216042373074112,
    "mape": 0.015666433175404868
  },
  "std": {
    "mae": 0.015506614180091251,
    "mse": 0.0014918136100998667,
    "rmse": 0.024276687682746153,
    "mape": 0.015506614180091251
  }
}