{
  "domain": "li_ion",
  "task": "soh_point",
  "model": "mlp",
  "splits": [
    {
      "mae": 0.0388719012078486,
      "mse": 0.0019449255539096004,
      "rmse": 0.044101310115569135,
      "mape": 0.041316400103658744
    },
    {
      "mae": 0.03640000130000867,
      "mse": 0.0023851970913023194,
      "rmse": 0.04883847961702247,
      "mape": 0.03983701293462521
    },
    {
      "mae": 0.03379774799472407,
      "mse": 0.0015424994431458721,
      "rmse": 0.03927466668408367,
      "mape": 0.03606341348826155
    }
  ],
  "mean": {
    "mae": 0.03635655016752711,
    "mse": 0.001957540696119264,
    "rmse": 0.04407148547222509,
    "mape": 0.0390722755088485
  },
  "std": {
    "mae": 0.0020717422150211234,
    "mse": 0.000344145500151539,
    "rmse": 0.003904467235195673,
    "mape": 0.0022116486449664952
  }
}