{
  "domain": "li_ion",
  "task": "soh_point",
  "model": "mlp",
  "splits": [
    {
      "mae": 0.02587811700306866,
      "mse": 0.0010101720418425695,
      "rmse": 0.03178320376932712,
      "mape": 0.02707868547878327
    },
    {
      "mae": 0.028956020233842736,
      "mse": 0.001162113684433042,
      "rmse": 0.03408978856539069,
      "mape": 0.03015885823708085
    },
    {
      "mae": 0.02595340144605398,
      "mse": 0.0010066570876312835,
      "rmse": 0.03172785980225082,
      "mape": 0.027464722047279712
    }
  ],
  "mean": {
    "mae": 0.026929179560988458,
    "mse": 0.0010596476046356316,
    "rmse": 0.03253361737898954,
    "mape": 0.028234088587714607
  },
  "std": {
    "mae": 0.0014335222987897534,
    "mse": 7.246866843707377e-05,
    "rmse": 0.0011006111362062442,
    "mape": 0.0013701118471120537
  }
}