{
  "domain": "li_ion",
  "task": "soh_point",
  "model": "mlp",
  "splits": [
    {
      "mae": 0.026671273812003758,
      "mse": 0.0011705793092718782,
      "rmse": 0.03421372983572352,
      "mape": 0.028631128779811707
    },
    {
      "mae": 0.026192336021990018,
      "mse": 0.0010226111275245533,
      "rmse": 0.031978291504152524,
      "mape": 0.027434552941887153
    },
    {
      "mae": 0.028265452406544617,
      "mse": 0.0013796434507823542,
      "rmse": 0.0371435519408464,
      "mape": 0.03055008260052788
    }
  ],
  "mean": {
    "mae": 0.02704302074684613,
    "mse": 0.0011909446291929286,
    "rmse": 0.03444519109357415,
    "mape": 0.028871921440742247
  },
  "std": {
    "mae": 0.0008862278577020353,
    "mse": 0.00014646747000461856,
    "rmse": 0.0021150507606411545,
    "mape": 0.0012832555195377133
  }
}