{
  "domain": "li_ion",
  "task": "soh_point",
  "model": "mlp",
  "splits": [
    {
      "mae": 0.030421104478208644,
      "mse": 0.0013498391054124845,
      "rmse": 0.036740156578497114,
      "mape": 0.03194074783776586
    },
    {
      "mae": 0.0386247948596352,
      "mse": 0.002039921042318479,
      "rmse": 0.04516548507786094,
      "mape": 0.04041885420047539
    },
    {
      "mae": 0.019222471274827655,
      "mse": 0.0006835637074938424,
      "rmse": 0.026145051300271765,
      "mape": 0.02045959432229333
    }
  ],
  "mean": {
    "mae": 0.029422790204223833,
    "mse": 0.0013577746184082688,
    "rmse": 0.03601689765220994,
    "mape": 0.030939732120178195
  },
  "std": {
    "mae": 0.0079523587135988,
    "mse": 0.0005537589934306727,
    "rmse": 0.007781882928861299,
    "mape": 0.008179019422536552
  }
}