{
  "domain": "na_ion",
  "task": "rul",
  "model": "batlinet",
  "splits": [
    {
      "mae": 46.2698504002889,
      "mse": 3042.509664703235,
      "rmse": 55.15894908990956,
      "mape": 0.24491196860786327,
      "acc15": 0.29
    },
    {
      "mae": 41.2241123565038,
      "mse": 3687.208941410988,
      "rmse": 60.72239242166754,
      "mape": 0.2732567414499197,
      "acc15": 0.275
    },
    {
      "mae": 114.22768171946208,
      "mse": 15113.879349926052,
      "rmse": 122.93851857707597,
      "mape": 0.5513899537488746,
      "acc15": 0.0
    }
  ],
  "mean": {
    "mae": 67.2405481587516,
    "mse": 7281.199318680091,
    "rmse": 79.60662002955102,
    "mape": 0.3565195546022191,
    "acc15": 0.18833333333333332
  },
  "std": {
    "mae": 33.288715888827944,
    "mse": 5544.791348238831,
    "rmse": 30.724344844939775,
    "mape": 0.13827921242797014,
    "acc15": 0.13331249837214146
  }
}