{
  "domain": "na_ion",
  "task": "rul",
  "model": "batlinet",
  "splits": [
    {
      "mae": 57.816074718128554,
      "mse": 4990.905842385223,
      "rmse": 70.64634344667262,
      "mape": 0.8030599803216841,
      "acc15": 0.09090909090909091
    },
    {
      "mae": 92.53791635686702,
      "mse": 10485.16138121423,
      "rmse": 102.39707701499213,
      "mape": 0.7503349648578148,
      "acc15": 0.0
    },
    {
      "mae": 70.14486408233643,
      "mse": 7732.080518444668,
      "rmse": 87.93224959276698,
      "mape": 1.0854152466801168,
      "acc15": 0.0
    }
  ],
  "mean": {
    "mae": 73.49961838577734,
    "mse": 7736.049247348041,
    "rmse": 86.99189001814392,
    "mape": 0.8796033972865386,
    "acc15": 0.030303030303030304
  },
  "std": {
    "mae": 14.372249975183646,
    "mse": 2243.022186633492,
    "rmse": 12.979226418365412,
    "mape": 0.14711417295651702,
    "acc15": 0.04285495643554834
  }
}