{
  "domain": "na_ion",
  "task": "rul",
  "model": "batlinet",
  "splits": [
    {
      "mae": 49.08541488647461,
      "mse": 3030.9597933406462,
      "rmse": 55.05415327966316,
      "mape": 1.1497622704584278,
      "acc15": 0.0
    },
    {
      "mae": 106.35755803368308,
      "mse": 13233.808502611493,
      "rmse": 115.0382914625017,
      "mape": 0.9448811831096804,
      "acc15": 0.0
    },
    {
      "mae": 57.83021441372958,
      "mse": 4593.9284425107935,
      "rmse": 67.77852493607982,
      "mape": 2.6474212339348515,
      "acc15": 0.0
    }
  ],
  "mean": {
    "mae": 71.09106244462909,
    "mse": 6952.898912820977,
    "rmse": 79.29032322608157,
    "mape": 1.5806882291676532,
    "acc15": 0.0
  },
  "std": {
    "mae": 25.191429270587815,
    "mse": 4486.87617434922,
    "rmse": 25.805882188456344,
    "mape": 0.7589174494339697,
    "acc15": 0.0
  }
}