{
  "domain": "na_ion",
  "task": "rul",
  "model": "batlinet",
  "splits": [
    {
      "mae": 24.83826680501302,
      "mse": 838.1283766652085,
      "rmse": 28.950446916502145,
      "mape": 0.1563639961809474,
      "acc15": 0.46166666666666667
    },
    {
      "mae": 16.066557324727377,
      "mse": 406.4199985162692,
      "rmse": 20.15986107383355,
      "mape": 0.11659321434828632,
      "acc15": 0.7183333333333334
    },
    {
      "mae": 58.9594375483195,
      "mse": 4585.344614737058,
      "rmse": 67.71517270698686,
      "mape": 0.27724512005847185,
      "acc15": 0.17
    }
  ],
  "mean": {
    "mae": 33.28808722601997,
    "mse": 1943.2976633061783,
    "rmse": 38.94182689910752,
    "mape": 0.1834007768625685,
    "acc15": 0.45
  },
  "std": {
    "mae": 18.502241167478505,
    "mse": 1876.5042145995658,
    "rmse": 20.65990757641778,
    "mape": 0.06831544156483778,
    "acc15": 0.2240081017053393
  }
}