{
  "domain": "calb",
  "task": "soh_point",
  "model": "bilstm",
  "splits": [
    {
      "mae": 0.0013210171400898634,
      "mse": 1.0316027980937321e-05,
      "rmse": 0.003211857403580881,
      "mape": 0.0013213224586963864
    },
    {
      "mae": 0.0007312160826498462,
      "mse": 8.08385779004611e-07,
      "rmse": 0.0008991027633171923,
      "mape": 0.0007315808574300889
    },
    {
      "mae": 0.0026315769763908003,
      "mse": 1.5636555872269107e-05,
      "rmse": 0.0039543085201169,
      "mape": 0.0026354140155261476
    }
  ],
  "mean": {
    "mae": 0.0015612700663768366,
    "mse": 8.920323210737013e-06,
    "rmse": 0.0026884228956716577,
    "mape": 0.0015627724438842076
  },
  "std": {
    "mae": 0.0007942014786593596,
    "mse": 6.133495519569344e-06,
    "rmse": 0.00130104017799814,
    "mape": 0.0007957674471757447
  }
}