{
  "domain": "calb",
  "task": "soh_point",
  "model": "bilstm",
  "splits": [
    {
      "mae": 0.0029654502868652344,
      "mse": 8.793933204742643e-06,
      "rmse": 0.0029654566604053823,
      "mape": 0.0029654502868652344
    },
    {
      "mae": 0.0010113120079040527,
      "mse": 1.3511427773948981e-06,
      "rmse": 0.0011623866729255365,
      "mape": 0.0010113120079040527
    },
    {
      "mae": 0.0049460411071777345,
      "mse": 2.4560288898101136e-05,
      "rmse": 0.004955833824706104,
      "mape": 0.0049460411071777345
    }
  ],
  "mean": {
    "mae": 0.002974267800649007,
    "mse": 1.156845496007956e-05,
    "rmse": 0.003027892386012341,
    "mape": 0.002974267800649007
  },
  "std": {
    "mae": 0.0016063585283864381,
    "mse": 9.676073382014756e-06,
    "rmse": 0.0015492974726656113,
    "mape": 0.0016063585283864381
  }
}