{
  "domain": "calb",
  "task": "soh_point",
  "model": "bilstm",
  "splits": [
    {
      "mae": 0.09181056022644044,
      "mse": 0.010821743906028303,
      "rmse": 0.10402761126752985,
      "mape": 0.09181056022644044
    },
    {
      "mae": 0.038361763954162596,
      "mse": 0.0015271134265219643,
      "rmse": 0.03907829866462925,
      "mape": 0.038361763954162596
    },
    {
      "mae": 0.021362102031707762,
      "mse": 0.0006831022383302354,
      "rmse": 0.0261362246380428,
      "mape": 0.021362102031707762
    }
  ],
  "mean": {
    "mae": 0.050511475404103605,
    "mse": 0.004343986523626834,
    "rmse": 0.056414044856733965,
    "mape": 0.050511475404103605
  },
  "std": {
    "mae": 0.030016194870340355,
    "mse": 0.004593407903390158,
    "rmse": 0.03407993642202465,
    "mape": 0.030016194870340355
  }
}