{
  "domain": "calb",
  "task": "soh_point",
  "model": "bilstm",
  "splits": [
    {
      "mae": 0.0022960713415434864,
      "mse": 3.485567555227615e-05,
      "rmse": 0.00590386954058744,
      "mape": 0.0022966970038487606
    },
    {
      "mae": 0.0017903945662758568,
      "mse": 1.6480660903173464e-05,
      "rmse": 0.004059638026126648,
      "mape": 0.0017916455599533484
    },
    {
      "mae": 0.0019861932956811153,
      "mse": 6.175788228847696e-06,
      "rmse": 0.002485113323139952,
      "mape": 0.0019893851388027893
    }
  ],
  "mean": {
    "mae": 0.002024219734500153,
    "mse": 1.9170708228099103e-05,
    "rmse": 0.004149540296618014,
    "mape": 0.0020259092342016327
  },
  "std": {
    "mae": 0.00020818542664046832,
    "mse": 1.1862019226053457e-05,
    "rmse": 0.0013971483653651081,
    "mape": 0.00020779757362031934
  }
}