{
  "domain": "li_ion",
  "task": "soh_point",
  "model": "micn",
  "splits": [
    {
      "mae": 0.013649115696333456,
      "mse": 0.00037854014719064673,
      "rmse": 0.019456108223142848,
      "mape": 0.014442326603103907
    },
    {
      "mae": 0.013172944209713867,
      "mse": 0.0003176971265830334,
      "rmse": 0.017824060328192153,
      "mape": 0.013898495157177814
    },
    {
      "mae": 0.014242271076941836,
      "mse": 0.0004767586632159375,
      "rmse": 0.021834803942695193,
      "mape": 0.015415726121249898
    }
  ],
  "mean": {
    "mae": 0.013688110327663053,
    "mse": 0.0003909986456632059,
    "rmse": 0.0197049908313434,
    "mape": 0.01458551596051054
  },
  "std": {
    "mae": 0.0004374207914569936,
    "mse": 6.553143646194164e-05,
    "rmse": 0.001646809642878771,
    "mape": 0.000627627725986602
  }
}