{
  "domain": "li_ion",
  "task": "soh_point",
  "model": "micn",
  "splits": [
    {
      "mae": 0.013295694425486136,
      "mse": 0.00037784327112052647,
      "rmse": 0.019438191045478653,
      "mape": 0.0141434236391794
    },
    {
      "mae": 0.01344503399686537,
      "mse": 0.0003475883559214627,
      "rmse": 0.01864372162207596,
      "mape": 0.014257485372757922
    },
    {
      "mae": 0.014730016131331956,
      "mse": 0.00044740005110292417,
      "rmse": 0.021151833279952927,
      "mape": 0.015856239020042504
    }
  ],
  "mean": {
    "mae": 0.013823581517894487,
    "mse": 0.0003909438927149711,
    "rmse": 0.01974458198250251,
    "mape": 0.014752382677326608
  },
  "std": {
    "mae": 0.0006438391922538231,
    "mse": 4.178766435500528e-05,
    "rmse": 0.001046601667879542,
    "mape": 0.0007819320681416075
  }
}