{
  "domain": "li_ion",
  "task": "soh_point",
  "model": "micn",
  "splits": [
    {
      "mae": 0.009668693338569841,
      "mse": 0.00018069859546436455,
      "rmse": 0.013442417768555051,
      "mape": 0.010423849939481662
    },
    {
      "mae": 0.012344399173008768,
      "mse": 0.0003362853735947989,
      "rmse": 0.01833808533066631,
      "mape": 0.013173972264261468
    },
    {
      "mae": 0.012430536119561447,
      "mse": 0.0002684558904246091,
      "rmse": 0.016384623597281968,
      "mape": 0.013131154491311029
    }
  ],
  "mean": {
    "mae": 0.011481209543713353,
    "mse": 0.00026181328649459086,
    "rmse": 0.016055042232167777,
    "mape": 0.012242992231684721
  },
  "std": {
    "mae": 0.001282124835009246,
    "mse": 6.369146736405942e-05,
    "rmse": 0.0020121892102632896,
    "mape": 0.0012864466175947491
  }
}