{
  "domain": "li_ion",
  "task": "soh_point",
  "model": "micn",
  "splits": [
    {
      "mae": 0.029027097711437626,
      "mse": 0.0016594704992196618,
      "rmse": 0.04073659901390471,
      "mape": 0.031750491315085005
    },
    {
      "mae": 0.026646794457184642,
      "mse": 0.001447319745613132,
      "rmse": 0.03804365578665032,
      "mape": 0.02894934782910279
    },
    {
      "mae": 0.030497422343806216,
      "mse": 0.0014003324514543518,
      "rmse": 0.037421016173459956,
      "mape": 0.03212973680159187
    }
  ],
  "mean": {
    "mae": 0.02872377150414283,
    "mse": 0.0015023742320957152,
    "rmse": 0.03873375699133833,
    "mape": 0.030943191981926552
  },
  "std": {
    "mae": 0.0015865767911514856,
    "mse": 0.0001127279300241655,
    "rmse": 0.001438854207925368,
    "mape": 0.0014183365054577359
  }
}