{
  "domain": "li_ion",
  "task": "soh_point",
  "model": "micn",
  "splits": [
    {
      "mae": 0.01204980228568512,
      "mse": 0.00031547707194584727,
      "rmse": 0.01776167424388386,
      "mape": 0.0127680734269168
    },
    {
      "mae": 0.011640712607579234,
      "mse": 0.00041057374530681183,
      "rmse": 0.020262619408823034,
      "mape": 0.012150803545003959
    },
    {
      "mae": 0.01194663956524961,
      "mse": 0.00025486115358131075,
      "rmse": 0.01596437138071245,
      "mape": 0.012555609846036122
    }
  ],
  "mean": {
    "mae": 0.011879051486171322,
    "mse": 0.0003269706569446566,
    "rmse": 0.017996221677806446,
    "mape": 0.012491495605985628
  },
  "std": {
    "mae": 0.0001737137540290807,
    "mse": 6.40868144397987e-05,
    "rmse": 0.0017625726276967776,
    "mape": 0.0002560449226367809
  }
}