{
  "domain": "na_ion",
  "task": "rul",
  "model": "dlinear",
  "splits": [
    {
      "mae": 61.900385249744765,
      "mse": 5670.181156411688,
      "rmse": 75.30060528582548,
      "mape": 0.7571346470399442,
      "acc15": 0.0
    },
    {
      "mae": 85.65477163141423,
      "mse": 9094.024425471693,
      "rmse": 95.36259447745584,
      "mape": 0.6835656588256497,
      "acc15": 0.09090909090909091
    },
    {
      "mae": 61.25063792142001,
      "mse": 5732.75624973377,
      "rmse": 75.71496714477112,
      "mape": 1.7731892710897919,
      "acc15": 0.09090909090909091
    }
  ],
  "mean": {
    "mae": 69.60193160085967,
    "mse": 6832.32061053905,
    "rmse": 82.12605563601748,
    "mape": 1.0712965256517952,
    "acc15": 0.06060606060606061
  },
  "std": {
    "mae": 11.354170971720704,
    "mse": 1599.470124851085,
    "rmse": 9.361174937410972,
    "mape": 0.49722105652689663,
    "acc15": 0.04285495643554834
  }
}