{
  "domain": "na_ion",
  "task": "rul",
  "model": "dlinear",
  "splits": [
    {
      "mae": 170.92562025705973,
      "mse": 47507.23124105288,
      "rmse": 217.96153615042468,
      "mape": 1.0148929180118664,
      "acc15": 0.11333333333333333
    },
    {
      "mae": 170.7551447168986,
      "mse": 48700.70040322909,
      "rmse": 220.68235181642663,
      "mape": 1.1286932246686743,
      "acc15": 0.105
    },
    {
      "mae": 111.5070263671875,
      "mse": 22086.534421268912,
      "rmse": 148.6153909299737,
      "mape": 0.5960692612321505,
      "acc15": 0.17666666666666667
    }
  ],
  "mean": {
    "mae": 151.06259711371527,
    "mse": 39431.48868851696,
    "rmse": 195.75309296560832,
    "mape": 0.9132184679708971,
    "acc15": 0.13166666666666668
  },
  "std": {
    "mae": 27.970098894952336,
    "mse": 12274.408907966776,
    "rmse": 33.34989179764852,
    "mape": 0.2290201475126268,
    "acc15": 0.03200115738647704
  }
}