{
  "domain": "na_ion",
  "task": "rul",
  "model": "dlinear",
  "splits": [
    {
      "mae": 115.17963201349431,
      "mse": 22896.843260747297,
      "rmse": 151.31702898466946,
      "mape": 5.176363484403814,
      "acc15": 0.09090909090909091
    },
    {
      "mae": 43.978851318359375,
      "mse": 4243.459516518368,
      "rmse": 65.14184151924451,
      "mape": 1.2433227853726334,
      "acc15": 0.36363636363636365
    },
    {
      "mae": 94.92303189364347,
      "mse": 10595.769210580429,
      "rmse": 102.93575282952192,
      "mape": 4.527871651026064,
      "acc15": 0.0
    }
  ],
  "mean": {
    "mae": 84.69383840849905,
    "mse": 12578.690662615365,
    "rmse": 106.46487444447864,
    "mape": 3.649185973600838,
    "acc15": 0.15151515151515152
  },
  "std": {
    "mae": 29.954021348466338,
    "mse": 7743.219157907185,
    "rmse": 35.26926667988387,
    "mape": 1.7216791561037328,
    "acc15": 0.154515742836145
  }
}