{
  "domain": "calb",
  "task": "rul",
  "model": "autoformer",
  "splits": [
    {
      "mae": 0.05936431884765625,
      "mse": 0.0035530479508452117,
      "rmse": 0.05960744878658381,
      "mape": 0.000860352447067482,
      "acc15": 1.0
    },
    {
      "mae": 1.0342605590820313,
      "mse": 1.0724632995086723,
      "rmse": 1.0355980395446258,
      "mape": 0.014989283464956977,
      "acc15": 1.0
    },
    {
      "mae": 0.06417236328125,
      "mse": 0.005685839732177555,
      "rmse": 0.0754045073730845,
      "mape": 0.0009300342504528986,
      "acc15": 1.0
    }
  ],
  "mean": {
    "mae": 0.38593241373697923,
    "mse": 0.360567395730565,
    "rmse": 0.39020333190143136,
    "mape": 0.005593223387492452,
    "acc15": 1.0
  },
  "std": {
    "mae": 0.45844143017964323,
    "mse": 0.5033871740931505,
    "rmse": 0.45640854012998755,
    "mape": 0.0066440786982557,
    "acc15": 0.0
  }
}