{
  "domain": "calb",
  "task": "rul",
  "model": "autoformer",
  "splits": [
    {
      "mae": 10.522557830810547,
      "mse": 110.72422330293048,
      "rmse": 10.52255783081901,
      "mape": 0.15250083812768908,
      "acc15": 0.0
    },
    {
      "mae": 9.876675415039063,
      "mse": 97.54871725405683,
      "rmse": 9.876675415040065,
      "mape": 0.14314022340636323,
      "acc15": 1.0
    },
    {
      "mae": 10.15994644165039,
      "mse": 103.2245116972219,
      "rmse": 10.15994644165125,
      "mape": 0.14724560060362885,
      "acc15": 1.0
    }
  ],
  "mean": {
    "mae": 10.186393229166667,
    "mse": 103.8324840847364,
    "rmse": 10.18639322917011,
    "mape": 0.14762888737922705,
    "acc15": 0.6666666666666666
  },
  "std": {
    "mae": 0.2643427045562258,
    "mse": 5.396030190733533,
    "rmse": 0.26434270455939385,
    "mape": 0.003831053689220665,
    "acc15": 0.4714045207910317
  }
}