{
  "domain": "calb",
  "task": "rul",
  "model": "autoformer",
  "splits": [
    {
      "mae": 233.67068043718433,
      "mse": 76618.17071570602,
      "rmse": 276.7998748477066,
      "mape": 0.18422597351044942,
      "acc15": 0.4888888888888889
    },
    {
      "mae": 290.5132330617597,
      "mse": 107213.85861343515,
      "rmse": 327.4352739297267,
      "mape": 0.31128720942826016,
      "acc15": 0.21370967741935484
    },
    {
      "mae": 286.3497954397491,
      "mse": 97432.14675047455,
      "rmse": 312.14122885398297,
      "mape": 0.2149156787864564,
      "acc15": 0.24848484848484848
    }
  ],
  "mean": {
    "mae": 270.1779029795644,
    "mse": 93754.72535987191,
    "rmse": 305.45879254380543,
    "mape": 0.2368096205750553,
    "acc15": 0.3170278049310307
  },
  "std": {
    "mae": 25.8704017044864,
    "mse": 12758.437745190662,
    "rmse": 21.204985676778083,
    "mape": 0.054133464286719536,
    "acc15": 0.12235059532626194
  }
}