{
  "domain": "calb",
  "task": "rul",
  "model": "autoformer",
  "splits": [
    {
      "mae": 133.25700289023044,
      "mse": 22590.81662887386,
      "rmse": 150.30241724228478,
      "mape": 0.10988074280429976,
      "acc15": 0.6
    },
    {
      "mae": 266.9183654785156,
      "mse": 100928.65661429625,
      "rmse": 317.6927078393463,
      "mape": 0.30656975750559523,
      "acc15": 0.39919354838709675
    },
    {
      "mae": 168.61084650213067,
      "mse": 31996.549127659986,
      "rmse": 178.87579245851012,
      "mape": 0.1260750639724153,
      "acc15": 0.8
    }
  ],
  "mean": {
    "mae": 189.5954049569589,
    "mse": 51838.67412361003,
    "rmse": 215.6236391800471,
    "mape": 0.1808418547607701,
    "acc15": 0.5997311827956989
  },
  "std": {
    "mae": 56.54852625487445,
    "mse": 34923.59982076676,
    "rmse": 73.11032998395581,
    "mape": 0.08914853955050965,
    "acc15": 0.16362865908442129
  }
}