{
  "domain": "na_ion",
  "task": "rul",
  "model": "autoformer",
  "splits": [
    {
      "mae": 32.017824478149414,
      "mse": 1349.0162623696747,
      "rmse": 36.728956728576904,
      "mape": 0.1904019558277859,
      "acc15": 0.37166666666666665
    },
    {
      "mae": 18.63970330556234,
      "mse": 546.2358352162156,
      "rmse": 23.371688754050606,
      "mape": 0.13074546740561716,
      "acc15": 0.6533333333333333
    },
    {
      "mae": 34.57563270568848,
      "mse": 1413.2060669727675,
      "rmse": 37.592633147636356,
      "mape": 0.17401875895072177,
      "acc15": 0.3466666666666667
    }
  ],
  "mean": {
    "mae": 28.411053496466746,
    "mse": 1102.8193881862192,
    "rmse": 32.56442621008796,
    "mape": 0.16505539406137495,
    "acc15": 0.4572222222222222
  },
  "std": {
    "mae": 6.987849413908034,
    "mse": 394.43547958340025,
    "rmse": 6.509802899777835,
    "mape": 0.02516585762921357,
    "acc15": 0.13904657715055035
  }
}