{
  "domain": "na_ion",
  "task": "rul",
  "model": "autoformer",
  "splits": [
    {
      "mae": 18.142145330255683,
      "mse": 754.3112395472655,
      "rmse": 27.46472718865537,
      "mape": 0.591264503861642,
      "acc15": 0.5454545454545454
    },
    {
      "mae": 32.74168395996094,
      "mse": 1214.6727324347646,
      "rmse": 34.852155348482604,
      "mape": 0.47988467234399734,
      "acc15": 0.09090909090909091
    },
    {
      "mae": 53.92164195667613,
      "mse": 4043.0948557529005,
      "rmse": 63.58533522560764,
      "mape": 7.0553916433540795,
      "acc15": 0.09090909090909091
    }
  ],
  "mean": {
    "mae": 34.935157082297586,
    "mse": 2004.0262759116438,
    "rmse": 41.967405920915205,
    "mape": 2.7088469398532395,
    "acc15": 0.24242424242424243
  },
  "std": {
    "mae": 14.689034185718679,
    "mse": 1454.0366068306262,
    "rmse": 15.580857363469276,
    "mape": 3.0738075749104863,
    "acc15": 0.21427478217774165
  }
}