{
  "domain": "na_ion",
  "task": "rul",
  "model": "autoformer",
  "splits": [
    {
      "mae": 39.82386767069499,
      "mse": 1863.7791745097784,
      "rmse": 43.17150882827445,
      "mape": 0.22434903286775335,
      "acc15": 0.16666666666666666
    },
    {
      "mae": 29.2021443939209,
      "mse": 1098.3692320945229,
      "rmse": 33.14165403377633,
      "mape": 0.18260143285362693,
      "acc15": 0.3416666666666667
    },
    {
      "mae": 52.291990178426104,
      "mse": 3400.116529533678,
      "rmse": 58.310518172399036,
      "mape": 0.24648321467803722,
      "acc15": 0.16666666666666666
    }
  ],
  "mean": {
    "mae": 40.439334081013996,
    "mse": 2120.7549787126595,
    "rmse": 44.87456034481661,
    "mape": 0.21781122679980583,
    "acc15": 0.22499999999999998
  },
  "std": {
    "mae": 9.436430955424175,
    "mse": 957.0919768675673,
    "rmse": 10.345473047283676,
    "mape": 0.02648619380484806,
    "acc15": 0.08249579113843056
  }
}