{
  "domain": "na_ion",
  "task": "rul",
  "model": "autoformer",
  "splits": [
    {
      "mae": 42.8685434514826,
      "mse": 2383.3189116761946,
      "rmse": 48.819247348522225,
      "mape": 1.608148237084221,
      "acc15": 0.2727272727272727
    },
    {
      "mae": 60.22153750332919,
      "mse": 4003.096599994201,
      "rmse": 63.270029239713494,
      "mape": 0.7058079519932239,
      "acc15": 0.0
    },
    {
      "mae": 52.547087929465555,
      "mse": 3222.572294983584,
      "rmse": 56.76770468306415,
      "mape": 5.752106195081432,
      "acc15": 0.09090909090909091
    }
  ],
  "mean": {
    "mae": 51.87905629475912,
    "mse": 3202.995935551326,
    "rmse": 56.28566042376662,
    "mape": 2.6886874613862926,
    "acc15": 0.12121212121212122
  },
  "std": {
    "mae": 7.100061048544215,
    "mse": 661.4163415376994,
    "rmse": 5.909345666971748,
    "mape": 2.1972642461312772,
    "acc15": 0.11338355717496791
  }
}