{
  "domain": "li_ion",
  "task": "rul",
  "model": "bilstm",
  "splits": [
    {
      "mae": 129.4161276566355,
      "mse": 63512.127225030665,
      "rmse": 252.01612493058983,
      "mape": 0.4651983625934008,
      "acc15": 0.45394736842105265
    },
    {
      "mae": 155.74855121813323,
      "mse": 61379.012058281245,
      "rmse": 247.74788002782435,
      "mape": 0.5094637125054119,
      "acc15": 0.40131578947368424
    },
    {
      "mae": 148.1423184997157,
      "mse": 53227.90917709147,
      "rmse": 230.7117447749279,
      "mape": 0.4340539644479494,
      "acc15": 0.40131578947368424
    }
  ],
  "mean": {
    "mae": 144.4356657914948,
    "mse": 59373.01615346779,
    "rmse": 243.49191657778067,
    "mape": 0.469572013182254,
    "acc15": 0.4188596491228071
  },
  "std": {
    "mae": 11.065067807596158,
    "mse": 4431.651301865241,
    "rmse": 9.20340777901755,
    "mape": 0.03094084829829895,
    "acc15": 0.02481076425215956
  }
}