{
  "domain": "li_ion",
  "task": "rul",
  "model": "bilstm",
  "splits": [
    {
      "mae": 171.80912183457528,
      "mse": 140150.23718082227,
      "rmse": 374.36644772311297,
      "mape": 0.3334980404188763,
      "acc15": 0.49869565217391304
    },
    {
      "mae": 151.03850974041484,
      "mse": 93491.33085628456,
      "rmse": 305.7635211340368,
      "mape": 0.20973012857807288,
      "acc15": 0.5264492753623189
    },
    {
      "mae": 135.42924143252165,
      "mse": 49704.51694564917,
      "rmse": 222.94509850106408,
      "mape": 0.24427246627748533,
      "acc15": 0.5176811594202898
    }
  ],
  "mean": {
    "mae": 152.7589576691706,
    "mse": 94448.694994252,
    "rmse": 301.02502245273797,
    "mape": 0.2625002117581448,
    "acc15": 0.5142753623188406
  },
  "std": {
    "mae": 14.90176455599809,
    "mse": 36930.51571789288,
    "rmse": 61.90824542482702,
    "mape": 0.05214602592297263,
    "acc15": 0.011583479340370482
  }
}