{
  "domain": "li_ion",
  "task": "rul",
  "model": "bilstm",
  "splits": [
    {
      "mae": 183.84132560930755,
      "mse": 104959.70243630027,
      "rmse": 323.9748484625007,
      "mape": 0.8966407920256703,
      "acc15": 0.34210526315789475
    },
    {
      "mae": 214.67285346984863,
      "mse": 140488.09295791085,
      "rmse": 374.8174128264465,
      "mape": 0.8659537317008026,
      "acc15": 0.32894736842105265
    },
    {
      "mae": 163.88954774956954,
      "mse": 57476.22593921582,
      "rmse": 239.74199869696554,
      "mape": 0.5972556918360613,
      "acc15": 0.32894736842105265
    }
  ],
  "mean": {
    "mae": 187.46790894290856,
    "mse": 100974.67377780897,
    "rmse": 312.8447533286376,
    "mape": 0.7866167385208448,
    "acc15": 0.3333333333333333
  },
  "std": {
    "mae": 20.89019091944825,
    "mse": 34006.39995196125,
    "rmse": 55.70308871645168,
    "mape": 0.1344832788094566,
    "acc15": 0.006202691063039883
  }
}