{
  "domain": "zn_ion",
  "task": "rul",
  "model": "batlinet",
  "splits": [
    {
      "mae": 421.7501763502757,
      "mse": 405159.1395160162,
      "rmse": 636.5211226000408,
      "mape": 0.8572430160981215,
      "acc15": 0.0
    },
    {
      "mae": 399.3999453783035,
      "mse": 335640.95151848794,
      "rmse": 579.3452783258771,
      "mape": 0.9664202120161557,
      "acc15": 0.0
    },
    {
      "mae": 330.748810539643,
      "mse": 258149.81798815363,
      "rmse": 508.08445950270277,
      "mape": 0.9446797154592956,
      "acc15": 0.0
    }
  ],
  "mean": {
    "mae": 383.9663107560741,
    "mse": 332983.3030075526,
    "rmse": 574.6502868095403,
    "mape": 0.9227809811911909,
    "acc15": 0.0
  },
  "std": {
    "mae": 38.720881128830285,
    "mse": 60045.718558036395,
    "rmse": 52.53904145743199,
    "mape": 0.04718460871258765,
    "acc15": 0.0
  }
}