{
  "domain": "zn_ion",
  "task": "rul",
  "model": "batlinet",
  "splits": [
    {
      "mae": 181.0941438333612,
      "mse": 76751.10390485066,
      "rmse": 277.0398958721481,
      "mape": 0.8474416016452782,
      "acc15": 0.29894736842105263
    },
    {
      "mae": 390.8462749601665,
      "mse": 321464.7899290539,
      "rmse": 566.9786503291406,
      "mape": 0.4844861260559911,
      "acc15": 0.1736842105263158
    },
    {
      "mae": 152.88503387049624,
      "mse": 85327.04311058403,
      "rmse": 292.1079305848851,
      "mape": 0.33793365728838426,
      "acc15": 0.27578947368421053
    }
  ],
  "mean": {
    "mae": 241.6084842213413,
    "mse": 161180.9789814962,
    "rmse": 378.70882559539126,
    "mape": 0.5566204616632179,
    "acc15": 0.2494736842105263
  },
  "std": {
    "mae": 106.1535903292278,
    "mse": 113391.83310456248,
    "rmse": 133.26891759767435,
    "mape": 0.21416832651105522,
    "acc15": 0.05441877900846296
  }
}