{
  "domain": "zn_ion",
  "task": "rul",
  "model": "batlinet",
  "splits": [
    {
      "mae": 194.15799042802107,
      "mse": 60171.51572763133,
      "rmse": 245.29882944610912,
      "mape": 0.6654520472942664,
      "acc15": 0.08210526315789474
    },
    {
      "mae": 236.31106986346998,
      "mse": 124616.5392265588,
      "rmse": 353.01067862963976,
      "mape": 0.40309266790328363,
      "acc15": 0.14842105263157895
    },
    {
      "mae": 291.40668152558175,
      "mse": 243737.8636562889,
      "rmse": 493.6981503472429,
      "mape": 0.5171641619343827,
      "acc15": 0.17894736842105263
    }
  ],
  "mean": {
    "mae": 240.6252472723576,
    "mse": 142841.97287015966,
    "rmse": 364.00255280766396,
    "mape": 0.5285696257106443,
    "acc15": 0.13649122807017544
  },
  "std": {
    "mae": 39.81863948022092,
    "mse": 76040.67265435086,
    "rmse": 101.70601958420896,
    "mape": 0.10741096915296601,
    "acc15": 0.040425560177520845
  }
}