{
  "domain": "zn_ion",
  "task": "rul",
  "model": "batlinet",
  "splits": [
    {
      "mae": 438.9710114300251,
      "mse": 418083.7506114477,
      "rmse": 646.5939611622179,
      "mape": 1.1966770927576265,
      "acc15": 0.0
    },
    {
      "mae": 401.80788202459615,
      "mse": 337317.83572999213,
      "rmse": 580.7906987288899,
      "mape": 1.0434404806900839,
      "acc15": 0.0
    },
    {
      "mae": 274.42554489771527,
      "mse": 202396.42051217495,
      "rmse": 449.8848969594056,
      "mape": 2.5801875571329895,
      "acc15": 0.08333333333333333
    }
  ],
  "mean": {
    "mae": 371.7348127841122,
    "mse": 319266.00228453823,
    "rmse": 559.0898522835045,
    "mape": 1.6067683768602332,
    "acc15": 0.027777777777777776
  },
  "std": {
    "mae": 70.46083904903527,
    "mse": 88974.36937828394,
    "rmse": 81.7590322725719,
    "mape": 0.691148339220869,
    "acc15": 0.039283710065919304
  }
}