{
  "domain": "na_ion",
  "task": "rul",
  "model": "severson",
  "splits": [
    {
      "mae": 26.333003708280444,
      "mse": 1052.8628376089766,
      "rmse": 32.44784796575848,
      "mape": 0.8235459082831632,
      "acc15": 0.18181818181818182
    },
    {
      "mae": 31.249630360801095,
      "mse": 1331.9293982467343,
      "rmse": 36.49560793091046,
      "mape": 0.6070913988996458,
      "acc15": 0.18181818181818182
    },
    {
      "mae": 39.67499271330208,
      "mse": 1975.2182559199625,
      "rmse": 44.44342758968937,
      "mape": 3.443629236010938,
      "acc15": 0.09090909090909091
    }
  ],
  "mean": {
    "mae": 32.419208927461206,
    "mse": 1453.3368305918912,
    "rmse": 37.7956278287861,
    "mape": 1.6247555143979155,
    "acc15": 0.15151515151515152
  },
  "std": {
    "mae": 5.509271165966367,
    "mse": 386.2121203806628,
    "rmse": 4.9827048497558675,
    "mape": 1.2891701077408726,
    "acc15": 0.04285495643554833
  }
}