{
  "domain": "na_ion",
  "task": "rul",
  "model": "severson",
  "splits": [
    {
      "mae": 28.51576454100529,
      "mse": 1003.6792507019534,
      "rmse": 31.68089725216054,
      "mape": 0.15957232475124264,
      "acc15": 0.44166666666666665
    },
    {
      "mae": 25.685933817460253,
      "mse": 1184.3499824165328,
      "rmse": 34.414386271100824,
      "mape": 0.1999479307940527,
      "acc15": 0.5466666666666666
    },
    {
      "mae": 45.269695918436106,
      "mse": 2842.5619998009547,
      "rmse": 53.315682493999404,
      "mape": 0.2137235513048674,
      "acc15": 0.34833333333333333
    }
  ],
  "mean": {
    "mae": 33.157131425633885,
    "mse": 1676.8637443064806,
    "rmse": 39.80365533908692,
    "mape": 0.19108126895005426,
    "acc15": 0.44555555555555554
  },
  "std": {
    "mae": 8.642439833951203,
    "mse": 827.5666319484354,
    "rmse": 9.619395300831405,
    "mape": 0.02297900641175712,
    "acc15": 0.0810159258844431
  }
}