{
  "domain": "li_ion",
  "task": "rul",
  "model": "itransformer",
  "splits": [
    {
      "mae": 253.32268072429457,
      "mse": 369015.45467464655,
      "rmse": 607.4664226726005,
      "mape": 0.6770502534086567,
      "acc15": 0.2894736842105263
    },
    {
      "mae": 234.99570786325555,
      "mse": 321251.97668361495,
      "rmse": 566.7909461905817,
      "mape": 0.46961892225782714,
      "acc15": 0.3355263157894737
    },
    {
      "mae": 204.2078588385331,
      "mse": 193498.32043132387,
      "rmse": 439.88443986042955,
      "mape": 0.7413283584462939,
      "acc15": 0.3618421052631579
    }
  ],
  "mean": {
    "mae": 230.84208247536105,
    "mse": 294588.5839298618,
    "rmse": 538.0472695745374,
    "mape": 0.6293325113709258,
    "acc15": 0.32894736842105265
  },
  "std": {
    "mae": 20.265009007560128,
    "mse": 74093.49268819232,
    "rmse": 71.37029937759122,
    "mape": 0.11594320910787366,
    "acc15": 0.02990829319514442
  }
}