{
  "domain": "li_ion",
  "task": "rul",
  "model": "itransformer",
  "splits": [
    {
      "mae": 227.06336847084157,
      "mse": 228528.8110426234,
      "rmse": 478.0468711775273,
      "mape": 0.397554271522407,
      "acc15": 0.38007246376811593
    },
    {
      "mae": 196.95342251542687,
      "mse": 122682.36336425868,
      "rmse": 350.26042220647577,
      "mape": 0.37584064532714695,
      "acc15": 0.4227536231884058
    },
    {
      "mae": 158.9158348658465,
      "mse": 92620.41506429076,
      "rmse": 304.3360232773813,
      "mape": 0.328599530400118,
      "acc15": 0.46159420289855074
    }
  ],
  "mean": {
    "mae": 194.3108752840383,
    "mse": 147943.8631570576,
    "rmse": 377.5477722204614,
    "mape": 0.3673314824165573,
    "acc15": 0.42147342995169085
  },
  "std": {
    "mae": 27.883793094598545,
    "mse": 58288.824275824954,
    "rmse": 73.49518928762726,
    "mape": 0.028786495339420168,
    "acc15": 0.03329341935733612
  }
}