{
  "domain": "li_ion",
  "task": "rul",
  "model": "itransformer",
  "splits": [
    {
      "mae": 277.09536703009354,
      "mse": 229429.77548521993,
      "rmse": 478.9882832441937,
      "mape": 0.9822425070594982,
      "acc15": 0.26973684210526316
    },
    {
      "mae": 238.61331307260613,
      "mse": 163793.14783748693,
      "rmse": 404.71366154046115,
      "mape": 0.7286579363826712,
      "acc15": 0.26973684210526316
    },
    {
      "mae": 224.8492371408563,
      "mse": 123709.38609663719,
      "rmse": 351.7234511610467,
      "mape": 0.5874944984924738,
      "acc15": 0.2894736842105263
    }
  ],
  "mean": {
    "mae": 246.85263908118532,
    "mse": 172310.769806448,
    "rmse": 411.80846531523383,
    "mape": 0.7661316473115477,
    "acc15": 0.27631578947368424
  },
  "std": {
    "mae": 22.110772516392686,
    "mse": 43578.37840124378,
    "rmse": 52.197295918082446,
    "mape": 0.16331912895717116,
    "acc15": 0.009304036594559839
  }
}