{
  "domain": "na_ion",
  "task": "rul",
  "model": "transformer",
  "splits": [
    {
      "mae": 17.75708146528764,
      "mse": 760.2672832508106,
      "rmse": 27.572944769298953,
      "mape": 0.5620461907117696,
      "acc15": 0.5454545454545454
    },
    {
      "mae": 14.08559209650213,
      "mse": 383.163091922708,
      "rmse": 19.57455215126793,
      "mape": 0.16788164731016259,
      "acc15": 0.5454545454545454
    },
    {
      "mae": 20.20258261940696,
      "mse": 709.9311241949273,
      "rmse": 26.644532726150917,
      "mape": 2.35351519100577,
      "acc15": 0.5454545454545454
    }
  ],
  "mean": {
    "mae": 17.348418727065578,
    "mse": 617.7871664561486,
    "rmse": 24.597343215572597,
    "mape": 1.0278143430092341,
    "acc15": 0.5454545454545454
  },
  "std": {
    "mae": 2.513914237404191,
    "mse": 167.17211587688084,
    "rmse": 3.5718165114508804,
    "mape": 0.951123362346792,
    "acc15": 0.0
  }
}