{
  "domain": "na_ion",
  "task": "rul",
  "model": "transformer",
  "splits": [
    {
      "mae": 37.590901362101235,
      "mse": 1770.6671509699536,
      "rmse": 42.07929598947627,
      "mape": 0.22237527261282494,
      "acc15": 0.3333333333333333
    },
    {
      "mae": 30.179679171244302,
      "mse": 1061.155854552628,
      "rmse": 32.57538725100022,
      "mape": 0.2039471235151719,
      "acc15": 0.3333333333333333
    },
    {
      "mae": 47.286852022806805,
      "mse": 2591.347748007845,
      "rmse": 50.90528212285877,
      "mape": 0.22982744594120647,
      "acc15": 0.0
    }
  ],
  "mean": {
    "mae": 38.35247751871745,
    "mse": 1807.7235845101422,
    "rmse": 41.85332178777842,
    "mape": 0.21871661402306777,
    "acc15": 0.2222222222222222
  },
  "std": {
    "mae": 7.004705058033209,
    "mse": 625.2475201331893,
    "rmse": 7.484854029225567,
    "mape": 0.010877717567767595,
    "acc15": 0.15713484026367722
  }
}