{
  "domain": "na_ion",
  "task": "rul",
  "model": "transformer",
  "splits": [
    {
      "mae": 42.82905162464488,
      "mse": 2380.3373497973134,
      "rmse": 48.78870104642379,
      "mape": 1.6007363008668987,
      "acc15": 0.2727272727272727
    },
    {
      "mae": 60.24526700106534,
      "mse": 4006.500281556118,
      "rmse": 63.296921580406405,
      "mape": 0.7057673602794959,
      "acc15": 0.0
    },
    {
      "mae": 52.39533164284446,
      "mse": 3187.225279458735,
      "rmse": 56.45551593474932,
      "mape": 5.642238361194418,
      "acc15": 0.09090909090909091
    }
  ],
  "mean": {
    "mae": 51.8232167561849,
    "mse": 3191.3543036040555,
    "rmse": 56.18037952052651,
    "mape": 2.6495806741136043,
    "acc15": 0.12121212121212122
  },
  "std": {
    "mae": 7.1216396095337124,
    "mse": 663.8846570436223,
    "rmse": 5.926150566232814,
    "mape": 2.1474391532221118,
    "acc15": 0.11338355717496791
  }
}