{
  "domain": "na_ion",
  "task": "soh_point",
  "model": "mlp",
  "splits": [
    {
      "mae": 0.02287823885798933,
      "mse": 0.0007693139453456317,
      "rmse": 0.027736509249464535,
      "mape": 0.02688290157738106
    },
    {
      "mae": 0.019677685145054902,
      "mse": 0.0005282753336550583,
      "rmse": 0.022984240984967468,
      "mape": 0.022650307891527968
    },
    {
      "mae": 0.021105023513527887,
      "mse": 0.0006667103642406743,
      "rmse": 0.025820735160732244,
      "mape": 0.024079296642214573
    }
  ],
  "mean": {
    "mae": 0.021220315838857372,
    "mse": 0.0006547665477471214,
    "rmse": 0.02551382846505475,
    "mape": 0.024537502037041203
  },
  "std": {
    "mae": 0.0013091613747114345,
    "mse": 9.876535879127364e-05,
    "rmse": 0.0019522051129129592,
    "mape": 0.0017580626582059083
  }
}