{
  "domain": "na_ion",
  "task": "soh_point",
  "model": "mlp",
  "splits": [
    {
      "mae": 0.011725707487626509,
      "mse": 0.00016854175466043196,
      "rmse": 0.012982363215548699,
      "mape": 0.01382751308266505
    },
    {
      "mae": 0.00817074017091231,
      "mse": 9.367646870408272e-05,
      "rmse": 0.009678660480876613,
      "mape": 0.009270606921850631
    },
    {
      "mae": 0.013314788991754705,
      "mse": 0.00019876445786143842,
      "rmse": 0.014098384938050117,
      "mape": 0.01586415459870641
    }
  ],
  "mean": {
    "mae": 0.011070412216764509,
    "mse": 0.00015366089374198438,
    "rmse": 0.01225313621149181,
    "mape": 0.012987424867740696
  },
  "std": {
    "mae": 0.002150560932534128,
    "mse": 4.417353191327557e-05,
    "rmse": 0.0018765784621519285,
    "mape": 0.002756571408880199
  }
}