{
  "domain": "na_ion",
  "task": "soh_point",
  "model": "mlp",
  "splits": [
    {
      "mae": 0.2969122258099643,
      "mse": 0.09988417284108599,
      "rmse": 0.3160445741364436,
      "mape": 0.3454437737135631
    },
    {
      "mae": 0.0405493053522977,
      "mse": 0.004329464273894568,
      "rmse": 0.06579866468169827,
      "mape": 0.046374926317594885
    },
    {
      "mae": 0.08498104052110152,
      "mse": 0.016573414979061143,
      "rmse": 0.1287377760374209,
      "mape": 0.10401692780373685
    }
  ],
  "mean": {
    "mae": 0.14081419056112116,
    "mse": 0.0402623506980139,
    "rmse": 0.17019367161852092,
    "mape": 0.1652785426116316
  },
  "std": {
    "mae": 0.11185851846250387,
    "mse": 0.042454287878946756,
    "rmse": 0.10628482882811154,
    "mape": 0.12955123299899898
  }
}