{
  "domain": "na_ion",
  "task": "soh_point",
  "model": "mlp",
  "splits": [
    {
      "mae": 0.00935437649488449,
      "mse": 0.00013998431582954514,
      "rmse": 0.011831496770465905,
      "mape": 0.010811194102948108
    },
    {
      "mae": 0.008058261076609294,
      "mse": 0.00011287401985080454,
      "rmse": 0.01062421855247738,
      "mape": 0.009438994985769573
    },
    {
      "mae": 0.012163337965806325,
      "mse": 0.00023469903667354094,
      "rmse": 0.015319890230466435,
      "mape": 0.01401838519111825
    }
  ],
  "mean": {
    "mae": 0.009858658512433371,
    "mse": 0.00016251912411796354,
    "rmse": 0.012591868517803239,
    "mape": 0.011422858093278643
  },
  "std": {
    "mae": 0.0017134058346798188,
    "mse": 5.2225133600670534e-05,
    "rmse": 0.001990972462973603,
    "mape": 0.0019189065099705705
  }
}