{
  "domain": "calb",
  "task": "soh_point",
  "model": "gru",
  "splits": [
    {
      "mae": 0.0018171163520427666,
      "mse": 7.546514472931959e-06,
      "rmse": 0.0027470920029973437,
      "mape": 0.0018177434230402685
    },
    {
      "mae": 0.0027195587754249573,
      "mse": 2.5278976799467023e-05,
      "rmse": 0.005027820283131351,
      "mape": 0.0027208707407738344
    },
    {
      "mae": 0.0029861910174591375,
      "mse": 1.8191776488874158e-05,
      "rmse": 0.004265181882273505,
      "mape": 0.0029901534741060133
    }
  ],
  "mean": {
    "mae": 0.0025076220483089538,
    "mse": 1.700575592042438e-05,
    "rmse": 0.0040133647228007335,
    "mape": 0.002509589212640039
  },
  "std": {
    "mae": 0.0005002477889706809,
    "mse": 7.287662571409564e-06,
    "rmse": 0.0009479765409560368,
    "mape": 0.0005014088451938261
  }
}