{
  "domain": "calb",
  "task": "soh_point",
  "model": "gru",
  "splits": [
    {
      "mae": 0.004521703720092774,
      "mse": 2.044582809617168e-05,
      "rmse": 0.004521706325732762,
      "mape": 0.004521703720092774
    },
    {
      "mae": 0.0011870980262756348,
      "mse": 3.1005268375849936e-06,
      "rmse": 0.0017608312916304598,
      "mape": 0.0011870980262756348
    },
    {
      "mae": 0.0016555070877075195,
      "mse": 2.740722212024593e-06,
      "rmse": 0.0016555126734714516,
      "mape": 0.0016555070877075195
    }
  ],
  "mean": {
    "mae": 0.002454769611358643,
    "mse": 8.762359048593756e-06,
    "rmse": 0.0026460167636115583,
    "mape": 0.002454769611358643
  },
  "std": {
    "mae": 0.0014740000496594955,
    "mse": 8.262765944542107e-06,
    "rmse": 0.001327009546039655,
    "mape": 0.0014740000496594955
  }
}