{
  "domain": "calb",
  "task": "soh_point",
  "model": "gru",
  "splits": [
    {
      "mae": 0.002416663820093328,
      "mse": 1.47800869962987e-05,
      "rmse": 0.003844487871784576,
      "mape": 0.0024174323973879196
    },
    {
      "mae": 0.0007618888460024438,
      "mse": 1.2013627462013715e-06,
      "rmse": 0.0010960669442152571,
      "mape": 0.000762773383001602
    },
    {
      "mae": 0.0011836596209593494,
      "mse": 4.214275932782823e-06,
      "rmse": 0.0020528701694902244,
      "mape": 0.0011842885016200841
    }
  ],
  "mean": {
    "mae": 0.0014540707623517072,
    "mse": 6.731908558427631e-06,
    "rmse": 0.0023311416618300193,
    "mape": 0.0014548314273365353
  },
  "std": {
    "mae": 0.000702097663083615,
    "mse": 5.822330208964374e-06,
    "rmse": 0.0011391607046014217,
    "mape": 0.0007020774978418874
  }
}