{
  "domain": "calb",
  "task": "soh_point",
  "model": "gru",
  "splits": [
    {
      "mae": 0.06760375499725342,
      "mse": 0.005326791424040777,
      "rmse": 0.07298487119972726,
      "mape": 0.06760375499725342
    },
    {
      "mae": 0.06305052042007446,
      "mse": 0.007088479342238685,
      "rmse": 0.08419310745089936,
      "mape": 0.06305052042007446
    },
    {
      "mae": 0.03664902448654175,
      "mse": 0.00282018502178758,
      "rmse": 0.053105414241747334,
      "mape": 0.03664902448654175
    }
  ],
  "mean": {
    "mae": 0.05576776663462321,
    "mse": 0.005078485262689014,
    "rmse": 0.07009446429745798,
    "mape": 0.05576776663462321
  },
  "std": {
    "mae": 0.013646189022881675,
    "mse": 0.0017513473030446637,
    "rmse": 0.012855012156408194,
    "mape": 0.013646189022881675
  }
}