{
  "domain": "li_ion",
  "task": "rul",
  "model": "gru",
  "splits": [
    {
      "mae": 123.02326754519814,
      "mse": 35641.65992901477,
      "rmse": 188.78998895337318,
      "mape": 0.4831580220907126,
      "acc15": 0.375
    },
    {
      "mae": 171.10358047485352,
      "mse": 66069.7947350987,
      "rmse": 257.04045349924723,
      "mape": 0.4811227464660776,
      "acc15": 0.3223684210526316
    },
    {
      "mae": 178.1604343213533,
      "mse": 117625.10462231403,
      "rmse": 342.9651653190365,
      "mape": 0.5576200214224738,
      "acc15": 0.46710526315789475
    }
  ],
  "mean": {
    "mae": 157.42909411380165,
    "mse": 73112.18642880917,
    "rmse": 262.931869257219,
    "mape": 0.5073002633264213,
    "acc15": 0.3881578947368421
  },
  "std": {
    "mae": 24.4985778220469,
    "mse": 33838.02359792453,
    "rmse": 63.07946224972015,
    "mape": 0.03559114241728304,
    "acc15": 0.05981658639028885
  }
}