{
  "domain": "li_ion",
  "task": "rul",
  "model": "gru",
  "splits": [
    {
      "mae": 165.7559245542476,
      "mse": 106671.26218088677,
      "rmse": 326.60566771090606,
      "mape": 0.809623394688893,
      "acc15": 0.42105263157894735
    },
    {
      "mae": 211.39986284155594,
      "mse": 130048.81961642373,
      "rmse": 360.6228218186194,
      "mape": 0.9499817198002186,
      "acc15": 0.3223684210526316
    },
    {
      "mae": 176.5711289456016,
      "mse": 79611.4004757972,
      "rmse": 282.15492282750836,
      "mape": 0.562526682580106,
      "acc15": 0.3026315789473684
    }
  ],
  "mean": {
    "mae": 184.57563878046838,
    "mse": 105443.82742436923,
    "rmse": 323.1278041190113,
    "mape": 0.7740439323564058,
    "acc15": 0.34868421052631576
  },
  "std": {
    "mae": 19.47470853639428,
    "mse": 20609.27395539753,
    "rmse": 32.12864188843211,
    "mape": 0.16016611183749488,
    "acc15": 0.05180268338165664
  }
}