{
  "domain": "li_ion",
  "task": "rul",
  "model": "gru",
  "splits": [
    {
      "mae": 157.12269196220066,
      "mse": 132390.47015219685,
      "rmse": 363.85501254235436,
      "mape": 0.3237275735917598,
      "acc15": 0.5523188405797101
    },
    {
      "mae": 146.32725338479747,
      "mse": 68465.42440856411,
      "rmse": 261.6589849566877,
      "mape": 0.2419967996493705,
      "acc15": 0.5347101449275362
    },
    {
      "mae": 147.20003572491632,
      "mse": 94974.17457664342,
      "rmse": 308.17880293206963,
      "mape": 0.2520186642284916,
      "acc15": 0.5096376811594203
    }
  ],
  "mean": {
    "mae": 150.21666035730482,
    "mse": 98610.02304580146,
    "rmse": 311.23093347703724,
    "mape": 0.272581012489874,
    "acc15": 0.5322222222222223
  },
  "std": {
    "mae": 4.896283736956089,
    "mse": 26223.62057254736,
    "rmse": 41.77713600539757,
    "mape": 0.03639677162260655,
    "acc15": 0.01751309342379317
  }
}