{
  "domain": "calb",
  "task": "rul",
  "model": "gru",
  "splits": [
    {
      "mae": 0.00944061279296875,
      "mse": 8.912518387660384e-05,
      "rmse": 0.009440613532848585,
      "mape": 0.00013682047526041667,
      "acc15": 1.0
    },
    {
      "mae": 0.214599609375,
      "mse": 0.04605299234390259,
      "rmse": 0.214599609375,
      "mape": 0.003110139266304348,
      "acc15": 1.0
    },
    {
      "mae": 1.0074371337890624,
      "mse": 1.0149295785464347,
      "rmse": 1.0074371337936847,
      "mape": 0.014600538170855978,
      "acc15": 1.0
    }
  ],
  "mean": {
    "mae": 0.410492451985677,
    "mse": 0.3536905653580713,
    "rmse": 0.41049245223384445,
    "mape": 0.005949165970806914,
    "acc15": 1.0
  },
  "std": {
    "mae": 0.4303330247762735,
    "mse": 0.46794297636415527,
    "rmse": 0.4303330245485654,
    "mape": 0.006236710504003965,
    "acc15": 0.0
  }
}