{
  "domain": "calb",
  "task": "rul",
  "model": "gru",
  "splits": [
    {
      "mae": 93.83546327533143,
      "mse": 18943.747124945185,
      "rmse": 137.6362856406158,
      "mape": 0.08228171657705093,
      "acc15": 0.797979797979798
    },
    {
      "mae": 266.7855960476783,
      "mse": 98311.66276944804,
      "rmse": 313.5469068089303,
      "mape": 0.3041453844796315,
      "acc15": 0.4012096774193548
    },
    {
      "mae": 275.33390188506155,
      "mse": 79507.68383640198,
      "rmse": 281.9710691478861,
      "mape": 0.20716360868169018,
      "acc15": 0.0
    }
  ],
  "mean": {
    "mae": 211.98498706935712,
    "mse": 65587.69791026507,
    "rmse": 244.38475386581072,
    "mape": 0.19786356991279086,
    "acc15": 0.39972982513305094
  },
  "std": {
    "mae": 83.61718668128236,
    "mse": 33863.85501362889,
    "rmse": 76.57538761385517,
    "mape": 0.09081387494806402,
    "acc15": 0.3257755689305771
  }
}