{
  "domain": "calb",
  "task": "rul",
  "model": "gru",
  "splits": [
    {
      "mae": 0.1264434814453125,
      "mse": 0.015988978371024132,
      "rmse": 0.12644753208751894,
      "mape": 0.0018325142238451088,
      "acc15": 1.0
    },
    {
      "mae": 1.0508102416992187,
      "mse": 1.2854077778407373,
      "rmse": 1.133758253703468,
      "mape": 0.015229133937669836,
      "acc15": 1.0
    },
    {
      "mae": 0.6263717651367188,
      "mse": 0.5217556858318858,
      "rmse": 0.722326578378427,
      "mape": 0.009077851668648097,
      "acc15": 1.0
    }
  ],
  "mean": {
    "mae": 0.6012084960937499,
    "mse": 0.6077174806812158,
    "rmse": 0.6608441213898046,
    "mape": 0.008713166610054347,
    "acc15": 1.0
  },
  "std": {
    "mae": 0.3777903911317952,
    "mse": 0.5217905676559454,
    "rmse": 0.41352451911072086,
    "mape": 0.005475223059881091,
    "acc15": 0.0
  }
}