{
  "domain": "zn_ion",
  "task": "soh_point",
  "model": "batlinet",
  "splits": [
    {
      "mae": 0.7125892887512842,
      "mse": 0.510944505221694,
      "rmse": 0.714803822892473,
      "mape": 0.7323922295941481
    },
    {
      "mae": 0.44531191885471344,
      "mse": 0.20277921981353467,
      "rmse": 0.4503101373648329,
      "mape": 0.46009423373788216
    },
    {
      "mae": 0.5657341244320074,
      "mse": 0.3253968114613623,
      "rmse": 0.5704356330571946,
      "mape": 0.59260585120249
    }
  ],
  "mean": {
    "mae": 0.574545110679335,
    "mse": 0.3463735121655303,
    "rmse": 0.5785165311048335,
    "mape": 0.5950307715115067
  },
  "std": {
    "mae": 0.10929325451492125,
    "mse": 0.12667932549551317,
    "rmse": 0.10813017804461682,
    "mape": 0.11117841461876661
  }
}