{
  "domain": "zn_ion",
  "task": "soh_point",
  "model": "batlinet",
  "splits": [
    {
      "mae": 0.009429957928036525,
      "mse": 0.0003707862753429739,
      "rmse": 0.0192558114693454,
      "mape": 0.010029144045752773
    },
    {
      "mae": 0.013593729360159054,
      "mse": 0.0005620887130532097,
      "rmse": 0.023708410175572923,
      "mape": 0.014606177779319373
    },
    {
      "mae": 0.013153211061390604,
      "mse": 0.0005078982638421355,
      "rmse": 0.022536598320113344,
      "mape": 0.014004336501786398
    }
  ],
  "mean": {
    "mae": 0.012058966116528728,
    "mse": 0.00048025775074610633,
    "rmse": 0.021833606655010555,
    "mape": 0.012879886108952847
  },
  "std": {
    "mae": 0.0018676682671639434,
    "mse": 8.050736670900983e-05,
    "rmse": 0.001884508206505125,
    "mape": 0.002030697903678978
  }
}