{
  "domain": "zn_ion",
  "task": "soh_point",
  "model": "batlinet",
  "splits": [
    {
      "mae": 0.011539899549986186,
      "mse": 0.000304769484994084,
      "rmse": 0.017457648323702824,
      "mape": 0.011960024478977201
    },
    {
      "mae": 0.014015791196572154,
      "mse": 0.0006130226335567869,
      "rmse": 0.024759293882435075,
      "mape": 0.014720277949485263
    },
    {
      "mae": 0.035736134020905745,
      "mse": 0.0019854532256340742,
      "rmse": 0.044558424855846,
      "mape": 0.037418886173386144
    }
  ],
  "mean": {
    "mae": 0.020430608255821364,
    "mse": 0.0009677484480616483,
    "rmse": 0.028925122353994633,
    "mape": 0.0213663962006162
  },
  "std": {
    "mae": 0.01086973931213486,
    "mse": 0.0007305464902477737,
    "rmse": 0.011449268311472506,
    "mape": 0.011406623092156374
  }
}