{
  "domain": "zn_ion",
  "task": "soh_point",
  "model": "batlinet",
  "splits": [
    {
      "mae": 0.23059037824471793,
      "mse": 0.058106675611353666,
      "rmse": 0.24105326301743701,
      "mape": 0.23384428659893516
    },
    {
      "mae": 0.3498068650563558,
      "mse": 0.13141289630064742,
      "rmse": 0.36250916719532406,
      "mape": 0.3583898446544063
    },
    {
      "mae": 0.2017726997534434,
      "mse": 0.052945248769669696,
      "rmse": 0.23009834586469693,
      "mape": 0.2045784493406234
    }
  ],
  "mean": {
    "mae": 0.2607233143515057,
    "mse": 0.08082160689389026,
    "rmse": 0.27788692535915266,
    "mape": 0.26560419353132164
  },
  "std": {
    "mae": 0.06408080265333924,
    "mse": 0.03583544804277099,
    "rmse": 0.060003863278350424,
    "mape": 0.06668835529715109
  }
}