{
  "domain": "zn_ion",
  "task": "soh_point",
  "model": "batlinet",
  "splits": [
    {
      "mae": 0.10146591804529491,
      "mse": 0.02592185234878173,
      "rmse": 0.16100264702414593,
      "mape": 0.1026024745278782
    },
    {
      "mae": 0.18440995198723517,
      "mse": 0.0778713286592922,
      "rmse": 0.27905434714279614,
      "mape": 0.1857219767509616
    },
    {
      "mae": 0.11391058606536765,
      "mse": 0.02964323718502352,
      "rmse": 0.17217211500421176,
      "mape": 0.11522040917230296
    }
  ],
  "mean": {
    "mae": 0.13326215203263256,
    "mse": 0.04447880606436582,
    "rmse": 0.20407636972371793,
    "mape": 0.13451495348371426
  },
  "std": {
    "mae": 0.03652205288753166,
    "mse": 0.023660904465867376,
    "rmse": 0.05321316927936341,
    "mape": 0.036573419242140436
  }
}