{
  "domain": "calb",
  "task": "soh_traj",
  "model": "gru",
  "splits": [
    {
      "mae": 0.011996800008446279,
      "mse": 0.0002278017392692339,
      "rmse": 0.015093102373906894,
      "mape": 0.011996800008446279
    },
    {
      "mae": 0.009136034021473895,
      "mse": 0.00012222050973843287,
      "rmse": 0.011055338517586555,
      "mape": 0.009136465201115053
    },
    {
      "mae": 0.01069066199389371,
      "mse": 0.0001752991214968103,
      "rmse": 0.01324005745821408,
      "mape": 0.010691103463807425
    }
  ],
  "mean": {
    "mae": 0.01060783200793796,
    "mse": 0.00017510712350149235,
    "rmse": 0.013129499449902512,
    "mape": 0.010608122891122918
  },
  "std": {
    "mae": 0.0011693705181234876,
    "mse": 4.3103570267682614e-05,
    "rmse": 0.0016502629173868206,
    "mape": 0.001169200049632205
  }
}