{
  "domain": "calb",
  "task": "soh_traj",
  "model": "gru",
  "splits": [
    {
      "mae": 0.06980265848564379,
      "mse": 0.0062057681993632164,
      "rmse": 0.07877669832738116,
      "mape": 0.06980265848564379
    },
    {
      "mae": 0.05189041429095798,
      "mse": 0.00393770907734835,
      "rmse": 0.06275116793612968,
      "mape": 0.05189473940886641
    },
    {
      "mae": 0.058419031928284,
      "mse": 0.0041091346210211654,
      "rmse": 0.06410253209523915,
      "mape": 0.058423259172950395
    }
  ],
  "mean": {
    "mae": 0.06003736823496192,
    "mse": 0.004750870632577577,
    "rmse": 0.06854346611958333,
    "mape": 0.06004021902248687
  },
  "std": {
    "mae": 0.007401638661974245,
    "mse": 0.0010311456013046719,
    "rmse": 0.007256988693053726,
    "mape": 0.007399743724452516
  }
}