{
  "domain": "calb",
  "task": "soh_traj",
  "model": "gru",
  "splits": [
    {
      "mae": 0.005210393381672088,
      "mse": 6.935770127065444e-05,
      "rmse": 0.008328127116624388,
      "mape": 0.005420462276084499
    },
    {
      "mae": 0.006856143136683133,
      "mse": 0.00010773983536864277,
      "rmse": 0.01037978012140155,
      "mape": 0.0070992720166792
    },
    {
      "mae": 0.005259187173042183,
      "mse": 7.344407702189626e-05,
      "rmse": 0.008569951984806931,
      "mape": 0.00550662344976081
    }
  ],
  "mean": {
    "mae": 0.005775241230465802,
    "mse": 8.351387122039782e-05,
    "rmse": 0.00909261974094429,
    "mape": 0.0060087859141748365
  },
  "std": {
    "mae": 0.0007645726068278334,
    "mse": 1.721138423406867e-05,
    "rmse": 0.0009154984800577353,
    "mape": 0.0007718920009857545
  }
}