{
  "domain": "calb",
  "task": "soh_traj",
  "model": "gru",
  "splits": [
    {
      "mae": 0.005280450462295831,
      "mse": 5.472052303981691e-05,
      "rmse": 0.007397332156920961,
      "mape": 0.005572858079906154
    },
    {
      "mae": 0.008912449284966005,
      "mse": 0.00030335593828406915,
      "rmse": 0.017417116244776834,
      "mape": 0.009215135977917533
    },
    {
      "mae": 0.004755398820199925,
      "mse": 7.045595003317428e-05,
      "rmse": 0.0083938042646451,
      "mape": 0.004932380781178225
    }
  ],
  "mean": {
    "mae": 0.0063160995224872535,
    "mse": 0.00014284413711902012,
    "rmse": 0.011069417555447632,
    "mape": 0.006573458279667303
  },
  "std": {
    "mae": 0.0018483675452606826,
    "mse": 0.00011368063350340137,
    "rmse": 0.0045068982795452425,
    "mape": 0.0018861598710291283
  }
}