{
  "domain": "na_ion",
  "task": "soh_traj",
  "model": "timemixer",
  "splits": [
    {
      "mae": 0.011133909015664484,
      "mse": 0.0002157698367658209,
      "rmse": 0.014689106057409378,
      "mape": 0.013293204476239145
    },
    {
      "mae": 0.015196456649241501,
      "mse": 0.0008166397013571124,
      "rmse": 0.028576908533938943,
      "mape": 0.0176434267356855
    },
    {
      "mae": 0.014098149861196396,
      "mse": 0.00035903806954566794,
      "rmse": 0.01894829991175113,
      "mape": 0.016504994455114184
    }
  ],
  "mean": {
    "mae": 0.013476171842034127,
    "mse": 0.0004638158692228671,
    "rmse": 0.020738104834366486,
    "mape": 0.015813875222346275
  },
  "std": {
    "mae": 0.0017158507726511495,
    "mse": 0.00025624849791089604,
    "rmse": 0.00580920623680142,
    "mape": 0.0018419813194984565
  }
}