{
  "domain": "na_ion",
  "task": "soh_traj",
  "model": "timemixer",
  "splits": [
    {
      "mae": 0.04499073472481891,
      "mse": 0.0032055308507103466,
      "rmse": 0.056617407665048976,
      "mape": 0.05323412666124552
    },
    {
      "mae": 0.03970654147499188,
      "mse": 0.003372647498579492,
      "rmse": 0.058074499555136,
      "mape": 0.046051204099800354
    },
    {
      "mae": 0.036715902848580825,
      "mse": 0.002158886342537003,
      "rmse": 0.046463817563099606,
      "mape": 0.04304846777936603
    }
  ],
  "mean": {
    "mae": 0.040471059682797204,
    "mse": 0.002912354897275614,
    "rmse": 0.053718574927761525,
    "mape": 0.04744459951347063
  },
  "std": {
    "mae": 0.0034211671217632615,
    "mse": 0.0005371332179473252,
    "rmse": 0.005164262290597218,
    "mape": 0.0042734119700484985
  }
}