{
  "domain": "na_ion",
  "task": "soh_traj",
  "model": "timemixer",
  "splits": [
    {
      "mae": 0.011657300300500073,
      "mse": 0.0003629965246635732,
      "rmse": 0.019052467679111104,
      "mape": 0.01409834365294804
    },
    {
      "mae": 0.01318764168840598,
      "mse": 0.00025636366409971946,
      "rmse": 0.016011360469982538,
      "mape": 0.0160067049547806
    },
    {
      "mae": 0.014192529427290572,
      "mse": 0.00028741000305707585,
      "rmse": 0.016953170885031385,
      "mape": 0.01689798356138828
    }
  ],
  "mean": {
    "mae": 0.013012490472065541,
    "mse": 0.0003022567306067895,
    "rmse": 0.017338999678041676,
    "mape": 0.01566767738970564
  },
  "std": {
    "mae": 0.0010423867301441372,
    "mse": 4.4780655996454086e-05,
    "rmse": 0.00127114938998537,
    "mape": 0.0011678186707542433
  }
}