{
  "domain": "na_ion",
  "task": "soh_traj",
  "model": "timemixer",
  "splits": [
    {
      "mae": 0.018986361445742173,
      "mse": 0.0006383190029720896,
      "rmse": 0.025264975815782797,
      "mape": 0.02273914952582605
    },
    {
      "mae": 0.02348290096506537,
      "mse": 0.0019076102851223568,
      "rmse": 0.043676198153254554,
      "mape": 0.027268977195081884
    },
    {
      "mae": 0.02307172572151615,
      "mse": 0.000874567697339135,
      "rmse": 0.02957309076405669,
      "mape": 0.02783203062642444
    }
  ],
  "mean": {
    "mae": 0.021846996044107895,
    "mse": 0.0011401656618111938,
    "rmse": 0.032838088244364676,
    "mape": 0.02594671911577746
  },
  "std": {
    "mae": 0.0020297272393521603,
    "mse": 0.0005511695436581155,
    "rmse": 0.007862927080070877,
    "mape": 0.0022797125984682725
  }
}